{
  "type": "FeatureCollection",
  "generator": "overpass-turbo",
  "copyright": "The data included in this document is from www.openstreetmap.org. The data is made available under ODbL.",
  "timestamp": "2026-05-01T01:21:49Z",
  "features": [
    {
      "type": "Feature",
      "properties": {
        "@id": "relation/1465962",
        "amenity": "hospital",
        "healthcare": "hospital",
        "name": "Hopital Militaire",
        "type": "multipolygon",
        "@geometry": "center"
      },
      "geometry": {
        "type": "Point",
        "coordinates": [
          10.1781067,
          36.7855881
        ]
      },
      "id": "relation/1465962"
    },
    {
      "type": "Feature",
      "properties": {
        "@id": "relation/2405254",
        "amenity": "hospital",
        "building": "yes",
        "name": "المركز الوطني للزرع النخاع العظمي",
        "name:ar": "المركز الوطني للزرع النخاع العظمي",
        "name:fr": "Centre National de Greffe de Moelle Osseuse",
        "type": "multipolygon",
        "wikidata": "Q28961109",
        "@geometry": "center"
      },
      "geometry": {
        "type": "Point",
        "coordinates": [
          10.1566976,
          36.8051039
        ]
      },
      "id": "relation/2405254"
    },
    {
      "type": "Feature",
      "properties": {
        "@id": "relation/2884360",
        "addr:city": "Sevilla",
        "addr:housenumber": "3",
        "addr:postcode": "41001",
        "addr:street": "Calle Temprado",
        "amenity": "hospital",
        "building": "hospital",
        "healthcare": "hospital",
        "name": "Hospital de la Santa Caridad",
        "name:etymology:wikidata": "Q858907",
        "note": "La Iglesia y Hospital de la Santa Caridad es del siglo XVII y de estilo barroco sevillano. En este lugar tiene su sede la Hermandad de la Santa Caridad. Se encuentra situada en el barrio del Arenal, en el antiguo arrabal de la Carreteria, a extramuros de",
        "phone": "+34 954 22 32 32",
        "source:date": "2009",
        "tourism": "museum",
        "type": "multipolygon",
        "website": "https://www.santa-caridad.es/es/la-caridad-hoy/",
        "wikidata": "Q858907",
        "wikipedia": "es:Iglesia y Hospital de la Caridad (Sevilla)",
        "@geometry": "center"
      },
      "geometry": {
        "type": "Point",
        "coordinates": [
          -5.9952229,
          37.3840822
        ]
      },
      "id": "relation/2884360"
    },
    {
      "type": "Feature",
      "properties": {
        "@id": "relation/3387603",
        "addr:city": "Miliana",
        "addr:postcode": "44003",
        "addr:street": "Boulevard du 1er Novembre",
        "amenity": "hospital",
        "emergency": "yes",
        "healthcare": "hospital",
        "name": "Hôpital Fares Yahia",
        "name:ar": "مستشفى مليانة",
        "type": "multipolygon",
        "@geometry": "center"
      },
      "geometry": {
        "type": "Point",
        "coordinates": [
          2.2243137,
          36.3018974
        ]
      },
      "id": "relation/3387603"
    },
    {
      "type": "Feature",
      "properties": {
        "@id": "relation/4075323",
        "amenity": "hospital",
        "healthcare": "hospital",
        "name": "Centre provincial spécialisé de psychiatrie",
        "phone": "+212 6 61 11 36 74",
        "social_facility:for": "mental_health",
        "type": "multipolygon",
        "@geometry": "center"
      },
      "geometry": {
        "type": "Point",
        "coordinates": [
          -5.2634057,
          35.1689918
        ]
      },
      "id": "relation/4075323"
    },
    {
      "type": "Feature",
      "properties": {
        "@id": "relation/5484301",
        "addr:city": "Oran",
        "addr:postcode": "31000",
        "addr:street": "Rue des Frères Bouchakour",
        "amenity": "hospital",
        "emergency": "yes",
        "name": "Centre Hospitalier Universitaire d'Oran",
        "name:ar": "المركز الاستشفائي الجامعي وهران",
        "name:en": "Oran Hospital",
        "name:fr": "Centre Hospitalier Universitaire d'Oran",
        "phone": "+213 41 41 22 38",
        "short_name": "CHU Oran",
        "type": "multipolygon",
        "website": "http://www.sante.dz/CHU-Oran/",
        "@geometry": "center"
      },
      "geometry": {
        "type": "Point",
        "coordinates": [
          -0.6410936,
          35.6939365
        ]
      },
      "id": "relation/5484301"
    },
    {
      "type": "Feature",
      "properties": {
        "@id": "relation/6419100",
        "addr:city": "Aoulef",
        "addr:postcode": "01003",
        "amenity": "hospital",
        "emergency": "yes",
        "name": "Hôpital d'Aoulef",
        "name:ar": "المؤسسة الاستشفائية الجراحية باولف",
        "type": "multipolygon",
        "@geometry": "center"
      },
      "geometry": {
        "type": "Point",
        "coordinates": [
          1.0883602,
          26.9733904
        ]
      },
      "id": "relation/6419100"
    },
    {
      "type": "Feature",
      "properties": {
        "@id": "relation/6419313",
        "addr:city": "Aoulef",
        "addr:country": "DZ",
        "addr:postcode": "01003",
        "addr:state": "ADRAR",
        "addr:street": "Rue Place du Marché",
        "amenity": "hospital",
        "emergency": "yes",
        "name": "Polyclinique d'Aoulef",
        "name:ar": "المؤسسة الاستشفائية الجوارية اولف",
        "opening_hours": "Su-Th 08:00-16:00",
        "type": "multipolygon",
        "@geometry": "center"
      },
      "geometry": {
        "type": "Point",
        "coordinates": [
          1.0799646,
          26.9710287
        ]
      },
      "id": "relation/6419313"
    },
    {
      "type": "Feature",
      "properties": {
        "@id": "relation/6452262",
        "addr:postcode": "8500-338",
        "addr:street": "Estrada do Poço Seco",
        "amenity": "hospital",
        "building": "yes",
        "emergency": "yes",
        "healthcare": "hospital",
        "layer": "1",
        "name": "Centro Hospitalar e Universitário do Algarve-Hospital de Portimão",
        "phone": "+351 282 450 300",
        "type": "multipolygon",
        "@geometry": "center"
      },
      "geometry": {
        "type": "Point",
        "coordinates": [
          -8.5393979,
          37.1553911
        ]
      },
      "id": "relation/6452262"
    },
    {
      "type": "Feature",
      "properties": {
        "@id": "relation/7254235",
        "amenity": "hospital",
        "healthcare": "hospital",
        "healthcare:speciality": "biochemistry",
        "name": "institut pasteur",
        "type": "multipolygon",
        "@geometry": "center"
      },
      "geometry": {
        "type": "Point",
        "coordinates": [
          4.5410431,
          35.7299649
        ]
      },
      "id": "relation/7254235"
    },
    {
      "type": "Feature",
      "properties": {
        "@id": "relation/7675537",
        "amenity": "hospital",
        "barrier": "wall",
        "emergency": "yes",
        "healthcare": "hospital",
        "healthcare:speciality": "orthopaedics;hand_surgery;plastic_surgery;anaesthetics;cosmetic_surgery;trauma;physiotherapy;rhumatology;radiology;diagnostic_radiology;intensive_care",
        "name": "معهد محمد القصاب للجبر وتقويم الأعضاء",
        "name:ar": "معهد محمد القصاب للجبر وتقويم الأعضاء",
        "name:fr": "Institut \"Mohamed T. Kassab\" d'Orthopedie",
        "operator": "Ministère de la santé",
        "type": "multipolygon",
        "wikidata": "Q12244357",
        "@geometry": "center"
      },
      "geometry": {
        "type": "Point",
        "coordinates": [
          10.1030165,
          36.8139135
        ]
      },
      "id": "relation/7675537"
    },
    {
      "type": "Feature",
      "properties": {
        "@id": "relation/7758827",
        "addr:city": "Málaga",
        "amenity": "hospital",
        "healthcare": "hospital",
        "name": "Hospital Quirón",
        "operator": "Quirón",
        "operator:type": "private",
        "type": "multipolygon",
        "@geometry": "center"
      },
      "geometry": {
        "type": "Point",
        "coordinates": [
          -4.4575568,
          36.684377
        ]
      },
      "id": "relation/7758827"
    },
    {
      "type": "Feature",
      "properties": {
        "@id": "relation/7842767",
        "amenity": "hospital",
        "building": "yes",
        "emergency": "yes",
        "healthcare": "hospital",
        "name": "Clínica San Rafael",
        "type": "multipolygon",
        "website": "http://www.josemanuelpascualpascual.com/index.php?option=com_content&view=article&id=29&Itemid=23&lang=en",
        "@geometry": "center"
      },
      "geometry": {
        "type": "Point",
        "coordinates": [
          -6.3024607,
          36.5331489
        ]
      },
      "id": "relation/7842767"
    },
    {
      "type": "Feature",
      "properties": {
        "@id": "relation/8064063",
        "addr:city": "مدنين",
        "addr:postcode": "4100",
        "addr:street": "طريق تطاوين",
        "amenity": "hospital",
        "building": "yes",
        "emergency": "yes",
        "name": "الحبيب بورقيبة",
        "name:ar": "الحبيب بورقيبة",
        "name:de": "Habib Bourguiba",
        "name:en": "Habib Bourguiba",
        "name:fr": "Habib Bourguiba",
        "name:pl": "Habib Bourguiba",
        "name:ru": "Habib Bourguiba",
        "name:zh": "哈比卜·布尔吉巴",
        "phone": "+216 75 64 00 44",
        "type": "multipolygon",
        "@geometry": "center"
      },
      "geometry": {
        "type": "Point",
        "coordinates": [
          10.487706,
          33.3316428
        ]
      },
      "id": "relation/8064063"
    },
    {
      "type": "Feature",
      "properties": {
        "@id": "relation/8523622",
        "addr:city": "Almería",
        "addr:postcode": "04009",
        "addr:street": "Calle Hermandad de los Donantes de Sangre",
        "amenity": "hospital",
        "building": "hospital",
        "building:levels": "10",
        "emergency": "yes",
        "healthcare": "hospital",
        "healthcare:speciality": "general",
        "name": "Hospital Universitario Torrecárdenas",
        "network": "Servicio Andaluz de Salud",
        "network:short": "SAS",
        "operator": "Servicio Andaluz de Salud",
        "operator:type": "public",
        "type": "multipolygon",
        "wikidata": "Q87761433",
        "@geometry": "center"
      },
      "geometry": {
        "type": "Point",
        "coordinates": [
          -2.4411837,
          36.8626062
        ]
      },
      "id": "relation/8523622"
    },
    {
      "type": "Feature",
      "properties": {
        "@id": "relation/8838872",
        "addr:city": "غدامس",
        "addr:city:ar": "غدامس",
        "addr:city:fr": "Ghadamès",
        "amenity": "hospital",
        "emergency": "yes",
        "healthcare": "hospital",
        "name": "مستشفى غدامس",
        "name:ar": "مستشفى غدامس",
        "name:en": "Ghadames Hospital",
        "name:fr": "Hôpital de Ghadamès",
        "type": "multipolygon",
        "@geometry": "center"
      },
      "geometry": {
        "type": "Point",
        "coordinates": [
          9.4931346,
          30.1196429
        ]
      },
      "id": "relation/8838872"
    },
    {
      "type": "Feature",
      "properties": {
        "@id": "relation/9318450",
        "amenity": "hospital",
        "healthcare": "hospital",
        "name": "Hospital de Loulé",
        "name:de": "Loulé Krankenhaus",
        "name:en": "Loulé Hospital",
        "name:es": "Hospital de Loulé",
        "name:fr": "Hôpital de Loulé",
        "name:nl": "Loulé Ziekenhuis",
        "name:pt": "Hospital de Loulé",
        "type": "multipolygon",
        "@geometry": "center"
      },
      "geometry": {
        "type": "Point",
        "coordinates": [
          -8.021586,
          37.1371977
        ]
      },
      "id": "relation/9318450"
    },
    {
      "type": "Feature",
      "properties": {
        "@id": "relation/12305812",
        "addr:city": "Oum El Bouaghi",
        "addr:postcode": "04000",
        "addr:street": "نهج أول نوفمبر 1954",
        "amenity": "hospital",
        "barrier": "wall",
        "healthcare": "hospital",
        "healthcare:speciality": "emergency",
        "name": "مستشفى إبن سينا",
        "name:ar": "مستشفى إبن سينا",
        "name:en": "Iben Sina Hospital",
        "type": "multipolygon",
        "@geometry": "center"
      },
      "geometry": {
        "type": "Point",
        "coordinates": [
          7.1090798,
          35.8791593
        ]
      },
      "id": "relation/12305812"
    },
    {
      "type": "Feature",
      "properties": {
        "@id": "relation/14524400",
        "addr:city": "El Oued",
        "addr:postcode": "39000",
        "addr:street": "بلدية الوادي",
        "amenity": "hospital",
        "healthcare": "hospital",
        "healthcare:speciality": "cancer",
        "name": "المؤسسة العمومية الإستشفائية الجهوية لمعالجة مرض السرطان",
        "name:ar": "المؤسسة العمومية الإستشفائية الجهوية لمعالجة مرض السرطان",
        "name:fr": "CENTRE HOSPITALIER DE CANCÉROLOGIE",
        "type": "multipolygon",
        "@geometry": "center"
      },
      "geometry": {
        "type": "Point",
        "coordinates": [
          6.8526214,
          33.3412089
        ]
      },
      "id": "relation/14524400"
    },
    {
      "type": "Feature",
      "properties": {
        "@id": "relation/14530345",
        "amenity": "hospital",
        "healthcare": "hospital",
        "name": "مركز الصحة الأساسية حي الزهور",
        "name:ar": "مركز الصحة الأساسية حي الزهور",
        "name:fr": "مركز الصحة الأساسية حي الزهور",
        "type": "multipolygon",
        "@geometry": "center"
      },
      "geometry": {
        "type": "Point",
        "coordinates": [
          8.8374343,
          35.1558827
        ]
      },
      "id": "relation/14530345"
    },
    {
      "type": "Feature",
      "properties": {
        "@id": "relation/16379020",
        "amenity": "hospital",
        "healthcare": "hospital",
        "name": "مركز الصحة الاساسية بفوشانة",
        "name:ar": "مركز الصحة الاساسية بفوشانة",
        "name:fr": "Hôpital régional de fouchana",
        "type": "multipolygon",
        "@geometry": "center"
      },
      "geometry": {
        "type": "Point",
        "coordinates": [
          10.1696969,
          36.6973566
        ]
      },
      "id": "relation/16379020"
    },
    {
      "type": "Feature",
      "properties": {
        "@id": "relation/16704069",
        "addr:city": "تونس",
        "amenity": "hospital",
        "email": "cnomdt@gmail.com",
        "healthcare": "hospital",
        "height": "25'",
        "name": "عمادة أطباء الأسنان بتونس",
        "name:ar": "عمادة أطباء الأسنان بتونس",
        "name:fr": "Ordre des Médecins Dentistes de Tunisie",
        "phone": "0021671353638",
        "type": "multipolygon",
        "website": "https://www.cnomdt.tn/",
        "@geometry": "center"
      },
      "geometry": {
        "type": "Point",
        "coordinates": [
          10.1814537,
          36.7970581
        ]
      },
      "id": "relation/16704069"
    },
    {
      "type": "Feature",
      "properties": {
        "@id": "relation/17714490",
        "amenity": "hospital",
        "building": "hospital",
        "emergency": "no",
        "healthcare": "hospital",
        "name": "Zouje Aayoun",
        "name:ar": "مصحة زوج عيون",
        "name:fr": "Zouje Aayoun",
        "type": "multipolygon",
        "@geometry": "center"
      },
      "geometry": {
        "type": "Point",
        "coordinates": [
          3.0610072,
          36.7879097
        ]
      },
      "id": "relation/17714490"
    },
    {
      "type": "Feature",
      "properties": {
        "@id": "relation/20575144",
        "addr:city": "El Retamar",
        "addr:postcode": "04131",
        "addr:street": "Camino de la Botica",
        "amenity": "hospital",
        "building": "yes",
        "building:levels": "3",
        "emergency": "yes",
        "healthcare": "hospital",
        "name": "Hospital de Alta Resolución El Toyo",
        "network": "Servicio Andaluz de Salud",
        "network:short": "SAS",
        "operator:type": "public",
        "type": "multipolygon",
        "wheelchair": "yes",
        "wikidata": "Q5903008",
        "@geometry": "center"
      },
      "geometry": {
        "type": "Point",
        "coordinates": [
          -2.3126418,
          36.8507755
        ]
      },
      "id": "relation/20575144"
    },
    {
      "type": "Feature",
      "properties": {
        "@id": "way/24505936",
        "amenity": "hospital",
        "healthcare": "hospital",
        "name": "Hôpital de maternité",
        "name:en": "Maternity Hospital",
        "@geometry": "center"
      },
      "geometry": {
        "type": "Point",
        "coordinates": [
          6.6391664,
          36.3629165
        ]
      },
      "id": "way/24505936"
    },
    {
      "type": "Feature",
      "properties": {
        "@id": "way/26253281",
        "amenity": "hospital",
        "emergency": "yes",
        "healthcare": "hospital",
        "name": "مستشفى الهادي فليسي القطار",
        "name:ar": "مستشفى الهادي فليسي القطار",
        "name:fr": "Hôpital El Hadi Flici (El Kettar)",
        "@geometry": "center"
      },
      "geometry": {
        "type": "Point",
        "coordinates": [
          3.0516452,
          36.7851566
        ]
      },
      "id": "way/26253281"
    },
    {
      "type": "Feature",
      "properties": {
        "@id": "way/26456258",
        "addr:city": "Bab El Oued",
        "addr:postcode": "16009",
        "addr:street": "Boulevard Touati Saïd",
        "addr:suburb": "Bab El Oued",
        "amenity": "hospital",
        "emergency": "yes",
        "healthcare": "hospital",
        "name": "Hôpital Mohamed Lamine Debaghine",
        "name:ar": "مستشفى محمد لمين دباغين",
        "name:en": "Mohamed Lamine Debaghine Hospital",
        "name:fr": "Hôpital Mohamed Lamine Debaghine",
        "old_name": "Hôpital Maillot",
        "operator": "Ministère de la santé de la population et de la réforme hospitalière",
        "phone": "+213 21 96 42 53",
        "website": "https://www.chubabeloued.com/",
        "wikidata": "Q43896359",
        "@geometry": "center"
      },
      "geometry": {
        "type": "Point",
        "coordinates": [
          3.0488245,
          36.794844
        ]
      },
      "id": "way/26456258"
    },
    {
      "type": "Feature",
      "properties": {
        "@id": "way/27350566",
        "addr:city": "Almería",
        "addr:milestone": "Km. 1",
        "addr:postcode": "04009",
        "addr:street": "Carretera de El Mamí a Viator",
        "amenity": "hospital",
        "building": "yes",
        "emergency": "yes",
        "healthcare": "hospital",
        "healthcare:speciality": "general",
        "name": "Hospital Vithas Virgen del Mar",
        "phone": "+34950217100",
        "website": "https://www.vithas.es/Almeria/detal",
        "wikidata": "Q87761435",
        "@geometry": "center"
      },
      "geometry": {
        "type": "Point",
        "coordinates": [
          -2.4176347,
          36.8561694
        ]
      },
      "id": "way/27350566"
    },
    {
      "type": "Feature",
      "properties": {
        "@id": "way/27944768",
        "addr:city": "Hammam Sousse",
        "addr:postcode": "4011",
        "addr:street": "Route de la Ceinture",
        "amenity": "hospital",
        "healthcare": "hospital",
        "name": "المستشفى الجامعي بسهلول",
        "name:ar": "المستشفى الجامعي بسهلول",
        "name:en": "Sahloul University Hospital",
        "name:fr": "Hôpital Universitaire Sahloul",
        "phone": "+216 73 241 411",
        "wheelchair": "yes",
        "wikidata": "Q30254035",
        "wikimedia_commons": "Category:Hôpital Sahloul",
        "@geometry": "center"
      },
      "geometry": {
        "type": "Point",
        "coordinates": [
          10.5903678,
          35.837203
        ]
      },
      "id": "way/27944768"
    },
    {
      "type": "Feature",
      "properties": {
        "@id": "way/28747473",
        "amenity": "hospital",
        "healthcare": "hospital",
        "name": "مركز الرعاية الصحية بالحاجب",
        "name:ar": "مركز الرعاية الصحية بالحاجب",
        "name:fr": "Centre de Santé El Hajeb",
        "opening_hours": "Mo-Fr 07:30-17:00; Sa 07:30-14:00",
        "@geometry": "center"
      },
      "geometry": {
        "type": "Point",
        "coordinates": [
          10.6463323,
          34.7180875
        ]
      },
      "id": "way/28747473"
    },
    {
      "type": "Feature",
      "properties": {
        "@id": "way/28825181",
        "addr:city": "Alger",
        "addr:postcode": "16040",
        "addr:street": "Rue Boudjemâa Moghni",
        "addr:suburb": "Hussein Dey",
        "amenity": "hospital",
        "emergency": "yes",
        "healthcare": "hospital",
        "name": "مستشفى الجامعي نفيسة حمود",
        "name:ar": "مستشفى الجامعي نفيسة حمود",
        "name:en": "Nafissa Hamoud Hospital",
        "name:fr": "Hôpital Nafissa Hamoud",
        "old_name": "Parnet",
        "phone": "+213 21 49 56 56",
        "@geometry": "center"
      },
      "geometry": {
        "type": "Point",
        "coordinates": [
          3.1055043,
          36.7361663
        ]
      },
      "id": "way/28825181"
    },
    {
      "type": "Feature",
      "properties": {
        "@id": "way/28919252",
        "addr:city": "Alger Centre",
        "addr:city:fr": "Alger Centre",
        "addr:postcode": "16000",
        "addr:street": "Place du 1er Mai 1945",
        "addr:street:fr": "Place du 1er Mai 1945",
        "addr:suburb": "Sidi M'hamed",
        "addr:suburb:fr": "Sidi M'hamed",
        "amenity": "hospital",
        "emergency": "yes",
        "healthcare": "hospital",
        "name": "المستشفى الجامعي مصطفى باشا",
        "name:ar": "المستشفى الجامعي مصطفى باشا",
        "name:fr": "Hôpital Mustapha Pacha",
        "operator": "Ministère de la Santé et de la Réforme hospitalière",
        "operator:fr": "Ministère de la Santé et de la Réforme hospitalière",
        "wikidata": "Q3145181",
        "wikimedia_commons": "Category:Mustapha Pacha Hospital",
        "wikipedia": "fr:Hôpital Mustapha Pacha",
        "@geometry": "center"
      },
      "geometry": {
        "type": "Point",
        "coordinates": [
          3.0535857,
          36.7618001
        ]
      },
      "id": "way/28919252"
    },
    {
      "type": "Feature",
      "properties": {
        "@id": "way/30350387",
        "amenity": "hospital",
        "emergency": "yes",
        "name": "Hôpital Salim Zemirli",
        "name:ar": "مستشفى سليم زميرلي",
        "@geometry": "center"
      },
      "geometry": {
        "type": "Point",
        "coordinates": [
          3.1236938,
          36.7032844
        ]
      },
      "id": "way/30350387"
    },
    {
      "type": "Feature",
      "properties": {
        "@id": "way/35778595",
        "addr:city": "Málaga",
        "addr:place": "Teatinos-Universidad",
        "addr:postcode": "29010",
        "amenity": "hospital",
        "designation": "Hospital Universitario Virgen de la Victoria",
        "emergency": "yes",
        "healthcare": "hospital",
        "name": "Hospital Clínico Universitario Virgen de la Victoria",
        "network": "Servicio Andaluz de Salud",
        "network:short": "SAS",
        "operator:type": "public",
        "phone": "+34 951 03 20 00",
        "website": "http://www.huv.es",
        "wikidata": "Q5902584",
        "wikimedia_commons": "Category:Hospital Universitario Virgen de la Victoria (Málaga)",
        "wikipedia": "es:Hospital Virgen de la Victoria (Málaga)",
        "@geometry": "center"
      },
      "geometry": {
        "type": "Point",
        "coordinates": [
          -4.4779726,
          36.7180713
        ]
      },
      "id": "way/35778595"
    },
    {
      "type": "Feature",
      "properties": {
        "@id": "way/38224201",
        "addr:city": "Alger",
        "addr:postcode": "16044",
        "addr:street": "Boulevard Brahim Hadjeres",
        "addr:suburb": "Beni Messous",
        "amenity": "hospital",
        "emergency": "yes",
        "healthcare": "hospital",
        "healthcare:speciality": "general;psychiatry;chiropractic;paediatrics;dentistry;vaccination;biology;radiology;orthopaedics;ophthalmology;intensive;emergency;gynaecology;dialysis;cardiology;surgery;dermatology;orthodontics;oncology;community;osteopathy;internal;maternity;physiatry",
        "name": "المركز الاستشفائي الجامعي بني مسوس",
        "name:ar": "المركز الاستشفائي الجامعي بني مسوس",
        "name:en": "Beni Messous Hospital",
        "name:fr": "Hôpital de Beni Messous",
        "wheelchair": "yes",
        "@geometry": "center"
      },
      "geometry": {
        "type": "Point",
        "coordinates": [
          2.9809669,
          36.7790264
        ]
      },
      "id": "way/38224201"
    },
    {
      "type": "Feature",
      "properties": {
        "@id": "way/39356732",
        "amenity": "hospital",
        "healthcare": "hospital",
        "name": "Hospital FREMAP",
        "@geometry": "center"
      },
      "geometry": {
        "type": "Point",
        "coordinates": [
          -5.9745411,
          37.3424421
        ]
      },
      "id": "way/39356732"
    },
    {
      "type": "Feature",
      "properties": {
        "@id": "way/39885842",
        "amenity": "hospital",
        "healthcare": "hospital",
        "name": "Hospital el Tomillar",
        "wikidata": "Q87762476",
        "@geometry": "center"
      },
      "geometry": {
        "type": "Point",
        "coordinates": [
          -5.9007344,
          37.2980615
        ]
      },
      "id": "way/39885842"
    },
    {
      "type": "Feature",
      "properties": {
        "@id": "way/39991557",
        "amenity": "hospital",
        "barrier": "fence",
        "emergency": "yes",
        "healthcare": "hospital",
        "name": "Hospital Universitario Virgen del Rocío",
        "name:en": "University Hospital Virgen del Rocio",
        "operator:type": "public",
        "website": "https://www.huvr.es/",
        "wheelchair": "yes",
        "wikidata": "Q3145371",
        "@geometry": "center"
      },
      "geometry": {
        "type": "Point",
        "coordinates": [
          -5.9792168,
          37.3630459
        ]
      },
      "id": "way/39991557"
    },
    {
      "type": "Feature",
      "properties": {
        "@id": "way/40072354",
        "amenity": "hospital",
        "emergency": "yes",
        "name": "Hopital Douira",
        "@geometry": "center"
      },
      "geometry": {
        "type": "Point",
        "coordinates": [
          2.9404112,
          36.6674932
        ]
      },
      "id": "way/40072354"
    },
    {
      "type": "Feature",
      "properties": {
        "@id": "way/42692294",
        "amenity": "hospital",
        "emergency": "yes",
        "healthcare": "hospital",
        "name": "Hôpital Ben Adjila",
        "name:ar": "مستشفى احميدة بن عجيلة",
        "name:en": "Ahmaida Ben Adjila Hospital",
        "name:fr": "Hôpital Ahmaida Ben Adjila",
        "@geometry": "center"
      },
      "geometry": {
        "type": "Point",
        "coordinates": [
          2.8581161,
          33.8060764
        ]
      },
      "id": "way/42692294"
    },
    {
      "type": "Feature",
      "properties": {
        "@id": "way/43844510",
        "addr:city": "الأغواط",
        "addr:city:ar": "الأغواط",
        "amenity": "hospital",
        "healthcare": "hospital",
        "name": "المؤسسات الجزائرية المصغرة",
        "name:ar": "المؤسسات الجزائرية المصغرة",
        "name:fr": "PME",
        "@geometry": "center"
      },
      "geometry": {
        "type": "Point",
        "coordinates": [
          2.8690665,
          33.8012457
        ]
      },
      "id": "way/43844510"
    },
    {
      "type": "Feature",
      "properties": {
        "@id": "way/43844515",
        "addr:postcode": "03000",
        "addr:street": "Av. Docteur Sadanne",
        "amenity": "hospital",
        "healthcare": "hospital",
        "name": "Hopital Maternité",
        "name:ar": "مستشفى الأمومة",
        "name:fr": "Hôpital Maternité",
        "opening_hours": "24/7",
        "@geometry": "center"
      },
      "geometry": {
        "type": "Point",
        "coordinates": [
          2.8731265,
          33.8035535
        ]
      },
      "id": "way/43844515"
    },
    {
      "type": "Feature",
      "properties": {
        "@id": "way/44051865",
        "amenity": "hospital",
        "healthcare": "hospital",
        "name": "مستشفى الحبيب بورقيبة بصفاقس",
        "name:ar": "مستشفى الحبيب بورقيبة بصفاقس",
        "name:fr": "Hôpital Habib Bourguiba",
        "opening_hours": "24/7",
        "wikidata": "Q30254315",
        "@geometry": "center"
      },
      "geometry": {
        "type": "Point",
        "coordinates": [
          10.7483544,
          34.7404268
        ]
      },
      "id": "way/44051865"
    },
    {
      "type": "Feature",
      "properties": {
        "@id": "way/44051866",
        "addr:city": "Sfax",
        "addr:housenumber": "Km 0,5",
        "addr:street": "Route El Ain",
        "amenity": "hospital",
        "healthcare": "hospital",
        "name": "مستشفى الهادي شاكر بصفاقس",
        "name:ar": "مستشفى الهادي شاكر بصفاقس",
        "name:fr": "Hôpital Hédi Chaker",
        "opening_hours": "24/7",
        "phone": "+216 74 242 181",
        "wikidata": "Q30279837",
        "@geometry": "center"
      },
      "geometry": {
        "type": "Point",
        "coordinates": [
          10.7501559,
          34.7409343
        ]
      },
      "id": "way/44051866"
    },
    {
      "type": "Feature",
      "properties": {
        "@id": "way/44051867",
        "amenity": "hospital",
        "healthcare": "hospital",
        "name": "قسم أمراض النساء و التوليد",
        "name:ar": "قسم أمراض النساء و التوليد",
        "name:fr": "Département de Gynécologie et Maternité",
        "opening_hours": "24/7",
        "@geometry": "center"
      },
      "geometry": {
        "type": "Point",
        "coordinates": [
          10.7507428,
          34.7399203
        ]
      },
      "id": "way/44051867"
    },
    {
      "type": "Feature",
      "properties": {
        "@id": "way/45172163",
        "amenity": "hospital",
        "name": "Hospital San Juan de Dios",
        "source": "ide.Sevilla",
        "source:date": "2011",
        "wikidata": "Q63954238",
        "wikimedia_commons": "Category:Hospital de San Juan de Dios, Sevilla",
        "wikipedia": "es:Hospital San Juan de Dios (Sevilla)",
        "@geometry": "center"
      },
      "geometry": {
        "type": "Point",
        "coordinates": [
          -5.9691634,
          37.3814519
        ]
      },
      "id": "way/45172163"
    },
    {
      "type": "Feature",
      "properties": {
        "@id": "way/46791011",
        "amenity": "hospital",
        "healthcare": "hospital",
        "name": "Hospital Ibn Zohr",
        "@geometry": "center"
      },
      "geometry": {
        "type": "Point",
        "coordinates": [
          -7.9954698,
          31.6181626
        ]
      },
      "id": "way/46791011"
    },
    {
      "type": "Feature",
      "properties": {
        "@id": "way/55035272",
        "addr:street": "شارع دحمون محفوظ",
        "addr:street:ar": "شارع دحمون محفوظ",
        "amenity": "hospital",
        "emergency": "yes",
        "healthcare": "hospital",
        "name": "Hôpital de Birtraria",
        "name:ar": "مستشفى بئر طرارية",
        "name:fr": "Hôpital de Birtraria",
        "opening_hours": "24/7",
        "@geometry": "center"
      },
      "geometry": {
        "type": "Point",
        "coordinates": [
          3.0404437,
          36.7737258
        ]
      },
      "id": "way/55035272"
    },
    {
      "type": "Feature",
      "properties": {
        "@id": "way/61328188",
        "addr:city": "Málaga",
        "addr:housenumber": "2",
        "addr:postcode": "29016",
        "addr:street": "Avenida Pintor Joaquín Sorolla",
        "amenity": "hospital",
        "healthcare": "hospital",
        "name": "Hospital Vithas Parque San Antonio",
        "operator": "Vithas Hospitales",
        "website": "https://www.vithas.es/",
        "wheelchair": "limited",
        "wikidata": "Q87762152",
        "@geometry": "center"
      },
      "geometry": {
        "type": "Point",
        "coordinates": [
          -4.3972673,
          36.7227555
        ]
      },
      "id": "way/61328188"
    },
    {
      "type": "Feature",
      "properties": {
        "@id": "way/65753512",
        "addr:city": "Osuna",
        "addr:housenumber": "2",
        "addr:postcode": "41640",
        "addr:street": "Avenida de la Constitución",
        "amenity": "hospital",
        "emergency": "yes",
        "healthcare": "hospital",
        "name": "Hospital Comarcal de la Merced",
        "operator:type": "public",
        "wheelchair": "limited",
        "@geometry": "center"
      },
      "geometry": {
        "type": "Point",
        "coordinates": [
          -5.0958464,
          37.2322589
        ]
      },
      "id": "way/65753512"
    },
    {
      "type": "Feature",
      "properties": {
        "@id": "way/66496552",
        "addr:place": "Plaza Hospital Civil",
        "addr:postcode": "29009",
        "amenity": "hospital",
        "emergency": "yes",
        "healthcare": "hospital",
        "name": "Hospital Civil",
        "nohousenumber": "yes",
        "operator:type": "public",
        "wikidata": "Q87762147",
        "@geometry": "center"
      },
      "geometry": {
        "type": "Point",
        "coordinates": [
          -4.4325295,
          36.7279086
        ]
      },
      "id": "way/66496552"
    },
    {
      "type": "Feature",
      "properties": {
        "@id": "way/70850301",
        "addr:city": "Sevilla",
        "addr:postcode": "41012",
        "addr:street": "Avenida de Jerez",
        "amenity": "hospital",
        "building": "hospital",
        "healthcare": "hospital",
        "name": "Hospital Dr. Muñoz Cariñanos",
        "nohousenumber": "yes",
        "operator": "Junta de Andalucía",
        "operator:type": "public/government",
        "@geometry": "center"
      },
      "geometry": {
        "type": "Point",
        "coordinates": [
          -5.9714865,
          37.3460928
        ]
      },
      "id": "way/70850301"
    },
    {
      "type": "Feature",
      "properties": {
        "@id": "way/71002004",
        "amenity": "hospital",
        "healthcare": "hospital",
        "healthcare:speciality": "psychiatry;ophthalmology;orthopaedics;dermatology;surgery;internal;anaesthetics;blood_check;paediatric_surgery;plastic_surgery;urology;trauma;otolaryngology",
        "name": "Hospital de San Lázaro",
        "wikidata": "Q87762465",
        "@geometry": "center"
      },
      "geometry": {
        "type": "Point",
        "coordinates": [
          -5.982204,
          37.4144237
        ]
      },
      "id": "way/71002004"
    },
    {
      "type": "Feature",
      "properties": {
        "@id": "way/71816173",
        "addr:city": "Bir El Djir",
        "addr:city:fr": "Bir El Djir",
        "amenity": "hospital",
        "emergency": "yes",
        "healthcare": "hospital",
        "name": "EHU USTO - 1 Novembre",
        "name:ar": "المؤسسة العمومية الإستشفائية أول نوفمبر",
        "name:fr": "EHU USTO - 1 Novembre",
        "operator": "Ministère de la Santé",
        "operator:fr": "Ministère de la Santé",
        "operator:type": "university",
        "operator:wikidata": "Q17639127",
        "operator:wikipedia": "fr:Ministère de la Santé (Algérie)",
        "@geometry": "center"
      },
      "geometry": {
        "type": "Point",
        "coordinates": [
          -0.5827737,
          35.6993243
        ]
      },
      "id": "way/71816173"
    },
    {
      "type": "Feature",
      "properties": {
        "@id": "way/75056174",
        "amenity": "hospital",
        "building": "yes",
        "emergency": "yes",
        "healthcare": "hospital",
        "name": "Hospital de Alta resolución",
        "operator:type": "public",
        "@geometry": "center"
      },
      "geometry": {
        "type": "Point",
        "coordinates": [
          -3.9314535,
          37.4541208
        ]
      },
      "id": "way/75056174"
    },
    {
      "type": "Feature",
      "properties": {
        "@id": "way/75731778",
        "addr:postcode": "29010",
        "addr:street": "Avenida Carlos de Haya",
        "amenity": "hospital",
        "emergency": "yes",
        "healthcare": "hospital",
        "name": "Hospital Regional Universitario de Málaga",
        "name:en": "University Regional Hospital of Málaga",
        "nohousenumber": "yes",
        "old_name": "Hospital Carlos de Haya",
        "operator:type": "public",
        "wikidata": "Q6444828",
        "wikipedia": "es:Hospital Universitario Regional de Málaga",
        "@geometry": "center"
      },
      "geometry": {
        "type": "Point",
        "coordinates": [
          -4.4497428,
          36.7231299
        ]
      },
      "id": "way/75731778"
    },
    {
      "type": "Feature",
      "properties": {
        "@id": "way/79683719",
        "amenity": "hospital",
        "emergency": "yes",
        "healthcare": "hospital",
        "name": "Hospital Universitario Virgen de Valme",
        "operator:type": "public",
        "@geometry": "center"
      },
      "geometry": {
        "type": "Point",
        "coordinates": [
          -5.9711948,
          37.3195949
        ]
      },
      "id": "way/79683719"
    },
    {
      "type": "Feature",
      "properties": {
        "@id": "way/80870254",
        "amenity": "hospital",
        "building": "yes",
        "building:colour": "beige",
        "check_date": "2025-01-15",
        "name": "Hospital San Agustín",
        "wheelchair": "yes",
        "@geometry": "center"
      },
      "geometry": {
        "type": "Point",
        "coordinates": [
          -5.9359854,
          37.2807132
        ]
      },
      "id": "way/80870254"
    },
    {
      "type": "Feature",
      "properties": {
        "@id": "way/87265858",
        "addr:city": "مرسى بن مهيدي",
        "amenity": "hospital",
        "healthcare": "hospital",
        "name": "مستوصف مرسى بن مهيدي",
        "name:ar": "مستوصف مرسى بن مهيدي",
        "name:fr": "Polyclinique Marsa Ben M'hidi",
        "opening_hours": "24/7",
        "@geometry": "center"
      },
      "geometry": {
        "type": "Point",
        "coordinates": [
          -2.2019521,
          35.0814244
        ]
      },
      "id": "way/87265858"
    },
    {
      "type": "Feature",
      "properties": {
        "@id": "way/87771806",
        "addr:city": "Ghazaouet",
        "addr:street": "Ouled Ziri",
        "amenity": "hospital",
        "barrier": "wall",
        "name": "Hôpital Maalem Lahcen",
        "phone": "+213 (0)43 32 64 28",
        "@geometry": "center"
      },
      "geometry": {
        "type": "Point",
        "coordinates": [
          -1.8588316,
          35.0885421
        ]
      },
      "id": "way/87771806"
    },
    {
      "type": "Feature",
      "properties": {
        "@id": "way/88006847",
        "amenity": "hospital",
        "building": "yes",
        "healthcare": "hospital",
        "name": "polyclinique Khouriba",
        "@geometry": "center"
      },
      "geometry": {
        "type": "Point",
        "coordinates": [
          -1.7688127,
          35.0329331
        ]
      },
      "id": "way/88006847"
    },
    {
      "type": "Feature",
      "properties": {
        "@id": "way/91736991",
        "addr:city": "منوبة",
        "addr:country": "TN",
        "addr:governorate": "Manouba",
        "addr:housename": "Hôpital Razi",
        "addr:housenumber": "1",
        "addr:postcode": "2010",
        "addr:street": "نهج البرتقال",
        "amenity": "hospital",
        "barrier": "wall",
        "leisure": "garden",
        "name": "مستشفى الرازي",
        "name:ar": "مستشفى الرازي",
        "name:en": "AL RAZI Hospital",
        "name:fr": "Hôpital Razi",
        "wikidata": "Q30279976",
        "@geometry": "center"
      },
      "geometry": {
        "type": "Point",
        "coordinates": [
          10.0830765,
          36.8108089
        ]
      },
      "id": "way/91736991"
    },
    {
      "type": "Feature",
      "properties": {
        "@id": "way/91792851",
        "amenity": "hospital",
        "building": "yes",
        "healthcare": "hospital",
        "name": "Centro de consultas externas Bola Azul",
        "wikidata": "Q109289140",
        "@geometry": "center"
      },
      "geometry": {
        "type": "Point",
        "coordinates": [
          -2.4515858,
          36.8483316
        ]
      },
      "id": "way/91792851"
    },
    {
      "type": "Feature",
      "properties": {
        "@id": "way/93276413",
        "addr:housenumber": "129",
        "addr:street": "Avenida Dom Sebastião",
        "amenity": "hospital",
        "building": "yes",
        "check_date": "2024-08-19",
        "contact:phone": "+351 282 770 100",
        "contact:website": "https://www.chualgarve.min-saude.pt/contactos/",
        "emergency": "yes",
        "healthcare": "hospital",
        "name": "Hospital Terras do Infante",
        "operator:type": "public",
        "@geometry": "center"
      },
      "geometry": {
        "type": "Point",
        "coordinates": [
          -8.6820705,
          37.0978863
        ]
      },
      "id": "way/93276413"
    },
    {
      "type": "Feature",
      "properties": {
        "@id": "way/93674308",
        "amenity": "hospital",
        "emergency": "yes",
        "healthcare": "hospital",
        "healthcare:speciality": "surgery;paediatrics;radiology;psychiatry;internal_medicine;intensive_care;orthopaedics;trauma;rhumatology;acupuncture;gastroenterology;cardiology",
        "name": "مستشفى المنجي سليم",
        "name:ar": "مستشفى المنجي سليم",
        "name:en": "Hospital Mongi Slim",
        "name:fr": "CHU Mongi Slim",
        "wikidata": "Q12242626",
        "wikipedia": "ar:مستشفى المنجي سليم بالمرسى",
        "@geometry": "center"
      },
      "geometry": {
        "type": "Point",
        "coordinates": [
          10.291253,
          36.8670591
        ]
      },
      "id": "way/93674308"
    },
    {
      "type": "Feature",
      "properties": {
        "@id": "way/95130017",
        "amenity": "hospital",
        "healthcare": "hospital",
        "name": "مستشفى عزيزة عثمانة",
        "name:ar": "مستشفى عزيزة عثمانة",
        "name:fr": "Hôpital Aziza Othmana",
        "phone": "+216 71 151 300",
        "wikidata": "Q4027024",
        "wikimedia_commons": "Category:Hôpital Aziza Othmana",
        "@geometry": "center"
      },
      "geometry": {
        "type": "Point",
        "coordinates": [
          10.1688067,
          36.7967248
        ]
      },
      "id": "way/95130017"
    },
    {
      "type": "Feature",
      "properties": {
        "@id": "way/95130049",
        "addr:city": "تونس",
        "amenity": "hospital",
        "emergency": "yes",
        "healthcare": "hospital",
        "name": "مستشفى شارل نيكول",
        "name:ar": "مستشفى شارل نيكول",
        "name:en": "Charles Nicolle Hospital",
        "name:fr": "Hôpital Charles Nicolle",
        "wikidata": "Q3145149",
        "wikimedia_commons": "Category:Hôpital Charles Nicolle",
        "wikipedia": "ar:مستشفى شارل نيكول",
        "@geometry": "center"
      },
      "geometry": {
        "type": "Point",
        "coordinates": [
          10.1607361,
          36.8027158
        ]
      },
      "id": "way/95130049"
    },
    {
      "type": "Feature",
      "properties": {
        "@id": "way/95139152",
        "amenity": "hospital",
        "barrier": "wall",
        "name": "مستشفى الرابطة",
        "name:ar": "مستشفى الرابطة",
        "name:fr": "Hôpital La Rabta",
        "wikidata": "Q12242607",
        "@geometry": "center"
      },
      "geometry": {
        "type": "Point",
        "coordinates": [
          10.1550655,
          36.8022858
        ]
      },
      "id": "way/95139152"
    },
    {
      "type": "Feature",
      "properties": {
        "@id": "way/95199308",
        "addr:city": "تونس",
        "addr:city:ar": "تونس",
        "amenity": "hospital",
        "name": "المستشفى العسكري الأصلي للتعليم بتونس",
        "name:ar": "المستشفى العسكري الأصلي للتعليم بتونس",
        "name:fr": "Hôpital Militaire Principal d'Instruction de Tunis",
        "opening_hours": "24/7",
        "phone": "+216 71 391 133",
        "website": "http://www.hopmil.defense.tn/",
        "wikidata": "Q16508249",
        "wikimedia_commons": "Category:Military hospital of Tunis",
        "wikipedia": "fr:Hôpital militaire de Tunis",
        "@geometry": "center"
      },
      "geometry": {
        "type": "Point",
        "coordinates": [
          10.1785617,
          36.7859024
        ]
      },
      "id": "way/95199308"
    },
    {
      "type": "Feature",
      "properties": {
        "@id": "way/101011882",
        "addr:city": "تونس",
        "addr:city:ar": "تونس",
        "amenity": "hospital",
        "name": "مستشفى خير الدين",
        "name:ar": "مستشفى خير الدين",
        "name:en": "Kheireddine Hospital",
        "name:fr": "Hôpital Kheireddine",
        "@geometry": "center"
      },
      "geometry": {
        "type": "Point",
        "coordinates": [
          10.3156622,
          36.8291495
        ]
      },
      "id": "way/101011882"
    },
    {
      "type": "Feature",
      "properties": {
        "@id": "way/101839634",
        "addr:city": "Tunis-Les Berges du Lac",
        "addr:country": "TN",
        "addr:housename": "Polyclinique Les Berges du Lac",
        "addr:neighbourhood": "Les Berges du Lac",
        "addr:postcode": "1053",
        "addr:street": "Rue du Lac de Constance",
        "alt_name": "Clinique Les Berges du Lac",
        "amenity": "hospital",
        "email": "polyclinique.lac@gnet.tn",
        "fax": "+216 71 960 309",
        "name": "Polyclinique Les Berges du Lac",
        "name:fr": "Polyclinique Les Berges du Lac",
        "phone": "+216 71 960 000",
        "website": "http://www.polyclinique-lac.com/",
        "@geometry": "center"
      },
      "geometry": {
        "type": "Point",
        "coordinates": [
          10.2309188,
          36.8319366
        ]
      },
      "id": "way/101839634"
    },
    {
      "type": "Feature",
      "properties": {
        "@id": "way/102634580",
        "amenity": "hospital",
        "healthcare": "hospital",
        "name": "المركز المندمج للشباب والطفولة بالخضراء",
        "name:ar": "المركز المندمج للشباب والطفولة بالخضراء",
        "name:fr": "Centre d'Enfants Bourguiba",
        "@geometry": "center"
      },
      "geometry": {
        "type": "Point",
        "coordinates": [
          10.1922241,
          36.8299282
        ]
      },
      "id": "way/102634580"
    },
    {
      "type": "Feature",
      "properties": {
        "@id": "way/104536595",
        "addr:city": "El Omrane",
        "addr:street": "Boulevard Mohamed Bouazizi",
        "alt_name": "Clinique Taoufik",
        "amenity": "hospital",
        "barrier": "fence",
        "name": "مصحة التوفيق",
        "name:ar": "مصحة التوفيق",
        "name:fr": "Polyclinique Taoufik",
        "phone": "+216 71 848 211",
        "@geometry": "center"
      },
      "geometry": {
        "type": "Point",
        "coordinates": [
          10.1557946,
          36.8319442
        ]
      },
      "id": "way/104536595"
    },
    {
      "type": "Feature",
      "properties": {
        "@id": "way/105658867",
        "amenity": "hospital",
        "name": "مركز الطب الرياضي",
        "name:ar": "مركز الطب الرياضي",
        "name:fr": "Centre de Médecine du Sport",
        "@geometry": "center"
      },
      "geometry": {
        "type": "Point",
        "coordinates": [
          10.1914372,
          36.8407088
        ]
      },
      "id": "way/105658867"
    },
    {
      "type": "Feature",
      "properties": {
        "@id": "way/105658898",
        "addr:city": "تونس",
        "addr:city:ar": "تونس",
        "amenity": "hospital",
        "healthcare": "hospital",
        "language:ar": "main",
        "name": "الصيدلية المركزية",
        "name:ar": "الصيدلية المركزية",
        "name:fr": "Pharmacie Centrale",
        "@geometry": "center"
      },
      "geometry": {
        "type": "Point",
        "coordinates": [
          10.1812123,
          36.83338
        ]
      },
      "id": "way/105658898"
    },
    {
      "type": "Feature",
      "properties": {
        "@id": "way/106513506",
        "amenity": "hospital",
        "healthcare": "hospital",
        "name": "المستشفى الجهوي برادس",
        "name:ar": "المستشفى الجهوي برادس",
        "name:fr": "Hôpital Régionale de Radès",
        "@geometry": "center"
      },
      "geometry": {
        "type": "Point",
        "coordinates": [
          10.2610136,
          36.7660492
        ]
      },
      "id": "way/106513506"
    },
    {
      "type": "Feature",
      "properties": {
        "@id": "way/106699114",
        "addr:city": "Utrera",
        "addr:postcode": "41710",
        "addr:street": "Avenida Brigadas Internacionales",
        "amenity": "hospital",
        "email": "informacion.epsbg.sspa@juntadeandalucia.es",
        "emergency": "yes",
        "healthcare": "hospital",
        "name": "Hospital de Alta Resolución de Utrera",
        "nohousenumber": "yes",
        "operator": "Servicio Andaluz de Salud",
        "operator:type": "public",
        "phone": "+34 955 83 90 01",
        "wikidata": "Q87762523",
        "@geometry": "center"
      },
      "geometry": {
        "type": "Point",
        "coordinates": [
          -5.7849096,
          37.175866
        ]
      },
      "id": "way/106699114"
    },
    {
      "type": "Feature",
      "properties": {
        "@id": "way/108711847",
        "amenity": "hospital",
        "@geometry": "center"
      },
      "geometry": {
        "type": "Point",
        "coordinates": [
          1.2737483,
          36.0398211
        ]
      },
      "id": "way/108711847"
    },
    {
      "type": "Feature",
      "properties": {
        "@id": "way/108802925",
        "amenity": "hospital",
        "@geometry": "center"
      },
      "geometry": {
        "type": "Point",
        "coordinates": [
          1.1046965,
          36.1056149
        ]
      },
      "id": "way/108802925"
    },
    {
      "type": "Feature",
      "properties": {
        "@id": "way/108803482",
        "addr:city": "Chlef",
        "addr:postcode": "02000",
        "amenity": "hospital",
        "emergency": "yes",
        "healthcare": "hospital",
        "name": "Hôpital Ouled Mohamed",
        "name:ar": "مستشفى أولاد محمد",
        "@geometry": "center"
      },
      "geometry": {
        "type": "Point",
        "coordinates": [
          1.3621714,
          36.1571204
        ]
      },
      "id": "way/108803482"
    },
    {
      "type": "Feature",
      "properties": {
        "@id": "way/108803746",
        "amenity": "hospital",
        "emergency": "yes",
        "healthcare": "hospital",
        "name": "Hôpital Chorfa",
        "name:ar": "مستشفى الشرفة",
        "@geometry": "center"
      },
      "geometry": {
        "type": "Point",
        "coordinates": [
          1.3136295,
          36.1457717
        ]
      },
      "id": "way/108803746"
    },
    {
      "type": "Feature",
      "properties": {
        "@id": "way/109374539",
        "amenity": "hospital",
        "barrier": "wall",
        "check_date": "2025-05-24",
        "name": "Hôpital Ibn Nafis",
        "@geometry": "center"
      },
      "geometry": {
        "type": "Point",
        "coordinates": [
          10.1776358,
          36.8677531
        ]
      },
      "id": "way/109374539"
    },
    {
      "type": "Feature",
      "properties": {
        "@id": "way/109870085",
        "amenity": "hospital",
        "check_date": "2025-05-24",
        "name": "مستشفى محمود الماطري بأريانة",
        "name:ar": "مستشفى محمود الماطري بأريانة",
        "name:fr": "Hôpital Mahmoud El Matri",
        "@geometry": "center"
      },
      "geometry": {
        "type": "Point",
        "coordinates": [
          10.1829009,
          36.8678364
        ]
      },
      "id": "way/109870085"
    },
    {
      "type": "Feature",
      "properties": {
        "@id": "way/110471881",
        "addr:city": "تونس",
        "addr:city:ar": "تونس",
        "amenity": "hospital",
        "healthcare": "hospital",
        "name": "معهد باستور",
        "name:ar": "معهد باستور",
        "name:fr": "Institut Pasteur",
        "phone": "+216 71783 022",
        "website": "http://www.pasteur.tn/",
        "@geometry": "center"
      },
      "geometry": {
        "type": "Point",
        "coordinates": [
          10.1792225,
          36.8234552
        ]
      },
      "id": "way/110471881"
    },
    {
      "type": "Feature",
      "properties": {
        "@id": "way/115930428",
        "addr:city": "Menzel Bourguiba",
        "addr:street": "Rue de Haïfa",
        "amenity": "hospital",
        "emergency": "no",
        "healthcare": "hospital",
        "name": "المستشفى الجهوي بمنزل بورقيبة",
        "name:ar": "المستشفى الجهوي بمنزل بورقيبة",
        "name:fr": "Hôpital Régional de Menzel Bourguiba",
        "phone": "+216 72 460 284",
        "@geometry": "center"
      },
      "geometry": {
        "type": "Point",
        "coordinates": [
          9.7969174,
          37.1612865
        ]
      },
      "id": "way/115930428"
    },
    {
      "type": "Feature",
      "properties": {
        "@id": "way/117426460",
        "amenity": "hospital",
        "healthcare": "hospital",
        "name:fr": "Analyse centre masmoudi",
        "parking": "surface",
        "@geometry": "center"
      },
      "geometry": {
        "type": "Point",
        "coordinates": [
          10.1655623,
          36.8426438
        ]
      },
      "id": "way/117426460"
    },
    {
      "type": "Feature",
      "properties": {
        "@id": "way/117671908",
        "addr:city": "San Fernando",
        "addr:housenumber": "2",
        "addr:postcode": "11100",
        "addr:street": "Calle Juan Sebastián Elcano",
        "amenity": "hospital",
        "building": "yes",
        "emergency": "yes",
        "healthcare": "hospital",
        "name": "Hospital San Carlos",
        "network": "Servicio Andaluz de Salud",
        "network:short": "SAS",
        "operator": "Servicio Andaluz de Salud",
        "operator:short": "SAS",
        "operator:type": "public",
        "operator:wikidata": "Q4753529",
        "website": "https://www.sspa.juntadeandalucia.es/servicioandaluzdesalud/el-sas/servicios-y-centros/informacion-por-centros/31415",
        "@geometry": "center"
      },
      "geometry": {
        "type": "Point",
        "coordinates": [
          -6.1950774,
          36.4799527
        ]
      },
      "id": "way/117671908"
    },
    {
      "type": "Feature",
      "properties": {
        "@id": "way/120731864",
        "addr:city": "Granada",
        "addr:housenumber": "8",
        "addr:postcode": "18004",
        "addr:street": "Calle Doctor Alejandro Otero",
        "alt_name": "Clínica La Inmaculada",
        "amenity": "hospital",
        "check_date": "2025-07-21",
        "emergency": "yes",
        "healthcare": "hospital",
        "name": "Hospital HLA Inmaculada",
        "operator": "Grupo Hospitalario HLA",
        "operator:type": "private",
        "phone": "+34 958 18 77 00",
        "website": "https://www.grupohla.com",
        "wikidata": "Q87761812",
        "@geometry": "center"
      },
      "geometry": {
        "type": "Point",
        "coordinates": [
          -3.608053,
          37.1641966
        ]
      },
      "id": "way/120731864"
    },
    {
      "type": "Feature",
      "properties": {
        "@id": "way/121820687",
        "addr:city": "Granada",
        "addr:housenumber": "2",
        "addr:postcode": "18016",
        "addr:street": "Avenida Doctor Jesús Candel Fábregas",
        "amenity": "hospital",
        "emergency": "yes",
        "emergency:phone": "+34958028827;+34958840660",
        "healthcare": "hospital",
        "name": "Hospital Universitario Clínico San Cecilio",
        "network": "Servicio Andaluz de Salud",
        "network:short": "SAS",
        "official_name": "Hospital Universitario Clínico San Cecilio",
        "old_name": "Hospital del PTS;Hospital Universitario Campus de la Salud Alejandro Otero;Hospital Campus de la Salud",
        "operator": "Servicio Andaluz de Salud",
        "operator:short": "SAS",
        "operator:type": "public",
        "operator:wikidata": "Q4753529",
        "phone": "+34958023000",
        "phone:pediatrics": "+34958021878",
        "ref": "16442",
        "source": "https://www.sspa.juntadeandalucia.es/servicioandaluzdesalud/el-sas/servicios-y-centros/informacion-por-centros/16442",
        "website": "https://www.husc.es",
        "wheelchair": "yes",
        "@geometry": "center"
      },
      "geometry": {
        "type": "Point",
        "coordinates": [
          -3.6053995,
          37.1464506
        ]
      },
      "id": "way/121820687"
    },
    {
      "type": "Feature",
      "properties": {
        "@id": "way/122398955",
        "addr:city": "Tanger",
        "addr:street": "Boulevard Moulay Rachid شارع مولاي رشيد",
        "amenity": "hospital",
        "fax": "+212 5 39 93 08 56",
        "healthcare": "hospital",
        "name": "Hôpital Mohammed V",
        "operator": "hopital",
        "operator:type": "public",
        "@geometry": "center"
      },
      "geometry": {
        "type": "Point",
        "coordinates": [
          -5.8282592,
          35.7781906
        ]
      },
      "id": "way/122398955"
    },
    {
      "type": "Feature",
      "properties": {
        "@id": "way/123050078",
        "amenity": "hospital",
        "healthcare": "hospital",
        "@geometry": "center"
      },
      "geometry": {
        "type": "Point",
        "coordinates": [
          3.0920139,
          36.7445319
        ]
      },
      "id": "way/123050078"
    },
    {
      "type": "Feature",
      "properties": {
        "@id": "way/124082299",
        "addr:housenumber": "2",
        "addr:street": "Avenida de las Fuerzas Armadas",
        "amenity": "hospital",
        "emergency": "yes",
        "emergency:phone": "+34 958 02 88 27",
        "healthcare": "hospital",
        "healthcare:speciality": "general;emergency",
        "name": "Hospital General del Hospital Universitario Virgen de las Nieves",
        "old_name": "Ruiz de Alda",
        "old_name:etymology:wikidata": "Q1382670",
        "operator": "Servicio Andaluz de Salud",
        "operator:short": "SAS",
        "operator:type": "public",
        "operator:wikidata": "Q4753529",
        "phone": "+34 958 02 00 00",
        "ref": "16436",
        "source": "https://www.sspa.juntadeandalucia.es/servicioandaluzdesalud/el-sas/servicios-y-centros/informacion-por-centros/16436",
        "wikidata": "Q97604237",
        "@geometry": "center"
      },
      "geometry": {
        "type": "Point",
        "coordinates": [
          -3.6096598,
          37.1881745
        ]
      },
      "id": "way/124082299"
    },
    {
      "type": "Feature",
      "properties": {
        "@id": "way/124082792",
        "addr:postcode": "18012",
        "addr:street": "Avenida Juan Pablo II",
        "amenity": "hospital",
        "emergency": "yes",
        "healthcare": "hospital",
        "healthcare:speciality": "neurology;emergency;chiropractic",
        "name": "Hospital Universitario Virgen de las Nieves",
        "operator": "Servicio Andaluz de Salud",
        "operator:short": "SAS",
        "operator:type": "public",
        "operator:wikidata": "Q4753529",
        "@geometry": "center"
      },
      "geometry": {
        "type": "Point",
        "coordinates": [
          -3.6072293,
          37.1928961
        ]
      },
      "id": "way/124082792"
    },
    {
      "type": "Feature",
      "properties": {
        "@id": "way/126502556",
        "amenity": "hospital",
        "@geometry": "center"
      },
      "geometry": {
        "type": "Point",
        "coordinates": [
          10.2325284,
          36.7693819
        ]
      },
      "id": "way/126502556"
    },
    {
      "type": "Feature",
      "properties": {
        "@id": "way/126506514",
        "amenity": "hospital",
        "name": "Dispensaire Mégrine",
        "@geometry": "center"
      },
      "geometry": {
        "type": "Point",
        "coordinates": [
          10.2294866,
          36.7706414
        ]
      },
      "id": "way/126506514"
    },
    {
      "type": "Feature",
      "properties": {
        "@id": "way/127063995",
        "amenity": "hospital",
        "emergency": "yes",
        "healthcare": "hospital",
        "name": "CHU Ibn Rochd",
        "@geometry": "center"
      },
      "geometry": {
        "type": "Point",
        "coordinates": [
          7.7465599,
          36.9107529
        ]
      },
      "id": "way/127063995"
    },
    {
      "type": "Feature",
      "properties": {
        "@id": "way/140993946",
        "addr:postcode": "29011",
        "addr:street": "Avenida Arroyo de los Ángeles",
        "amenity": "hospital",
        "healthcare": "hospital",
        "name": "Hospital Materno Infantil",
        "nohousenumber": "yes",
        "wikidata": "Q30280204",
        "@geometry": "center"
      },
      "geometry": {
        "type": "Point",
        "coordinates": [
          -4.432384,
          36.730009
        ]
      },
      "id": "way/140993946"
    },
    {
      "type": "Feature",
      "properties": {
        "@id": "way/141164683",
        "amenity": "hospital",
        "healthcare": "hospital",
        "@geometry": "center"
      },
      "geometry": {
        "type": "Point",
        "coordinates": [
          -5.9749716,
          31.3662123
        ]
      },
      "id": "way/141164683"
    },
    {
      "type": "Feature",
      "properties": {
        "@id": "way/147086903",
        "amenity": "hospital",
        "building": "yes",
        "@geometry": "center"
      },
      "geometry": {
        "type": "Point",
        "coordinates": [
          5.6183615,
          35.5690213
        ]
      },
      "id": "way/147086903"
    },
    {
      "type": "Feature",
      "properties": {
        "@id": "way/148603675",
        "addr:city": "Chiclana de la Frontera",
        "addr:housenumber": "7",
        "addr:postcode": "11130",
        "addr:street": "Calle Ayala",
        "amenity": "hospital",
        "emergency": "yes",
        "healthcare": "hospital",
        "name": "Hospital Viamed Bahía de Cádiz",
        "phone": "+34 956 533 333",
        "website": "https://www.viamedsalud.com/hospital-bahia-de-cadiz/",
        "wikidata": "Q87761680",
        "@geometry": "center"
      },
      "geometry": {
        "type": "Point",
        "coordinates": [
          -6.1500839,
          36.4208846
        ]
      },
      "id": "way/148603675"
    },
    {
      "type": "Feature",
      "properties": {
        "@id": "way/150640425",
        "addr:city": "Sérif",
        "amenity": "hospital",
        "emergency": "yes",
        "name": "CHU Saâdna-Abdenour المستشفى الجامعي سعادنة عبد النور",
        "name:ar": "المركز الاستشفائي الجامعي سعادنة عبد النور",
        "name:fr": "CHU Saâdna-Abdenour",
        "wheelchair": "yes",
        "@geometry": "center"
      },
      "geometry": {
        "type": "Point",
        "coordinates": [
          5.4013815,
          36.1921945
        ]
      },
      "id": "way/150640425"
    },
    {
      "type": "Feature",
      "properties": {
        "@id": "way/150642158",
        "addr:city": "Blida",
        "addr:postcode": "09000",
        "addr:street": "CW108",
        "addr:suburb": "Zabana",
        "alt_name": "Centre hospitalier universitaire de Blida",
        "amenity": "hospital",
        "emergency": "yes",
        "healthcare": "hospital",
        "healthcare:speciality": "neurosurgery;neurology;ophthalmology;otolaryngology;surgery;internal;cardiology;rehabiliation;radiology;anatomy;pathology;trauma;orthopaedics;oncology;cardiac_surgery;haematology;nephrology;transplant",
        "name": "Hôpital Frantz Fanon",
        "name:ar": "مستشفى فرانتز فانون",
        "name:en": "Frantz Fanon Hospital",
        "name:fr": "Hôpital Frantz Fanon",
        "operator": "Ministère de la Santé",
        "operator:wikidata": "Q17639127",
        "phone": "+213 25 41 29 82",
        "short_name": "CHU Blida",
        "@geometry": "center"
      },
      "geometry": {
        "type": "Point",
        "coordinates": [
          2.7949731,
          36.4836652
        ]
      },
      "id": "way/150642158"
    },
    {
      "type": "Feature",
      "properties": {
        "@id": "way/150779200",
        "amenity": "hospital",
        "emergency": "yes",
        "healthcare": "hospital",
        "name": "Centre Hospitalier Universitaire Ibn Rochd المركز الإستشفائي الجامعي إبن رشد",
        "name:ar": "المركز الإستشفائي الجامعي إبن رشد",
        "name:fr": "Centre Hospitalier Universitaire Ibn Rochd",
        "operator:type": "public",
        "short_name": "CHUIR;CHU Ibn Rochd",
        "url": "http://www.chuibnrochd.ma/",
        "website": "https://chuibnrochd.ma/",
        "@geometry": "center"
      },
      "geometry": {
        "type": "Point",
        "coordinates": [
          -7.6215532,
          33.5789091
        ]
      },
      "id": "way/150779200"
    },
    {
      "type": "Feature",
      "properties": {
        "@id": "way/150782355",
        "amenity": "hospital",
        "emergency": "yes",
        "healthcare": "hospital",
        "name": "Centre Hospitalier Universitaire Mohammed VI",
        "source": "bing",
        "@geometry": "center"
      },
      "geometry": {
        "type": "Point",
        "coordinates": [
          -7.9956027,
          31.6633665
        ]
      },
      "id": "way/150782355"
    },
    {
      "type": "Feature",
      "properties": {
        "@id": "way/150786744",
        "amenity": "hospital",
        "emergency": "yes",
        "healthcare": "hospital",
        "name": "University hospital Hassan II",
        "note": "Fix french and arabic name",
        "@geometry": "center"
      },
      "geometry": {
        "type": "Point",
        "coordinates": [
          -4.9622857,
          34.0043481
        ]
      },
      "id": "way/150786744"
    },
    {
      "type": "Feature",
      "properties": {
        "@id": "way/150856463",
        "addr:city": "Al Hoceima",
        "addr:street": "Avenue Mohammed 5 شارع محمد الخامس",
        "amenity": "hospital",
        "fax": "+212 5 39 84 06 62",
        "healthcare": "hospital",
        "name": "Clinique Bades",
        "operator": "clinic",
        "operator:type": "private",
        "@geometry": "center"
      },
      "geometry": {
        "type": "Point",
        "coordinates": [
          -3.9255847,
          35.2338198
        ]
      },
      "id": "way/150856463"
    },
    {
      "type": "Feature",
      "properties": {
        "@id": "way/150858026",
        "addr:street": "Avenida de Góngora",
        "amenity": "hospital",
        "emergency": "yes",
        "healthcare": "hospital",
        "name": "Hospital Infanta Margarita",
        "operator:type": "public",
        "wikidata": "Q5902701",
        "wikipedia": "es:Hospital Infanta Margarita",
        "@geometry": "center"
      },
      "geometry": {
        "type": "Point",
        "coordinates": [
          -4.424691,
          37.4683821
        ]
      },
      "id": "way/150858026"
    },
    {
      "type": "Feature",
      "properties": {
        "@id": "way/150999396",
        "addr:city": "Tétouan",
        "addr:street": "Av. des FAR",
        "amenity": "hospital",
        "fax": "+212 5 39 99 94 84",
        "healthcare": "hospital",
        "name": "Clinique rif",
        "@geometry": "center"
      },
      "geometry": {
        "type": "Point",
        "coordinates": [
          -5.3468001,
          35.5868035
        ]
      },
      "id": "way/150999396"
    },
    {
      "type": "Feature",
      "properties": {
        "@id": "way/150999624",
        "addr:city": "Tétouan",
        "addr:street": "Avenue Beyrout",
        "amenity": "hospital",
        "fax": "+212 5 39 99 00 36",
        "healthcare": "hospital",
        "name": "Centre de dialyse Arrayane",
        "@geometry": "center"
      },
      "geometry": {
        "type": "Point",
        "coordinates": [
          -5.3467761,
          35.5844993
        ]
      },
      "id": "way/150999624"
    },
    {
      "type": "Feature",
      "properties": {
        "@id": "way/152610307",
        "amenity": "hospital",
        "healthcare": "hospital",
        "name": "CHU Ibn Sina (Souissi)",
        "@geometry": "center"
      },
      "geometry": {
        "type": "Point",
        "coordinates": [
          -6.8511983,
          33.9834625
        ]
      },
      "id": "way/152610307"
    },
    {
      "type": "Feature",
      "properties": {
        "@id": "way/152610310",
        "addr:city": "Rabat ⵔⴱⴰⵟ الرباط",
        "amenity": "hospital",
        "emergency": "yes",
        "healthcare": "hospital",
        "name": "Hôpital Militaire Mohammed V - المستشفى العسكري محمد الخامس",
        "name:ar": "المستشفى العسكري الدراسي محمد الخامس",
        "name:en": "Mohammed V Military Hospital",
        "name:fr": "Hôpital Militaire Mohammed V",
        "@geometry": "center"
      },
      "geometry": {
        "type": "Point",
        "coordinates": [
          -6.8703091,
          33.9697158
        ]
      },
      "id": "way/152610310"
    },
    {
      "type": "Feature",
      "properties": {
        "@id": "way/154204921",
        "addr:city": "Oran",
        "addr:postcode": "31000",
        "addr:street": "3e Boulevard Périphérique",
        "amenity": "hospital",
        "emergency": "yes",
        "healthcare": "hospital",
        "name": "Hôpital Militaire Dr. Amir Mohamed Benaissa",
        "name:ar": "المستشفى العسكري الدكتور أمير محمد بن عيسى",
        "name:fr": "Hôpital Militaire Dr. Amir Mohamed Benaissa",
        "@geometry": "center"
      },
      "geometry": {
        "type": "Point",
        "coordinates": [
          -0.6684295,
          35.6689889
        ]
      },
      "id": "way/154204921"
    },
    {
      "type": "Feature",
      "properties": {
        "@id": "way/154513390",
        "addr:city": "Sidi Chami",
        "amenity": "hospital",
        "emergency": "no",
        "healthcare": "hospital",
        "healthcare:speciality": "psychiatry",
        "name": "Hôpital Psychiatrique de Sidi Chami",
        "name:ar": "مستشفى الأمراض العقلية سيدي الشحمي",
        "name:fr": "Hôpital Psychiatrique de Sidi Chami",
        "operator": "Publique",
        "@geometry": "center"
      },
      "geometry": {
        "type": "Point",
        "coordinates": [
          -0.529643,
          35.6736704
        ]
      },
      "id": "way/154513390"
    },
    {
      "type": "Feature",
      "properties": {
        "@id": "way/155252639",
        "amenity": "hospital",
        "emergency": "yes",
        "emergency:phone": "+34 957 00 17 37",
        "healthcare": "hospital",
        "name": "Hospital de Alta Resolución de Puente Genil",
        "operator:type": "public",
        "phone": "+34 957 61 50 00",
        "source": "https://www.sspa.juntadeandalucia.es/servicioandaluzdesalud/el-sas/servicios-y-centros/informacion-por-centros/25490",
        "wikidata": "Q87761723",
        "@geometry": "center"
      },
      "geometry": {
        "type": "Point",
        "coordinates": [
          -4.7507652,
          37.399095
        ]
      },
      "id": "way/155252639"
    },
    {
      "type": "Feature",
      "properties": {
        "@id": "way/156237500",
        "addr:city": "Béjaïa",
        "amenity": "hospital",
        "emergency": "yes",
        "healthcare": "hospital",
        "name": "Hôpital Khelil Amrane",
        "name:ar": "مستشفى خليل عمران",
        "name:fr": "Hôpital Khelil Amrane",
        "website": "http://www.chubejaia.dz/",
        "wikidata": "Q23021568",
        "wikipedia": "fr:Hôpital Khelil Amrane",
        "@geometry": "center"
      },
      "geometry": {
        "type": "Point",
        "coordinates": [
          5.0498111,
          36.7544322
        ]
      },
      "id": "way/156237500"
    },
    {
      "type": "Feature",
      "properties": {
        "@id": "way/156238581",
        "addr:city": "Béjaïa",
        "addr:city:ar": "بجاية",
        "addr:city:ber": "ⴲⴳⴰⵢⴻⵝ",
        "addr:city:fr": "Béjaïa",
        "addr:city:kab": "Bgayet",
        "alt_name:ar": "مستشفى بجاية;مستشفى بقايث;مستشفى فرانتز فانون",
        "amenity": "hospital",
        "emergency": "yes",
        "healthcare": "hospital",
        "name": "Hôpital Frantz Fanon",
        "name:ar": "مستشفى فرانز فانون",
        "name:en": "Frantz Fanon Hospital",
        "name:etymology": "فرانز فانون",
        "name:etymology:wikidata": "Q193670",
        "name:etymology:wikipedia": "ar:فرانز فانون",
        "name:fr": "Hôpital Frantz Fanon",
        "website": "http://www.chubejaia.dz/HopitalFrantz",
        "wikidata": "Q23021567",
        "@geometry": "center"
      },
      "geometry": {
        "type": "Point",
        "coordinates": [
          5.0835519,
          36.7564211
        ]
      },
      "id": "way/156238581"
    },
    {
      "type": "Feature",
      "properties": {
        "@id": "way/163064470",
        "addr:city": "El Menzah VI",
        "addr:housenumber": "3",
        "addr:street": "Rue Zaghouani",
        "amenity": "hospital",
        "barrier": "wall",
        "check_date": "2025-05-25",
        "name": "Polyclinique el Farabi",
        "phone": "+216 71 750 500;+216 71 233 916",
        "@geometry": "center"
      },
      "geometry": {
        "type": "Point",
        "coordinates": [
          10.1678033,
          36.8482963
        ]
      },
      "id": "way/163064470"
    },
    {
      "type": "Feature",
      "properties": {
        "@id": "way/163760432",
        "addr:city": "Rota",
        "amenity": "hospital",
        "contact:fax": "+34 956 82 33 06",
        "contact:phone": "+34 956 82 33 05",
        "contact:website": "http://www.med.navy.mil/sites/nhrota/",
        "healthcare": "hospital",
        "name": "U.S. Naval Hospital - Rota, Spain",
        "@geometry": "center"
      },
      "geometry": {
        "type": "Point",
        "coordinates": [
          -6.3507401,
          36.6343787
        ]
      },
      "id": "way/163760432"
    },
    {
      "type": "Feature",
      "properties": {
        "@id": "way/167287850",
        "amenity": "hospital",
        "healthcare": "hospital",
        "@geometry": "center"
      },
      "geometry": {
        "type": "Point",
        "coordinates": [
          -4.6212776,
          34.6695391
        ]
      },
      "id": "way/167287850"
    },
    {
      "type": "Feature",
      "properties": {
        "@id": "way/167316961",
        "amenity": "hospital",
        "designation": "Polyclinique",
        "emergency": "yes",
        "healthcare": "hospital",
        "name": "Polyclinique",
        "@geometry": "center"
      },
      "geometry": {
        "type": "Point",
        "coordinates": [
          -8.3539011,
          33.2840335
        ]
      },
      "id": "way/167316961"
    },
    {
      "type": "Feature",
      "properties": {
        "@id": "way/167337177",
        "amenity": "hospital",
        "healthcare": "hospital",
        "@geometry": "center"
      },
      "geometry": {
        "type": "Point",
        "coordinates": [
          -8.3437285,
          33.2911223
        ]
      },
      "id": "way/167337177"
    },
    {
      "type": "Feature",
      "properties": {
        "@id": "way/167449397",
        "amenity": "hospital",
        "designation": "Clinique de Taounate",
        "healthcare": "hospital",
        "name": "Clinique de Taounate",
        "@geometry": "center"
      },
      "geometry": {
        "type": "Point",
        "coordinates": [
          -4.6462989,
          34.5177814
        ]
      },
      "id": "way/167449397"
    },
    {
      "type": "Feature",
      "properties": {
        "@id": "way/167453193",
        "amenity": "hospital",
        "designation": "Hopital de Taounate",
        "emergency": "yes",
        "healthcare": "hospital",
        "name": "Hopital de Taounate",
        "@geometry": "center"
      },
      "geometry": {
        "type": "Point",
        "coordinates": [
          -4.6408908,
          34.5219661
        ]
      },
      "id": "way/167453193"
    },
    {
      "type": "Feature",
      "properties": {
        "@id": "way/167468346",
        "addr:city": "قابس",
        "addr:postcode": "6014",
        "addr:street": "Rue Ibn Khaldoun",
        "amenity": "hospital",
        "emergency": "yes",
        "name": "المستشفى الجهوي بقابس محمد بن ساسي",
        "name:ar": "المستشفى الجهوي بقابس محمد بن ساسي",
        "name:fr": "Hôpital Régional Mohamed Ben Sassi de Gabès",
        "phone": "+216 75 282 530",
        "@geometry": "center"
      },
      "geometry": {
        "type": "Point",
        "coordinates": [
          10.1148896,
          33.8632735
        ]
      },
      "id": "way/167468346"
    },
    {
      "type": "Feature",
      "properties": {
        "@id": "way/167944546",
        "addr:city": "Shishawa شيشاوة",
        "addr:city:ar": "شيشاوة",
        "addr:city:es": "Shishawa",
        "amenity": "hospital",
        "healthcare": "hospital",
        "name": "Hôpital de Chichaoua مستشفى شيشاوة",
        "name:ar": "مستشفى شيشاوة",
        "name:es": "Hospital de Shishawa",
        "name:fr": "Hôpital de Chichaoua",
        "@geometry": "center"
      },
      "geometry": {
        "type": "Point",
        "coordinates": [
          -8.7688098,
          31.5394634
        ]
      },
      "id": "way/167944546"
    },
    {
      "type": "Feature",
      "properties": {
        "@id": "way/170052372",
        "amenity": "hospital",
        "name": "Dispensaire",
        "@geometry": "center"
      },
      "geometry": {
        "type": "Point",
        "coordinates": [
          6.0442842,
          36.4096895
        ]
      },
      "id": "way/170052372"
    },
    {
      "type": "Feature",
      "properties": {
        "@id": "way/170403442",
        "amenity": "hospital",
        "name": "Polyclinique Lefilef Mohamed",
        "@geometry": "center"
      },
      "geometry": {
        "type": "Point",
        "coordinates": [
          6.1738265,
          36.4691227
        ]
      },
      "id": "way/170403442"
    },
    {
      "type": "Feature",
      "properties": {
        "@id": "way/171230395",
        "addr:city": "سور الغزلان",
        "addr:city:ar": "سور الغزلان",
        "amenity": "hospital",
        "emergency": "yes",
        "healthcare": "hospital",
        "@geometry": "center"
      },
      "geometry": {
        "type": "Point",
        "coordinates": [
          3.6886973,
          36.1453811
        ]
      },
      "id": "way/171230395"
    },
    {
      "type": "Feature",
      "properties": {
        "@id": "way/171435524",
        "amenity": "hospital",
        "healthcare": "hospital",
        "name": "Hôpital Des Enfants Du CHU Ibn Sina",
        "@geometry": "center"
      },
      "geometry": {
        "type": "Point",
        "coordinates": [
          -6.8542771,
          33.9864541
        ]
      },
      "id": "way/171435524"
    },
    {
      "type": "Feature",
      "properties": {
        "@id": "way/171435526",
        "amenity": "hospital",
        "designation": "Gynecology & obstetrics hospital",
        "emergency": "yes",
        "healthcare": "hospital",
        "name": "Maternite du Souissi / CHU Ibn SIna",
        "@geometry": "center"
      },
      "geometry": {
        "type": "Point",
        "coordinates": [
          -6.855408,
          33.9873368
        ]
      },
      "id": "way/171435526"
    },
    {
      "type": "Feature",
      "properties": {
        "@id": "way/172089670",
        "addr:city": "Koléa",
        "amenity": "hospital",
        "emergency": "yes",
        "healthcare": "hospital",
        "name": "Hôpital Dr Fares Yahia مستشفى دكتور فارس يحي",
        "name:ar": "مستشفى فارس يحيى",
        "name:fr": "Hôpital Dr Fares Yahia",
        "@geometry": "center"
      },
      "geometry": {
        "type": "Point",
        "coordinates": [
          2.7720979,
          36.6352353
        ]
      },
      "id": "way/172089670"
    },
    {
      "type": "Feature",
      "properties": {
        "@id": "way/172241238",
        "addr:city": "Bou Ismaïl",
        "addr:postcode": "42004",
        "amenity": "hospital",
        "name": "Clinique de chirurgie cardio-infantile",
        "name:ar": "عيادة جراحة القلب للأطفال",
        "@geometry": "center"
      },
      "geometry": {
        "type": "Point",
        "coordinates": [
          2.6860506,
          36.63748
        ]
      },
      "id": "way/172241238"
    },
    {
      "type": "Feature",
      "properties": {
        "@id": "way/172436272",
        "addr:city": "Albufeira",
        "addr:postcode": "8200-112",
        "addr:street": "Avenida da Correeira",
        "alt_name": "Hospital Lusíadas Albufeira",
        "amenity": "hospital",
        "emergency": "yes",
        "healthcare": "hospital",
        "healthcare:speciality": "general;paediatrics;ophthalmology;cardiology;dermatology;internal;gastroenterology;urology;plastic_surgery",
        "name": "Hospital Lusíadas Albufeira",
        "operator": "Lusíadas Saúde",
        "operator:type": "private",
        "phone": "+351 289 892 040",
        "website": "https://www.lusiadas.pt",
        "@geometry": "center"
      },
      "geometry": {
        "type": "Point",
        "coordinates": [
          -8.2333047,
          37.1029751
        ]
      },
      "id": "way/172436272"
    },
    {
      "type": "Feature",
      "properties": {
        "@id": "way/173140958",
        "addr:city": "سيدي بوزيد",
        "addr:postcode": "9100",
        "amenity": "hospital",
        "barrier": "wall",
        "emergency": "yes",
        "healthcare": "hospital",
        "name": "المستشفى الجهوي بسيدي بوزيد",
        "name:ar": "المستشفى الجهوي بسيدي بوزيد",
        "name:fr": "Hôpital Régional de Sidi Bouzid",
        "phone": "+216 76 632 175",
        "@geometry": "center"
      },
      "geometry": {
        "type": "Point",
        "coordinates": [
          9.4658999,
          35.024146
        ]
      },
      "id": "way/173140958"
    },
    {
      "type": "Feature",
      "properties": {
        "@id": "way/176163176",
        "addr:city": "نابل",
        "addr:city:ar": "نابل",
        "amenity": "hospital",
        "emergency": "yes",
        "healthcare": "hospital",
        "name": "المستشفى الجامعي محمد الطاهر المعموري بنابل",
        "name:ar": "المستشفى الجامعي محمد الطاهر المعموري بنابل",
        "name:fr": "Hôpital Régional Mohamed Taher Al Maamouri",
        "@geometry": "center"
      },
      "geometry": {
        "type": "Point",
        "coordinates": [
          10.6742811,
          36.4375334
        ]
      },
      "id": "way/176163176"
    },
    {
      "type": "Feature",
      "properties": {
        "@id": "way/176276373",
        "amenity": "hospital",
        "emergency": "no",
        "healthcare": "hospital",
        "@geometry": "center"
      },
      "geometry": {
        "type": "Point",
        "coordinates": [
          -6.7462419,
          33.997628
        ]
      },
      "id": "way/176276373"
    },
    {
      "type": "Feature",
      "properties": {
        "@id": "way/176326377",
        "amenity": "hospital",
        "email": "ciudadanos.hsr.sspa@juntadeandalucia.es",
        "emergency": "yes",
        "healthcare": "hospital",
        "name": "Hospital de La Serranía",
        "network": "Servicio Andaluz de Salud",
        "network:short": "SAS",
        "operator:type": "public",
        "phone": "+34 951065001",
        "website": "https://www.sspa.juntadeandalucia.es/servicioandaluzdesalud/el-sas/servicios-y-centros/informacion-por-centros/16476",
        "wikidata": "Q20748112",
        "@geometry": "center"
      },
      "geometry": {
        "type": "Point",
        "coordinates": [
          -5.1468324,
          36.7222199
        ]
      },
      "id": "way/176326377"
    },
    {
      "type": "Feature",
      "properties": {
        "@id": "way/176580477",
        "amenity": "hospital",
        "emergency": "yes",
        "name": "CHU Docteur Hassani Abdelkader",
        "@geometry": "center"
      },
      "geometry": {
        "type": "Point",
        "coordinates": [
          -0.6468609,
          35.182472
        ]
      },
      "id": "way/176580477"
    },
    {
      "type": "Feature",
      "properties": {
        "@id": "way/178377873",
        "amenity": "hospital",
        "barrier": "wall",
        "fax": "+216 75 366 000",
        "healthcare": "hospital",
        "name": "المستشفى المحلي بوذرف",
        "name:fr": "Hôpital Municipal de Oudref",
        "phone": "+216 75 365 388",
        "@geometry": "center"
      },
      "geometry": {
        "type": "Point",
        "coordinates": [
          9.9728453,
          33.9780502
        ]
      },
      "id": "way/178377873"
    },
    {
      "type": "Feature",
      "properties": {
        "@id": "way/178877409",
        "amenity": "hospital",
        "healthcare": "hospital",
        "name": "Centre anticancéreux",
        "@geometry": "center"
      },
      "geometry": {
        "type": "Point",
        "coordinates": [
          -0.6476054,
          35.1768305
        ]
      },
      "id": "way/178877409"
    },
    {
      "type": "Feature",
      "properties": {
        "@id": "way/180239392",
        "amenity": "hospital",
        "building": "hospital",
        "healthcare": "hospital",
        "name": "Hôpital Ernest Conseil",
        "name:fr": "Hôpital Ernest Conseil",
        "@geometry": "center"
      },
      "geometry": {
        "type": "Point",
        "coordinates": [
          10.1561283,
          36.8016946
        ]
      },
      "id": "way/180239392"
    },
    {
      "type": "Feature",
      "properties": {
        "@id": "way/180239420",
        "amenity": "hospital",
        "building": "hospital",
        "healthcare": "hospital",
        "name": "مستشفى الرابطة",
        "name:ar": "مستشفى الرابطة",
        "name:fr": "Hôpital La Rabta",
        "@geometry": "center"
      },
      "geometry": {
        "type": "Point",
        "coordinates": [
          10.1547409,
          36.8018656
        ]
      },
      "id": "way/180239420"
    },
    {
      "type": "Feature",
      "properties": {
        "@id": "way/180239569",
        "amenity": "hospital",
        "building": "hospital",
        "healthcare": "hospital",
        "name": "مستشفى الرابطة",
        "name:ar": "مستشفى الرابطة",
        "name:fr": "Hôpital La Rabta",
        "@geometry": "center"
      },
      "geometry": {
        "type": "Point",
        "coordinates": [
          10.155596,
          36.8021598
        ]
      },
      "id": "way/180239569"
    },
    {
      "type": "Feature",
      "properties": {
        "@id": "way/180242274",
        "amenity": "hospital",
        "building": "yes",
        "name": "المعهد الوطني لأمراض الأعصاب",
        "name:ar": "المعهد الوطني لأمراض الأعصاب",
        "name:fr": "Institut National de Neurobiologie",
        "@geometry": "center"
      },
      "geometry": {
        "type": "Point",
        "coordinates": [
          10.1582164,
          36.801038
        ]
      },
      "id": "way/180242274"
    },
    {
      "type": "Feature",
      "properties": {
        "@id": "way/180268042",
        "amenity": "hospital",
        "building": "yes",
        "name": "المعهد الوطني لأمراض الأعصاب",
        "name:ar": "المعهد الوطني لأمراض الأعصاب",
        "name:fr": "Centre Institut de l'Imagerie par Résonance Magnétique (IRM)",
        "@geometry": "center"
      },
      "geometry": {
        "type": "Point",
        "coordinates": [
          10.1569961,
          36.8055521
        ]
      },
      "id": "way/180268042"
    },
    {
      "type": "Feature",
      "properties": {
        "@id": "way/180268049",
        "addr:city": "تونس",
        "addr:city:ar": "تونس",
        "amenity": "hospital",
        "building": "yes",
        "emergency": "yes",
        "healthcare": "hospital",
        "healthcare:speciality": "paediatrics;surgery_perdiatric;pediatric_reanimation",
        "language:ar": "main",
        "name": "مستشفى الأطفال",
        "name:ar": "مستشفى الأطفال",
        "name:fr": "Hôpital d'Enfants",
        "official_name": "مستشفى البشير حمزة للأطفال",
        "official_name:ar": "مستشفى البشير حمزة للأطفال",
        "wikidata": "Q12242590",
        "wikimedia_commons": "Category:Hôpital Béchir Hamza",
        "wikipedia": "ar:مستشفى البشير حمزة للأطفال",
        "wikipedia:ar": "مستشفى البشير حمزة للأطفال",
        "@geometry": "center"
      },
      "geometry": {
        "type": "Point",
        "coordinates": [
          10.1589847,
          36.806653
        ]
      },
      "id": "way/180268049"
    },
    {
      "type": "Feature",
      "properties": {
        "@id": "way/180268051",
        "addr:city": "Tunis",
        "addr:postcode": "1006",
        "addr:street": "شارع 9 أفريل 1938",
        "addr:street:ar": "شارع 9 أفريل 1938",
        "addr:street:fr": "Boulevard 9 Avril 1938",
        "amenity": "hospital",
        "building": "yes",
        "name": "معهد الهادي الرايس لأمراض العيون",
        "name:ar": "معهد الهادي الرايس لأمراض العيون",
        "name:fr": "Institut Hedi Raies D'ophtalmologie",
        "phone": "+216 71 263 701",
        "wheelchair": "yes",
        "wikidata": "Q12244333",
        "wikipedia": "ar:معهد الهادي الرايس لأمراض العيون",
        "@geometry": "center"
      },
      "geometry": {
        "type": "Point",
        "coordinates": [
          10.1598061,
          36.8063091
        ]
      },
      "id": "way/180268051"
    },
    {
      "type": "Feature",
      "properties": {
        "@id": "way/180268053",
        "addr:city": "تونس",
        "addr:city:ar": "تونس",
        "amenity": "hospital",
        "building": "yes",
        "healthcare": "hospital",
        "name": "معهد صالح عزيز",
        "name:ar": "معهد صالح عزيز",
        "name:fr": "Institut Salah-Azaïz",
        "website": "https://www.institutsalahazaiez.com",
        "wikidata": "Q3151812",
        "wikipedia": "ar:معهد صالح عزيز",
        "wikipedia:ar": "معهد صالح عزيز",
        "@geometry": "center"
      },
      "geometry": {
        "type": "Point",
        "coordinates": [
          10.1583476,
          36.8071912
        ]
      },
      "id": "way/180268053"
    },
    {
      "type": "Feature",
      "properties": {
        "@id": "way/181286781",
        "amenity": "hospital",
        "emergency": "yes",
        "healthcare": "hospital",
        "layer": "1",
        "name": "Hôpital Saroub El Khatir",
        "@geometry": "center"
      },
      "geometry": {
        "type": "Point",
        "coordinates": [
          5.6833662,
          36.1491282
        ]
      },
      "id": "way/181286781"
    },
    {
      "type": "Feature",
      "properties": {
        "@id": "way/181330962",
        "amenity": "hospital",
        "name": "Maternité",
        "@geometry": "center"
      },
      "geometry": {
        "type": "Point",
        "coordinates": [
          5.6844565,
          36.1565708
        ]
      },
      "id": "way/181330962"
    },
    {
      "type": "Feature",
      "properties": {
        "@id": "way/181330963",
        "amenity": "hospital",
        "emergency": "yes",
        "name": "EPSP",
        "@geometry": "center"
      },
      "geometry": {
        "type": "Point",
        "coordinates": [
          5.684881,
          36.1529096
        ]
      },
      "id": "way/181330963"
    },
    {
      "type": "Feature",
      "properties": {
        "@id": "way/182389350",
        "amenity": "hospital",
        "healthcare": "hospital",
        "name": "Hospital de Morón",
        "@geometry": "center"
      },
      "geometry": {
        "type": "Point",
        "coordinates": [
          -5.4544905,
          37.1175427
        ]
      },
      "id": "way/182389350"
    },
    {
      "type": "Feature",
      "properties": {
        "@id": "way/182523820",
        "amenity": "hospital",
        "building": "yes",
        "name": "Hannibal Medical Center",
        "@geometry": "center"
      },
      "geometry": {
        "type": "Point",
        "coordinates": [
          10.2846667,
          36.8455508
        ]
      },
      "id": "way/182523820"
    },
    {
      "type": "Feature",
      "properties": {
        "@id": "way/182876161",
        "amenity": "hospital",
        "emergency": "yes",
        "healthcare": "hospital",
        "name": "Centro Hospitalar e Universitário do Algarve-Hospital de Faro",
        "wheelchair": "yes",
        "@geometry": "center"
      },
      "geometry": {
        "type": "Point",
        "coordinates": [
          -7.9287978,
          37.0246982
        ]
      },
      "id": "way/182876161"
    },
    {
      "type": "Feature",
      "properties": {
        "@id": "way/183352585",
        "amenity": "hospital",
        "emergency": "yes",
        "name": "Hôpital Akloul Ali",
        "@geometry": "center"
      },
      "geometry": {
        "type": "Point",
        "coordinates": [
          4.5258336,
          36.4588425
        ]
      },
      "id": "way/183352585"
    },
    {
      "type": "Feature",
      "properties": {
        "@id": "way/183374544",
        "addr:city": "Akbou",
        "amenity": "hospital",
        "name": "Ancien Hopital",
        "@geometry": "center"
      },
      "geometry": {
        "type": "Point",
        "coordinates": [
          4.5320274,
          36.4651947
        ]
      },
      "id": "way/183374544"
    },
    {
      "type": "Feature",
      "properties": {
        "@id": "way/183451845",
        "addr:city": "kasba tadla",
        "addr:postcode": "23350",
        "amenity": "hospital",
        "building": "yes",
        "building:colour": "#DA9D8B",
        "emergency": "no",
        "healthcare": "hospital",
        "roof:colour": "white",
        "@geometry": "center"
      },
      "geometry": {
        "type": "Point",
        "coordinates": [
          -6.270577,
          32.5994368
        ]
      },
      "id": "way/183451845"
    },
    {
      "type": "Feature",
      "properties": {
        "@id": "way/184294924",
        "amenity": "hospital",
        "emergency": "yes",
        "healthcare": "hospital",
        "name": "Hospital de Jerez",
        "network": "Servicio Andaluz de Salud",
        "network:short": "SAS",
        "operator": "Servicio Andaluz de Salud",
        "operator:type": "public",
        "@geometry": "center"
      },
      "geometry": {
        "type": "Point",
        "coordinates": [
          -6.1495547,
          36.699046
        ]
      },
      "id": "way/184294924"
    },
    {
      "type": "Feature",
      "properties": {
        "@id": "way/184793541",
        "amenity": "hospital",
        "healthcare": "hospital",
        "name": "Centre de Santé",
        "name:fr": "Polyclinique Romanette",
        "@geometry": "center"
      },
      "geometry": {
        "type": "Point",
        "coordinates": [
          2.7552496,
          35.8954442
        ]
      },
      "id": "way/184793541"
    },
    {
      "type": "Feature",
      "properties": {
        "@id": "way/184793557",
        "addr:city": "Ksar el Boukhari",
        "addr:postcode": "26300",
        "amenity": "hospital",
        "healthcare": "hospital",
        "name": "Hôpital",
        "name:ar": "مستشفى قصر البخاري",
        "name:fr": "Hôpital EPH Ksar el Boukhari",
        "phone": "025692003",
        "@geometry": "center"
      },
      "geometry": {
        "type": "Point",
        "coordinates": [
          2.7472512,
          35.8854551
        ]
      },
      "id": "way/184793557"
    },
    {
      "type": "Feature",
      "properties": {
        "@id": "way/185318272",
        "amenity": "hospital",
        "healthcare": "hospital",
        "name": "Centres de Santé",
        "@geometry": "center"
      },
      "geometry": {
        "type": "Point",
        "coordinates": [
          5.4294547,
          36.2001996
        ]
      },
      "id": "way/185318272"
    },
    {
      "type": "Feature",
      "properties": {
        "@id": "way/185778865",
        "amenity": "hospital",
        "healthcare": "hospital",
        "@geometry": "center"
      },
      "geometry": {
        "type": "Point",
        "coordinates": [
          -2.2427964,
          34.4773788
        ]
      },
      "id": "way/185778865"
    },
    {
      "type": "Feature",
      "properties": {
        "@id": "way/185823666",
        "amenity": "hospital",
        "healthcare": "hospital",
        "name": "Kaab.ilot 06-1 Maternité",
        "wheelchair": "yes",
        "@geometry": "center"
      },
      "geometry": {
        "type": "Point",
        "coordinates": [
          5.4058989,
          36.2020292
        ]
      },
      "id": "way/185823666"
    },
    {
      "type": "Feature",
      "properties": {
        "@id": "way/186937625",
        "amenity": "hospital",
        "name": "Clinique militaire les Oliviers",
        "@geometry": "center"
      },
      "geometry": {
        "type": "Point",
        "coordinates": [
          3.0590998,
          36.7262663
        ]
      },
      "id": "way/186937625"
    },
    {
      "type": "Feature",
      "properties": {
        "@id": "way/186941040",
        "addr:city": "Remchi",
        "amenity": "hospital",
        "name": "Hôpital privé",
        "@geometry": "center"
      },
      "geometry": {
        "type": "Point",
        "coordinates": [
          -1.4269539,
          35.0632377
        ]
      },
      "id": "way/186941040"
    },
    {
      "type": "Feature",
      "properties": {
        "@id": "way/186973389",
        "amenity": "hospital",
        "emergency": "yes",
        "healthcare": "hospital",
        "name": "مركز الصحة الاساسية بالمكارم",
        "name:ar": "مركز الصحة الاساسية بالمكارم",
        "@geometry": "center"
      },
      "geometry": {
        "type": "Point",
        "coordinates": [
          9.6077895,
          35.2150982
        ]
      },
      "id": "way/186973389"
    },
    {
      "type": "Feature",
      "properties": {
        "@id": "way/187960952",
        "addr:city": "البرواقية",
        "addr:city:ar": "البرواقية",
        "addr:postcode": "26200",
        "amenity": "hospital",
        "emergency": "yes",
        "healthcare": "hospital",
        "name": "المؤسسة العمومية الاستشفائية -البرواقية-",
        "name:ar": "المؤسسة العمومية الاستشفائية -البرواقية-",
        "name:fr": "Etablissement Public Hospitalier -Berrouaghia-",
        "@geometry": "center"
      },
      "geometry": {
        "type": "Point",
        "coordinates": [
          2.9148073,
          36.134973
        ]
      },
      "id": "way/187960952"
    },
    {
      "type": "Feature",
      "properties": {
        "@id": "way/188924305",
        "addr:postcode": "10000",
        "amenity": "hospital",
        "emergency": "yes",
        "healthcare": "hospital",
        "name": "Hôpital Mohamed Boudiaf ⵙⵠⵉⵜⴰⵔ ⵎⵓⵀⴰⵎⴻⴷ ⴱⵓⵝⵖⴰⴼ مستشفى محمد بوضياف",
        "name:ar": "مستشفى محمد بوضياف",
        "name:fr": "Hôpital Mohamed Boudiaf",
        "name:kab": "ⵙⵠⵉⵜⴰⵔ ⵎⵓⵀⴰⵎⴻⴷ ⴱⵓⵝⵖⴰⴼ",
        "@geometry": "center"
      },
      "geometry": {
        "type": "Point",
        "coordinates": [
          3.8839042,
          36.3698517
        ]
      },
      "id": "way/188924305"
    },
    {
      "type": "Feature",
      "properties": {
        "@id": "way/190374005",
        "addr:city": "Médéa",
        "addr:postcode": "26000",
        "amenity": "hospital",
        "emergency": "yes",
        "name": "Hôpital Mohamed Boudiaf",
        "@geometry": "center"
      },
      "geometry": {
        "type": "Point",
        "coordinates": [
          2.7576301,
          36.2596728
        ]
      },
      "id": "way/190374005"
    },
    {
      "type": "Feature",
      "properties": {
        "@id": "way/190375109",
        "amenity": "hospital",
        "healthcare": "hospital",
        "name": "Dispensaire",
        "name:ar": "مستوصف",
        "@geometry": "center"
      },
      "geometry": {
        "type": "Point",
        "coordinates": [
          2.7711739,
          36.2709269
        ]
      },
      "id": "way/190375109"
    },
    {
      "type": "Feature",
      "properties": {
        "@id": "way/192359415",
        "amenity": "hospital",
        "barrier": "wall",
        "designation": "Dispensaire de Zriba",
        "emergency": "no",
        "name": "Dispensaire de Zriba",
        "@geometry": "center"
      },
      "geometry": {
        "type": "Point",
        "coordinates": [
          10.2073752,
          36.3540258
        ]
      },
      "id": "way/192359415"
    },
    {
      "type": "Feature",
      "properties": {
        "@id": "way/193219126",
        "addr:city": "Batna",
        "amenity": "hospital",
        "emergency": "yes",
        "name": "CHU Benflis Touhami",
        "@geometry": "center"
      },
      "geometry": {
        "type": "Point",
        "coordinates": [
          6.1894037,
          35.5320507
        ]
      },
      "id": "way/193219126"
    },
    {
      "type": "Feature",
      "properties": {
        "@id": "way/193228566",
        "addr:city": "Batna",
        "amenity": "hospital",
        "emergency": "yes",
        "name": "Centre Anti Cancer",
        "@geometry": "center"
      },
      "geometry": {
        "type": "Point",
        "coordinates": [
          6.1964348,
          35.5236612
        ]
      },
      "id": "way/193228566"
    },
    {
      "type": "Feature",
      "properties": {
        "@id": "way/193403431",
        "amenity": "hospital",
        "name": "Hospital des Forces de Securité Interieures (F.S.I)",
        "name:fr": "Hôpital des Forces de Securité Interieures (F.S.I)",
        "@geometry": "center"
      },
      "geometry": {
        "type": "Point",
        "coordinates": [
          10.3250055,
          36.8791068
        ]
      },
      "id": "way/193403431"
    },
    {
      "type": "Feature",
      "properties": {
        "@id": "way/193730675",
        "addr:city": "عين تموشنت",
        "addr:postcode": "46000",
        "amenity": "hospital",
        "designation": "Etablissement Hospilarier",
        "emergency": "yes",
        "healthcare": "hospital",
        "name": "مستشفى الدكتور بن زرجب",
        "name:ar": "مستشفى الدكتور بن زرجب",
        "name:fr": "Hôpital Dr Benzarjeb",
        "@geometry": "center"
      },
      "geometry": {
        "type": "Point",
        "coordinates": [
          -1.1296828,
          35.2883036
        ]
      },
      "id": "way/193730675"
    },
    {
      "type": "Feature",
      "properties": {
        "@id": "way/193732224",
        "addr:city": "Aïn Témouchent عين تموشنت",
        "addr:city:ar": "عين تموشنت",
        "addr:city:es": "Aín Temushent",
        "addr:postcode": "46000",
        "amenity": "hospital",
        "emergency": "yes",
        "healthcare": "hospital",
        "name": "Hôpital Ahmed Medeghri مستشفى أحمد مدغري",
        "name:ar": "مستشفى أحمد مدغري",
        "name:en": "Ahmad Madighri Hospital",
        "@geometry": "center"
      },
      "geometry": {
        "type": "Point",
        "coordinates": [
          -1.1418299,
          35.2999501
        ]
      },
      "id": "way/193732224"
    },
    {
      "type": "Feature",
      "properties": {
        "@id": "way/194423218",
        "addr:city": "El Affroun",
        "amenity": "hospital",
        "emergency": "yes",
        "name": "Hôpital d'El Affroun",
        "@geometry": "center"
      },
      "geometry": {
        "type": "Point",
        "coordinates": [
          2.6285475,
          36.4716194
        ]
      },
      "id": "way/194423218"
    },
    {
      "type": "Feature",
      "properties": {
        "@id": "way/196917994",
        "amenity": "hospital",
        "name": "Dispensaire",
        "@geometry": "center"
      },
      "geometry": {
        "type": "Point",
        "coordinates": [
          2.2806963,
          36.1962763
        ]
      },
      "id": "way/196917994"
    },
    {
      "type": "Feature",
      "properties": {
        "@id": "way/196930889",
        "amenity": "hospital",
        "name": "Hôpital d'Arris",
        "@geometry": "center"
      },
      "geometry": {
        "type": "Point",
        "coordinates": [
          6.3580785,
          35.2593401
        ]
      },
      "id": "way/196930889"
    },
    {
      "type": "Feature",
      "properties": {
        "@id": "way/197847173",
        "amenity": "hospital",
        "designation": "Infirmerie",
        "emergency": "no",
        "healthcare": "hospital",
        "@geometry": "center"
      },
      "geometry": {
        "type": "Point",
        "coordinates": [
          6.6086085,
          36.8770242
        ]
      },
      "id": "way/197847173"
    },
    {
      "type": "Feature",
      "properties": {
        "@id": "way/198095058",
        "addr:city": "Ali Mendjeli",
        "amenity": "hospital",
        "healthcare": "hospital",
        "name": "Hôpital Militaire de Ali Mendjeli",
        "name:ar": "المستشفى العسكري علي منجلي",
        "name:fr": "Hôpital Militaire de Ali Mendjeli",
        "@geometry": "center"
      },
      "geometry": {
        "type": "Point",
        "coordinates": [
          6.5903668,
          36.245825
        ]
      },
      "id": "way/198095058"
    },
    {
      "type": "Feature",
      "properties": {
        "@id": "way/198102081",
        "amenity": "hospital",
        "healthcare": "hospital",
        "name": "Hopital Psychiatrique",
        "@geometry": "center"
      },
      "geometry": {
        "type": "Point",
        "coordinates": [
          6.6473658,
          36.3902208
        ]
      },
      "id": "way/198102081"
    },
    {
      "type": "Feature",
      "properties": {
        "@id": "way/198659715",
        "amenity": "hospital",
        "healthcare": "hospital",
        "@geometry": "center"
      },
      "geometry": {
        "type": "Point",
        "coordinates": [
          9.7885106,
          34.849246
        ]
      },
      "id": "way/198659715"
    },
    {
      "type": "Feature",
      "properties": {
        "@id": "way/203008351",
        "amenity": "hospital",
        "building": "yes",
        "healthcare": "hospital",
        "name": "Maternité Farhat Hached",
        "@geometry": "center"
      },
      "geometry": {
        "type": "Point",
        "coordinates": [
          10.626108,
          35.8295917
        ]
      },
      "id": "way/203008351"
    },
    {
      "type": "Feature",
      "properties": {
        "@id": "way/203055339",
        "addr:city": "سوسة",
        "addr:city:ar": "سوسة",
        "addr:postcode": "4031",
        "addr:street": "Avenue Ibn Jazzar",
        "amenity": "hospital",
        "building": "yes",
        "emergency": "yes",
        "healthcare": "hospital",
        "layer": "1",
        "name": "Hôpital Farhat hached;Service des Urgences Farhat hached",
        "phone": "+216 73 222 293",
        "@geometry": "center"
      },
      "geometry": {
        "type": "Point",
        "coordinates": [
          10.6288344,
          35.8300096
        ]
      },
      "id": "way/203055339"
    },
    {
      "type": "Feature",
      "properties": {
        "@id": "way/203946738",
        "addr:city": "Djelida",
        "addr:postcode": "44100",
        "amenity": "hospital",
        "name": "EPSP",
        "@geometry": "center"
      },
      "geometry": {
        "type": "Point",
        "coordinates": [
          2.0784456,
          36.2006954
        ]
      },
      "id": "way/203946738"
    },
    {
      "type": "Feature",
      "properties": {
        "@id": "way/204163694",
        "addr:city": "الناظور",
        "amenity": "hospital",
        "building": "yes",
        "healthcare": "hospital",
        "name": "Centre de diagnostic مركز التشخيص",
        "name:ar": "مركز التشخيص",
        "name:fr": "Centre de diagnostic",
        "@geometry": "center"
      },
      "geometry": {
        "type": "Point",
        "coordinates": [
          -2.9261796,
          35.17611
        ]
      },
      "id": "way/204163694"
    },
    {
      "type": "Feature",
      "properties": {
        "@id": "way/204812435",
        "addr:city": "Sidi Bouabida",
        "addr:postcode": "44304",
        "amenity": "hospital",
        "emergency": "yes",
        "healthcare": "hospital",
        "name": "Hôpital Sidi Bouabida",
        "name:ar": "مستشفى سيدي بوعبيدة",
        "@geometry": "center"
      },
      "geometry": {
        "type": "Point",
        "coordinates": [
          1.7198551,
          36.2283464
        ]
      },
      "id": "way/204812435"
    },
    {
      "type": "Feature",
      "properties": {
        "@id": "way/206501539",
        "addr:city": "تلاغ",
        "amenity": "hospital",
        "healthcare": "hospital",
        "name": "مستشفى حديد عيسى تلاغ",
        "name:ar": "مستشفى تلاغ",
        "name:fr": "Hôpital de Telagh",
        "@geometry": "center"
      },
      "geometry": {
        "type": "Point",
        "coordinates": [
          -0.5644231,
          34.7793942
        ]
      },
      "id": "way/206501539"
    },
    {
      "type": "Feature",
      "properties": {
        "@id": "way/206604886",
        "addr:city": "Aïn Defla",
        "addr:postcode": "44000",
        "addr:street": "Bd Emir Abdelkader",
        "amenity": "hospital",
        "emergency": "yes",
        "healthcare": "hospital",
        "name": "CHU Makour Hamou",
        "name:ar": "المؤسسة العمومية الاستشفائية مكور حمو",
        "name:en": "Makour Hamou Hospital",
        "name:fr": "EPH Makour Hamou",
        "phone": "+213 27 60 34 24",
        "@geometry": "center"
      },
      "geometry": {
        "type": "Point",
        "coordinates": [
          1.9636267,
          36.2651999
        ]
      },
      "id": "way/206604886"
    },
    {
      "type": "Feature",
      "properties": {
        "@id": "way/206843310",
        "addr:city": "مدنين",
        "addr:postcode": "4100",
        "addr:street": "طريق تطاوين",
        "amenity": "hospital",
        "emergency": "yes",
        "name": "المستشفى الجهوي الحبيب بورقيبة",
        "name:ar": "المستشفى الجهوي الحبيب بورقيبة",
        "name:de": "Habib Bourguiba",
        "name:en": "Habib Bourguiba",
        "name:fr": "Hôpital Régional Habib Bourguiba",
        "name:pl": "Habib Bourguiba",
        "name:ru": "Habib Bourguiba",
        "name:zh": "哈比卜·布尔吉巴",
        "phone": "+216 75 640 044",
        "@geometry": "center"
      },
      "geometry": {
        "type": "Point",
        "coordinates": [
          10.487706,
          33.3316428
        ]
      },
      "id": "way/206843310"
    },
    {
      "type": "Feature",
      "properties": {
        "@id": "way/207216169",
        "addr:postcode": "8010",
        "addr:street": "Rue Mongi Slim",
        "amenity": "hospital",
        "barrier": "wall",
        "fax": "+216 72 292 593",
        "healthcare": "hospital",
        "name": "Hôpital Circonscription Fattouma Limam - Menzel Bouzelfa",
        "phone": "+216 72 292 091",
        "@geometry": "center"
      },
      "geometry": {
        "type": "Point",
        "coordinates": [
          10.5885509,
          36.6912844
        ]
      },
      "id": "way/207216169"
    },
    {
      "type": "Feature",
      "properties": {
        "@id": "way/207323991",
        "addr:city": "ماجل بلعباس",
        "amenity": "hospital",
        "barrier": "wall",
        "healthcare": "hospital",
        "name": "المستشفى المحلي ماجل بلعباس",
        "name:ar": "المستشفى المحلي ماجل بلعباس",
        "name:fr": "Hôpital Régional de Majel Bel Abbès",
        "@geometry": "center"
      },
      "geometry": {
        "type": "Point",
        "coordinates": [
          8.5201173,
          34.754686
        ]
      },
      "id": "way/207323991"
    },
    {
      "type": "Feature",
      "properties": {
        "@id": "way/207342076",
        "addr:city": "Tozeur",
        "addr:postcode": "2200",
        "amenity": "hospital",
        "healthcare": "hospital",
        "name": "المستشفى الجهوي بتوزر",
        "name:ar": "المستشفى الجهوي بتوزر",
        "name:fr": "Hôpital Régional de Tozeur",
        "phone": "+216 76 453 400",
        "@geometry": "center"
      },
      "geometry": {
        "type": "Point",
        "coordinates": [
          8.1292039,
          33.9164495
        ]
      },
      "id": "way/207342076"
    },
    {
      "type": "Feature",
      "properties": {
        "@id": "way/208118856",
        "amenity": "hospital",
        "barrier": "wall",
        "emergency": "yes",
        "healthcare": "hospital",
        "name": "Hôpital de kélibia",
        "@geometry": "center"
      },
      "geometry": {
        "type": "Point",
        "coordinates": [
          11.0909707,
          36.8541218
        ]
      },
      "id": "way/208118856"
    },
    {
      "type": "Feature",
      "properties": {
        "@id": "way/208268688",
        "addr:city": "Motril",
        "addr:postcode": "18600",
        "addr:street": "Avenida Enrique Martín Cuevas",
        "amenity": "hospital",
        "emergency": "yes",
        "emergency:phone": "+34 958 02 88 27",
        "healthcare": "hospital",
        "name": "Hospital Santa Ana",
        "network": "Servicio Andaluz de Salud",
        "network:short": "SAS",
        "nohousenumber": "yes",
        "operator": "Servicio Andaluz de Salud",
        "operator:short": "SAS",
        "operator:type": "public",
        "operator:wikidata": "Q4753529",
        "phone": "+34 958 03 82 00",
        "ref": "16445",
        "source": "https://www.sspa.juntadeandalucia.es/servicioandaluzdesalud/el-sas/servicios-y-centros/informacion-por-centros/16445",
        "wikidata": "Q20748066",
        "wikipedia": "es:Hospital Santa Ana de Motril",
        "@geometry": "center"
      },
      "geometry": {
        "type": "Point",
        "coordinates": [
          -3.5205198,
          36.7551261
        ]
      },
      "id": "way/208268688"
    },
    {
      "type": "Feature",
      "properties": {
        "@id": "way/209396673",
        "addr:city": "تبسة",
        "addr:city:ar": "تبسة",
        "amenity": "hospital",
        "healthcare": "hospital",
        "name": "مستشفى عبد العزبز خالدي",
        "name:ar": "مستشفى عبد العزبز خالدي",
        "name:fr": "Hôpital Khaldi Abdelaziz",
        "@geometry": "center"
      },
      "geometry": {
        "type": "Point",
        "coordinates": [
          8.1172179,
          35.4022048
        ]
      },
      "id": "way/209396673"
    },
    {
      "type": "Feature",
      "properties": {
        "@id": "way/209416151",
        "addr:city": "تبسة",
        "addr:city:ar": "تبسة",
        "amenity": "hospital",
        "emergency": "yes",
        "healthcare": "hospital",
        "name": "الاستعجالات الطبية عاليا صالح",
        "name:ar": "الاستعجالات الطبية عاليا صالح",
        "name:fr": "Urgences Médicales Alia Salah",
        "@geometry": "center"
      },
      "geometry": {
        "type": "Point",
        "coordinates": [
          8.1042695,
          35.4013773
        ]
      },
      "id": "way/209416151"
    },
    {
      "type": "Feature",
      "properties": {
        "@id": "way/209416160",
        "addr:city": "تبسة",
        "addr:city:ar": "تبسة",
        "addr:postcode": "12000",
        "amenity": "hospital",
        "healthcare": "hospital",
        "name": "مختبر النظافة",
        "name:ar": "مختبر النظافة",
        "name:fr": "Laboratoire d'Hygiène",
        "@geometry": "center"
      },
      "geometry": {
        "type": "Point",
        "coordinates": [
          8.099801,
          35.3944393
        ]
      },
      "id": "way/209416160"
    },
    {
      "type": "Feature",
      "properties": {
        "@id": "way/209561271",
        "amenity": "hospital",
        "name": "Polyclinique",
        "@geometry": "center"
      },
      "geometry": {
        "type": "Point",
        "coordinates": [
          8.1705839,
          35.206805
        ]
      },
      "id": "way/209561271"
    },
    {
      "type": "Feature",
      "properties": {
        "@id": "way/209923812",
        "addr:postcode": "12001",
        "amenity": "hospital",
        "healthcare": "hospital",
        "healthcare:speciality": "general",
        "name": "Hôpital Tidjani Hadam",
        "name:ar": "مستشفى التيجاني هدام",
        "name:en": "Tidjani Haddam Hospital",
        "operator": "Ministère de la santé",
        "operator:type": "public",
        "@geometry": "center"
      },
      "geometry": {
        "type": "Point",
        "coordinates": [
          8.0510037,
          34.757034
        ]
      },
      "id": "way/209923812"
    },
    {
      "type": "Feature",
      "properties": {
        "@id": "way/210585690",
        "amenity": "hospital",
        "healthcare": "hospital",
        "name": "Centro de Consultas Externas",
        "@geometry": "center"
      },
      "geometry": {
        "type": "Point",
        "coordinates": [
          -3.6090717,
          37.1892511
        ]
      },
      "id": "way/210585690"
    },
    {
      "type": "Feature",
      "properties": {
        "@id": "way/210585693",
        "addr:city": "Granada",
        "addr:postcode": "18012",
        "amenity": "hospital",
        "building": "hospital",
        "building:levels": "9",
        "building:levels:underground": "2",
        "emergency": "yes",
        "healthcare": "hospital",
        "name": "Hospital de Neurotraumatología y Rehabilitación",
        "network": "Servicio Andaluz de Salud",
        "network:short": "SAS",
        "operator:type": "public",
        "wikidata": "Q87761809",
        "@geometry": "center"
      },
      "geometry": {
        "type": "Point",
        "coordinates": [
          -3.6074065,
          37.1930103
        ]
      },
      "id": "way/210585693"
    },
    {
      "type": "Feature",
      "properties": {
        "@id": "way/210898707",
        "amenity": "hospital",
        "healthcare": "hospital",
        "name": "Hôpital",
        "@geometry": "center"
      },
      "geometry": {
        "type": "Point",
        "coordinates": [
          3.0911615,
          36.7011263
        ]
      },
      "id": "way/210898707"
    },
    {
      "type": "Feature",
      "properties": {
        "@id": "way/211899564",
        "addr:city": "Tétouan",
        "addr:street": "Av. Hassan II",
        "amenity": "hospital",
        "fax": "+212 5 39 96 26 00",
        "healthcare": "hospital",
        "name": "Clinique an-Nakhil",
        "@geometry": "center"
      },
      "geometry": {
        "type": "Point",
        "coordinates": [
          -5.3822046,
          35.5689951
        ]
      },
      "id": "way/211899564"
    },
    {
      "type": "Feature",
      "properties": {
        "@id": "way/211974412",
        "addr:city": "Tétouan",
        "addr:street": "Av. Mohamed V",
        "amenity": "hospital",
        "fax": "+212 5 39 96 42 52",
        "healthcare": "hospital",
        "name": "Clinique Tétouan",
        "@geometry": "center"
      },
      "geometry": {
        "type": "Point",
        "coordinates": [
          -5.3854731,
          35.5707363
        ]
      },
      "id": "way/211974412"
    },
    {
      "type": "Feature",
      "properties": {
        "@id": "way/212171810",
        "amenity": "hospital",
        "healthcare": "clinic",
        "healthcare:speciality": "general",
        "name": "Polyclinique de Hammam Bou Hadjar",
        "name:fr": "Polyclinique de Hammam Bou Hadjar",
        "source": "Algerie Mapper Team",
        "@geometry": "center"
      },
      "geometry": {
        "type": "Point",
        "coordinates": [
          -0.9666106,
          35.3771308
        ]
      },
      "id": "way/212171810"
    },
    {
      "type": "Feature",
      "properties": {
        "@id": "way/214448305",
        "amenity": "hospital",
        "emergency": "yes",
        "name": "Hôpital d'El Harrouch",
        "@geometry": "center"
      },
      "geometry": {
        "type": "Point",
        "coordinates": [
          6.8383116,
          36.6551829
        ]
      },
      "id": "way/214448305"
    },
    {
      "type": "Feature",
      "properties": {
        "@id": "way/215498157",
        "addr:city": "Ras Jebel",
        "addr:postcode": "7070",
        "amenity": "hospital",
        "check_date": "2024-11-02",
        "emergency": "yes",
        "name": "المستشفى المحلي حسان بلخوجة براس الجبل",
        "name:ar": "المستشفى المحلي حسان بلخوجة براس الجبل",
        "name:fr": "Hôpital Hassen Belkhouja de Ras Jebel",
        "phone": "+216 72 449 299",
        "wheelchair": "yes",
        "@geometry": "center"
      },
      "geometry": {
        "type": "Point",
        "coordinates": [
          10.1251345,
          37.2107996
        ]
      },
      "id": "way/215498157"
    },
    {
      "type": "Feature",
      "properties": {
        "@id": "way/216697959",
        "addr:city": "Ben Aknoun",
        "addr:street": "Chemin des Deux Bassins",
        "amenity": "hospital",
        "emergency": "yes",
        "healthcare": "hospital",
        "healthcare:speciality": "physiatry",
        "name": "Hôpital de Ben Aknoun مستشفى بن عكنون",
        "name:ar": "مستشفى عبد القادر بوخروفة - بن عكنون",
        "name:en": "Boukhroufa Abdelkader Hospital - Ben Aknoun",
        "name:fr": "Hôpital de Boukhroufa Abdelkader - Ben Aknoun",
        "@geometry": "center"
      },
      "geometry": {
        "type": "Point",
        "coordinates": [
          3.0008064,
          36.7547224
        ]
      },
      "id": "way/216697959"
    },
    {
      "type": "Feature",
      "properties": {
        "@id": "way/217506872",
        "amenity": "hospital",
        "name": "Clinique Ophtalmologique",
        "@geometry": "center"
      },
      "geometry": {
        "type": "Point",
        "coordinates": [
          3.0321468,
          36.7374537
        ]
      },
      "id": "way/217506872"
    },
    {
      "type": "Feature",
      "properties": {
        "@id": "way/217697083",
        "amenity": "hospital",
        "healthcare": "hospital",
        "name": "EHS Bachir Mentouri",
        "@geometry": "center"
      },
      "geometry": {
        "type": "Point",
        "coordinates": [
          3.0866472,
          36.7261077
        ]
      },
      "id": "way/217697083"
    },
    {
      "type": "Feature",
      "properties": {
        "@id": "way/217743092",
        "amenity": "hospital",
        "building": "hospital",
        "emergency": "yes",
        "healthcare": "hospital",
        "name": "Sanatorium Tessala",
        "operator": "Ministère de la Santé",
        "operator:type": "public",
        "@geometry": "center"
      },
      "geometry": {
        "type": "Point",
        "coordinates": [
          -0.7765764,
          35.274587
        ]
      },
      "id": "way/217743092"
    },
    {
      "type": "Feature",
      "properties": {
        "@id": "way/218338738",
        "addr:street": "Calle San Juan de Dios",
        "amenity": "hospital",
        "emergency": "no",
        "healthcare": "hospital",
        "name": "Hospital de San Juan de Dios",
        "operator": "Servicio Andaluz de Salud - Junta de Andalucía",
        "wikidata": "Q30603279",
        "@geometry": "center"
      },
      "geometry": {
        "type": "Point",
        "coordinates": [
          -3.6033123,
          37.1804467
        ]
      },
      "id": "way/218338738"
    },
    {
      "type": "Feature",
      "properties": {
        "@id": "way/218338739",
        "addr:housenumber": "19",
        "addr:street": "Calle San Juan de Dios",
        "amenity": "hospital",
        "email": "granada1.sanrafael@sjd.es",
        "fax": "+34 958209110",
        "healthcare": "hospital",
        "name": "Hospital de San Rafael",
        "operator": "Orden Hospitalaria de San Juan de Dios",
        "operator:type": "religious",
        "operator:website": "https://www.sjdgranada.es",
        "phone": "+34 958275700",
        "source": "https://www.sjdgranada.es/hospital-san-rafael",
        "wikidata": "Q43896504",
        "@geometry": "center"
      },
      "geometry": {
        "type": "Point",
        "coordinates": [
          -3.6031039,
          37.1809908
        ]
      },
      "id": "way/218338739"
    },
    {
      "type": "Feature",
      "properties": {
        "@id": "way/218917999",
        "addr:city": "Chellalet El Adhaoura",
        "amenity": "hospital",
        "emergency": "yes",
        "name": "Hôpital de Chellalet El Adhaoura",
        "@geometry": "center"
      },
      "geometry": {
        "type": "Point",
        "coordinates": [
          3.4149086,
          35.9414413
        ]
      },
      "id": "way/218917999"
    },
    {
      "type": "Feature",
      "properties": {
        "@id": "way/219020770",
        "amenity": "hospital",
        "emergency": "yes",
        "healthcare": "hospital",
        "name": "centre de santé",
        "@geometry": "center"
      },
      "geometry": {
        "type": "Point",
        "coordinates": [
          -0.6190994,
          35.2010079
        ]
      },
      "id": "way/219020770"
    },
    {
      "type": "Feature",
      "properties": {
        "@id": "way/219028752",
        "amenity": "hospital",
        "emergency": "yes",
        "healthcare": "hospital",
        "name": "Maternité Benatou Mira",
        "name:ar": "مستشفى الولادة",
        "name:fr": "Maternité",
        "@geometry": "center"
      },
      "geometry": {
        "type": "Point",
        "coordinates": [
          -0.6193061,
          35.1933797
        ]
      },
      "id": "way/219028752"
    },
    {
      "type": "Feature",
      "properties": {
        "@id": "way/219031576",
        "addr:city": "سيدي بلعباس",
        "addr:city:ar": "سيدي بلعباس",
        "amenity": "hospital",
        "emergency": "yes",
        "healthcare": "hospital",
        "name": "مركز الصحة",
        "name:ar": "مركز الصحة",
        "name:fr": "Centre de santé",
        "@geometry": "center"
      },
      "geometry": {
        "type": "Point",
        "coordinates": [
          -0.6316184,
          35.192154
        ]
      },
      "id": "way/219031576"
    },
    {
      "type": "Feature",
      "properties": {
        "@id": "way/219035135",
        "addr:city": "سيدي بلعباس",
        "addr:city:ar": "سيدي بلعباس",
        "amenity": "hospital",
        "healthcare": "hospital",
        "name": "مركز الصحة",
        "name:ar": "مركز الصحة",
        "name:fr": "centre de santé",
        "@geometry": "center"
      },
      "geometry": {
        "type": "Point",
        "coordinates": [
          -0.6438964,
          35.1939438
        ]
      },
      "id": "way/219035135"
    },
    {
      "type": "Feature",
      "properties": {
        "@id": "way/219038287",
        "addr:city": "سيدي بلعباس",
        "addr:city:ar": "سيدي بلعباس",
        "amenity": "hospital",
        "emergency": "yes",
        "healthcare": "hospital",
        "name": "مركز الصحة",
        "name:ar": "مركز الصحة",
        "name:fr": "centre de santé",
        "@geometry": "center"
      },
      "geometry": {
        "type": "Point",
        "coordinates": [
          -0.6289335,
          35.1951754
        ]
      },
      "id": "way/219038287"
    },
    {
      "type": "Feature",
      "properties": {
        "@id": "way/219059772",
        "amenity": "hospital",
        "name": "Hopital",
        "@geometry": "center"
      },
      "geometry": {
        "type": "Point",
        "coordinates": [
          3.2624638,
          36.1234592
        ]
      },
      "id": "way/219059772"
    },
    {
      "type": "Feature",
      "properties": {
        "@id": "way/219436032",
        "amenity": "hospital",
        "name": "centre de santé",
        "@geometry": "center"
      },
      "geometry": {
        "type": "Point",
        "coordinates": [
          -0.6476865,
          35.2000371
        ]
      },
      "id": "way/219436032"
    },
    {
      "type": "Feature",
      "properties": {
        "@id": "way/220400576",
        "addr:city": "Beni Slimane",
        "addr:postcode": "26001",
        "amenity": "hospital",
        "emergency": "yes",
        "fax": "025 71 52 74",
        "name": "Hopital EPH Said Omar",
        "operator": "CHENAF GOUIDER",
        "phone": "025 71 41 84",
        "@geometry": "center"
      },
      "geometry": {
        "type": "Point",
        "coordinates": [
          3.2991117,
          36.2234192
        ]
      },
      "id": "way/220400576"
    },
    {
      "type": "Feature",
      "properties": {
        "@id": "way/221101263",
        "amenity": "hospital",
        "building": "yes",
        "emergency": "no",
        "healthcare": "hospital",
        "name": "Centre de santé",
        "@geometry": "center"
      },
      "geometry": {
        "type": "Point",
        "coordinates": [
          -6.7972527,
          34.0457237
        ]
      },
      "id": "way/221101263"
    },
    {
      "type": "Feature",
      "properties": {
        "@id": "way/221633097",
        "addr:city": "المنستير",
        "addr:city:ar": "المنستير",
        "addr:postcode": "5000",
        "addr:street": "Rue du 1er juin 1995",
        "amenity": "hospital",
        "emergency": "yes",
        "healthcare": "hospital",
        "name": "مستشفى فطومة بورقيبة",
        "name:ar": "مستشفى فطومة بورقيبة",
        "name:fr": "Hôpital Fattouma Bourguiba",
        "phone": "+216 73 460 309",
        "wikidata": "Q30282397",
        "wikimedia_commons": "Category:Hôpital Fattouma Bourguiba",
        "@geometry": "center"
      },
      "geometry": {
        "type": "Point",
        "coordinates": [
          10.8340063,
          35.7704011
        ]
      },
      "id": "way/221633097"
    },
    {
      "type": "Feature",
      "properties": {
        "@id": "way/222155068",
        "addr:city": "Boufarik",
        "addr:postcode": "09001",
        "addr:street": "Rue des frères Hamadouch",
        "amenity": "hospital",
        "emergency": "yes",
        "healthcare:speciality": "internal;infectious_diseases;gynaecology;surgery;paediatrics;emergency;anaesthetics;intensive",
        "name": "Hôpital de Boufarik",
        "name:ar": "مستشفى بوفاريك",
        "name:en": "Boufarik Hospital",
        "name:fr": "Hôpital de Boufarik",
        "operator": "Ministère de la santé",
        "@geometry": "center"
      },
      "geometry": {
        "type": "Point",
        "coordinates": [
          2.9093395,
          36.5768733
        ]
      },
      "id": "way/222155068"
    },
    {
      "type": "Feature",
      "properties": {
        "@id": "way/222803371",
        "amenity": "hospital",
        "building": "yes",
        "healthcare": "hospital",
        "@geometry": "center"
      },
      "geometry": {
        "type": "Point",
        "coordinates": [
          -7.6238544,
          33.5577301
        ]
      },
      "id": "way/222803371"
    },
    {
      "type": "Feature",
      "properties": {
        "@id": "way/223085923",
        "amenity": "hospital",
        "barrier": "wall",
        "healthcare": "hospital",
        "name": "مركز طب الولدان و التوليد بالمنستير",
        "name:ar": "مركز طب الولدان و التوليد بالمنستير",
        "name:fr": "Centre de Néonatologie et Maternité deMonastir",
        "@geometry": "center"
      },
      "geometry": {
        "type": "Point",
        "coordinates": [
          10.8030722,
          35.7602118
        ]
      },
      "id": "way/223085923"
    },
    {
      "type": "Feature",
      "properties": {
        "@id": "way/223109878",
        "addr:city": "Ksar Helal",
        "addr:postcode": "5070",
        "addr:street": "Avenue Haj Ali Soua",
        "amenity": "hospital",
        "emergency": "yes",
        "healthcare": "hospital",
        "name": "المستشفى الجهوي الحاج علي صوة",
        "name:ar": "المستشفى الجهوي الحاج علي صوة",
        "name:fr": "Hôpital Régional Haj Ali Soua",
        "phone": "+216 73 476 054",
        "@geometry": "center"
      },
      "geometry": {
        "type": "Point",
        "coordinates": [
          10.8890548,
          35.6505654
        ]
      },
      "id": "way/223109878"
    },
    {
      "type": "Feature",
      "properties": {
        "@id": "way/224738952",
        "addr:city": "Antequera",
        "addr:housename": "Hospital Comarcal de Antequera",
        "addr:postcode": "29200",
        "addr:street": "Avenida Muñoz Rojas",
        "amenity": "hospital",
        "emergency": "yes",
        "healthcare": "hospital",
        "name": "Hospital Comarcal de Antequera",
        "operator": "Junta de Andalucía",
        "operator:type": "government",
        "operator:wikidata": "Q2743342",
        "phone": "+34 951 061 600",
        "website": "http://www.juntadeandalucia.es/servicioandaluzdesalud/hantequera",
        "wheelchair": "yes",
        "@geometry": "center"
      },
      "geometry": {
        "type": "Point",
        "coordinates": [
          -4.5282263,
          37.0306957
        ]
      },
      "id": "way/224738952"
    },
    {
      "type": "Feature",
      "properties": {
        "@id": "way/224810445",
        "addr:city": "Hadjout",
        "addr:postcode": "42001",
        "amenity": "hospital",
        "emergency": "yes",
        "name": "Hôpital de Hadjout",
        "name:ar": "مستشفى حجوط",
        "name:en": "Hadjout Hospital",
        "name:fr": "Hôpital de Hadjout",
        "@geometry": "center"
      },
      "geometry": {
        "type": "Point",
        "coordinates": [
          2.4122686,
          36.5097958
        ]
      },
      "id": "way/224810445"
    },
    {
      "type": "Feature",
      "properties": {
        "@id": "way/225156805",
        "addr:city": "Roquetas de Mar",
        "addr:housenumber": "176",
        "addr:postcode": "04740",
        "addr:street": "Avenida Reino de España",
        "amenity": "hospital",
        "emergency": "yes",
        "healthcare": "hospital",
        "healthcare:speciality": "emergency",
        "name": "Emergencias Roquetas de Mar",
        "opening_hours": "24/7",
        "phone": "+34 950 32 56 90",
        "@geometry": "center"
      },
      "geometry": {
        "type": "Point",
        "coordinates": [
          -2.6084596,
          36.7748724
        ]
      },
      "id": "way/225156805"
    },
    {
      "type": "Feature",
      "properties": {
        "@id": "way/226907914",
        "addr:city": "Dar El Beïda",
        "addr:street": "Cité Fatma Nsoumer",
        "amenity": "hospital",
        "emergency": "yes",
        "healthcare": "hospital",
        "name": "Polyclinique Dar el bida",
        "@geometry": "center"
      },
      "geometry": {
        "type": "Point",
        "coordinates": [
          3.2133403,
          36.7208435
        ]
      },
      "id": "way/226907914"
    },
    {
      "type": "Feature",
      "properties": {
        "@id": "way/227863008",
        "addr:city": "Aïn Oussara",
        "amenity": "hospital",
        "emergency": "yes",
        "name": "Hôpital Commandant Saâdaoui El Mokhtar",
        "name:ar": "مستشفى الرائد سعداوي المختار",
        "name:en": "Hospital commander Saadaoui El Mokhtar",
        "name:fr": "Hôpital Commandant Saâdaoui El Mokhtar",
        "@geometry": "center"
      },
      "geometry": {
        "type": "Point",
        "coordinates": [
          2.9050532,
          35.4554271
        ]
      },
      "id": "way/227863008"
    },
    {
      "type": "Feature",
      "properties": {
        "@id": "way/227890170",
        "addr:city": "Tixeraïne",
        "amenity": "hospital",
        "emergency": "yes",
        "healthcare": "hospital",
        "name": "Hôpital de Tixeraïne مستشفى تيقصراين",
        "name:ar": "مستشفى تيقصراين",
        "name:en": "Tixeraïne Hospital",
        "name:fr": "Hôpital de Tixeraïne",
        "@geometry": "center"
      },
      "geometry": {
        "type": "Point",
        "coordinates": [
          3.0218981,
          36.7243325
        ]
      },
      "id": "way/227890170"
    },
    {
      "type": "Feature",
      "properties": {
        "@id": "way/228460323",
        "amenity": "hospital",
        "emergency": "no",
        "name": "Hopital Mohamed BOUDIAF",
        "@geometry": "center"
      },
      "geometry": {
        "type": "Point",
        "coordinates": [
          8.1010758,
          36.5099468
        ]
      },
      "id": "way/228460323"
    },
    {
      "type": "Feature",
      "properties": {
        "@id": "way/229172459",
        "addr:city": "Bordj Bou Arréridj",
        "addr:postcode": "34000",
        "amenity": "hospital",
        "emergency": "yes",
        "name": "Hôpital Bouzidi Lakhdar",
        "name:ar": "مستشفى بوزيدي لخضر",
        "name:fr": "Hôpital Bouzidi Lakhdar",
        "@geometry": "center"
      },
      "geometry": {
        "type": "Point",
        "coordinates": [
          4.7710786,
          36.0622373
        ]
      },
      "id": "way/229172459"
    },
    {
      "type": "Feature",
      "properties": {
        "@id": "way/229704511",
        "amenity": "hospital",
        "emergency": "yes",
        "healthcare": "hospital",
        "name": "Polyclinique CNSS Ziraoui",
        "operator": "CNSS",
        "operator:type": "public",
        "phone": "+212 5 22 20 38 61",
        "@geometry": "center"
      },
      "geometry": {
        "type": "Point",
        "coordinates": [
          -7.6356322,
          33.594349
        ]
      },
      "id": "way/229704511"
    },
    {
      "type": "Feature",
      "properties": {
        "@id": "way/231883341",
        "amenity": "hospital",
        "name": "EPSP Drid Hocine",
        "name:ar": "مستشفى الامراض العقلية دريد الحسين( ا)",
        "name:fr": "EPSP Drid Hocine 1",
        "@geometry": "center"
      },
      "geometry": {
        "type": "Point",
        "coordinates": [
          3.0844263,
          36.7385509
        ]
      },
      "id": "way/231883341"
    },
    {
      "type": "Feature",
      "properties": {
        "@id": "way/232227750",
        "amenity": "hospital",
        "healthcare": "hospital",
        "name": "Hopital Zighoud Youcef مستشفى زيغود يوسف",
        "name:ar": "مستشفى زيغود يوسف",
        "name:en": "Zighoud Youssef Hospital",
        "name:fr": "Zighoud Youssef Hospital",
        "@geometry": "center"
      },
      "geometry": {
        "type": "Point",
        "coordinates": [
          1.2939915,
          36.5031388
        ]
      },
      "id": "way/232227750"
    },
    {
      "type": "Feature",
      "properties": {
        "@id": "way/232229055",
        "addr:city": "Ténès",
        "addr:postcode": "02006",
        "amenity": "hospital",
        "healthcare": "hospital",
        "name": "Hôpital de Ténès",
        "name:ar": "مستشفى تنس",
        "name:fr": "مستشفى تنس",
        "@geometry": "center"
      },
      "geometry": {
        "type": "Point",
        "coordinates": [
          1.3065041,
          36.5128504
        ]
      },
      "id": "way/232229055"
    },
    {
      "type": "Feature",
      "properties": {
        "@id": "way/233453467",
        "amenity": "hospital",
        "emergency": "yes",
        "healthcare": "hospital",
        "name": "Hôpital de Mila",
        "@geometry": "center"
      },
      "geometry": {
        "type": "Point",
        "coordinates": [
          6.2622271,
          36.443837
        ]
      },
      "id": "way/233453467"
    },
    {
      "type": "Feature",
      "properties": {
        "@id": "way/233458031",
        "addr:city": "Mila",
        "amenity": "hospital",
        "building:colour": "blue",
        "emergency": "yes",
        "healthcare": "hospital",
        "name": "Hôpital DU JOUR",
        "@geometry": "center"
      },
      "geometry": {
        "type": "Point",
        "coordinates": [
          6.2623992,
          36.4499365
        ]
      },
      "id": "way/233458031"
    },
    {
      "type": "Feature",
      "properties": {
        "@id": "way/233659056",
        "addr:city": "Oran",
        "amenity": "hospital",
        "emergency": "yes",
        "healthcare": "hospital",
        "healthcare:speciality": "paediatrics",
        "name": "Hôpital pédiatrique de Canastel",
        "name:ar": "مستشفى كنستال للأطفال",
        "name:fr": "Hôpital pédiatrique de Canastel",
        "@geometry": "center"
      },
      "geometry": {
        "type": "Point",
        "coordinates": [
          -0.5732789,
          35.7385339
        ]
      },
      "id": "way/233659056"
    },
    {
      "type": "Feature",
      "properties": {
        "@id": "way/234048447",
        "amenity": "hospital",
        "building": "yes",
        "name": "Salle de Soins",
        "@geometry": "center"
      },
      "geometry": {
        "type": "Point",
        "coordinates": [
          6.1474562,
          36.4475866
        ]
      },
      "id": "way/234048447"
    },
    {
      "type": "Feature",
      "properties": {
        "@id": "way/234050280",
        "amenity": "hospital",
        "building": "yes",
        "name": "Salle de Soins",
        "@geometry": "center"
      },
      "geometry": {
        "type": "Point",
        "coordinates": [
          6.1282039,
          36.4119178
        ]
      },
      "id": "way/234050280"
    },
    {
      "type": "Feature",
      "properties": {
        "@id": "way/234778249",
        "amenity": "hospital",
        "emergency": "no",
        "healthcare": "hospital",
        "name": "Laboratoire analyse médicale Latifa Ouali",
        "@geometry": "center"
      },
      "geometry": {
        "type": "Point",
        "coordinates": [
          -6.8469036,
          33.9934511
        ]
      },
      "id": "way/234778249"
    },
    {
      "type": "Feature",
      "properties": {
        "@id": "way/234798834",
        "amenity": "hospital",
        "healthcare": "hospital",
        "healthcare:speciality": "cardiology",
        "name": "Clinique Belvedere Centre De Cardiologie",
        "@geometry": "center"
      },
      "geometry": {
        "type": "Point",
        "coordinates": [
          -6.8416074,
          34.0107422
        ]
      },
      "id": "way/234798834"
    },
    {
      "type": "Feature",
      "properties": {
        "@id": "way/235455694",
        "amenity": "hospital",
        "healthcare": "hospital",
        "name": "EPH Sidi Bel Abbès",
        "@geometry": "center"
      },
      "geometry": {
        "type": "Point",
        "coordinates": [
          -0.6317008,
          35.218377
        ]
      },
      "id": "way/235455694"
    },
    {
      "type": "Feature",
      "properties": {
        "@id": "way/235460596",
        "addr:city": "Beni Saf",
        "addr:street": "Rue de la Falaise",
        "amenity": "hospital",
        "emergency": "yes",
        "healthcare": "hospital",
        "healthcare:speciality": "general",
        "name": "Hôpital de Beni Saf",
        "operator": "Ministère de la Santé",
        "operator:type": "government",
        "operator:wikidata": "Q17639127",
        "@geometry": "center"
      },
      "geometry": {
        "type": "Point",
        "coordinates": [
          -1.3838154,
          35.3052659
        ]
      },
      "id": "way/235460596"
    },
    {
      "type": "Feature",
      "properties": {
        "@id": "way/237008248",
        "amenity": "hospital",
        "check_date": "2024-06-15",
        "emergency": "yes",
        "name": "Hospital Victoria Eugenia",
        "operator": "Cruz Roja Española",
        "website": "https://www.hospitalveugenia.com/",
        "wikidata": "Q87762466",
        "@geometry": "center"
      },
      "geometry": {
        "type": "Point",
        "coordinates": [
          -5.9827233,
          37.4004564
        ]
      },
      "id": "way/237008248"
    },
    {
      "type": "Feature",
      "properties": {
        "@id": "way/238882319",
        "addr:city": "Jijel",
        "addr:postcode": "18000",
        "addr:street": "Rue des Frères Bouketta",
        "amenity": "hospital",
        "emergency": "yes",
        "healthcare": "hospital",
        "name": "Hôpital Mohamed Seddik Benyahia",
        "name:ar": "مستشفى محمد صديق بن يحيى",
        "name:fr": "Hôpital Mohamed Seddik Benyahia",
        "@geometry": "center"
      },
      "geometry": {
        "type": "Point",
        "coordinates": [
          5.7667399,
          36.8131637
        ]
      },
      "id": "way/238882319"
    },
    {
      "type": "Feature",
      "properties": {
        "@id": "way/240062704",
        "amenity": "hospital",
        "name": "Hopital Mohamed Meddahi",
        "@geometry": "center"
      },
      "geometry": {
        "type": "Point",
        "coordinates": [
          5.9501928,
          36.4094767
        ]
      },
      "id": "way/240062704"
    },
    {
      "type": "Feature",
      "properties": {
        "@id": "way/240618208",
        "amenity": "hospital",
        "emergency": "yes",
        "healthcare": "hospital",
        "name": "Annexe maternité",
        "name:ar": "مصلحة الأمومة",
        "@geometry": "center"
      },
      "geometry": {
        "type": "Point",
        "coordinates": [
          1.9053958,
          36.5732429
        ]
      },
      "id": "way/240618208"
    },
    {
      "type": "Feature",
      "properties": {
        "@id": "way/240618217",
        "addr:city": "Gouraya",
        "amenity": "hospital",
        "emergency": "yes",
        "healthcare": "hospital",
        "name": "Hôpital",
        "name:ar": "مستشفى",
        "name:fr": "Hôpital",
        "@geometry": "center"
      },
      "geometry": {
        "type": "Point",
        "coordinates": [
          1.9059303,
          36.572394
        ]
      },
      "id": "way/240618217"
    },
    {
      "type": "Feature",
      "properties": {
        "@id": "way/240979013",
        "addr:city": "الأبيض سيدي الشيخ",
        "amenity": "hospital",
        "barrier": "wall",
        "healthcare": "hospital",
        "@geometry": "center"
      },
      "geometry": {
        "type": "Point",
        "coordinates": [
          0.548684,
          32.8955034
        ]
      },
      "id": "way/240979013"
    },
    {
      "type": "Feature",
      "properties": {
        "@id": "way/241183923",
        "amenity": "hospital",
        "@geometry": "center"
      },
      "geometry": {
        "type": "Point",
        "coordinates": [
          3.1384817,
          36.7233088
        ]
      },
      "id": "way/241183923"
    },
    {
      "type": "Feature",
      "properties": {
        "@id": "way/241265165",
        "amenity": "hospital",
        "building": "yes",
        "name": "Centre Médicale Djenan Mabrouk",
        "@geometry": "center"
      },
      "geometry": {
        "type": "Point",
        "coordinates": [
          3.1248927,
          36.7244245
        ]
      },
      "id": "way/241265165"
    },
    {
      "type": "Feature",
      "properties": {
        "@id": "way/241868667",
        "amenity": "hospital",
        "barrier": "wall",
        "healthcare:speciality": "psychiatry",
        "name": "Hôpital psychiatrique",
        "@geometry": "center"
      },
      "geometry": {
        "type": "Point",
        "coordinates": [
          -0.6315381,
          35.2214453
        ]
      },
      "id": "way/241868667"
    },
    {
      "type": "Feature",
      "properties": {
        "@id": "way/242291279",
        "addr:city": "El Bouni",
        "amenity": "hospital",
        "emergency": "yes",
        "name": "Hôpital de El Bouni",
        "@geometry": "center"
      },
      "geometry": {
        "type": "Point",
        "coordinates": [
          7.7372582,
          36.856035
        ]
      },
      "id": "way/242291279"
    },
    {
      "type": "Feature",
      "properties": {
        "@id": "way/242332921",
        "addr:city": "Sidi-Aïch",
        "amenity": "hospital",
        "building:levels": "4",
        "email": "epspsidiaich.dz@gmail.com",
        "emergency": "yes",
        "fax": "+21334860204",
        "healthcare": "hospital",
        "language:ar": "yes",
        "name": "Hôpital Rachid Belhocine",
        "name:ar": "مستشفى رشيد بلحسين",
        "name:fr": "Hôpital Rachid Belhocine",
        "name:kab": "Sbiṭar Racid Belḥusin (Buzerman)",
        "phone": "+21334860203",
        "@geometry": "center"
      },
      "geometry": {
        "type": "Point",
        "coordinates": [
          4.6989721,
          36.6144214
        ]
      },
      "id": "way/242332921"
    },
    {
      "type": "Feature",
      "properties": {
        "@id": "way/242336866",
        "addr:city": "Erramla",
        "addr:country": "TN",
        "addr:governorate": "Sfax",
        "addr:postcode": "3070",
        "amenity": "hospital",
        "barrier": "wall",
        "emergency": "yes",
        "healthcare": "hospital",
        "name": "المستشفى الجهوي بقرقنة",
        "name:ar": "المستشفى الجهوي بقرقنة",
        "name:fr": "Hôpital Régional de Kerkennah",
        "@geometry": "center"
      },
      "geometry": {
        "type": "Point",
        "coordinates": [
          11.201436,
          34.7083998
        ]
      },
      "id": "way/242336866"
    },
    {
      "type": "Feature",
      "properties": {
        "@id": "way/242883226",
        "amenity": "hospital",
        "healthcare": "hospital",
        "name": "Hopital Mohamed 6",
        "@geometry": "center"
      },
      "geometry": {
        "type": "Point",
        "coordinates": [
          -3.0066505,
          35.004445
        ]
      },
      "id": "way/242883226"
    },
    {
      "type": "Feature",
      "properties": {
        "@id": "way/242898759",
        "addr:city": "Bordj Menaïel",
        "amenity": "hospital",
        "emergency": "yes",
        "name": "E.P.H Bordj Menaiel",
        "@geometry": "center"
      },
      "geometry": {
        "type": "Point",
        "coordinates": [
          3.7227911,
          36.744494
        ]
      },
      "id": "way/242898759"
    },
    {
      "type": "Feature",
      "properties": {
        "@id": "way/243292925",
        "addr:city": "Ben Allel",
        "addr:postcode": "44210",
        "amenity": "hospital",
        "healthcare": "hospital",
        "name": "Centre d'acceuil pour enfants à besoins particuliers",
        "@geometry": "center"
      },
      "geometry": {
        "type": "Point",
        "coordinates": [
          2.1569961,
          36.3332358
        ]
      },
      "id": "way/243292925"
    },
    {
      "type": "Feature",
      "properties": {
        "@id": "way/243430553",
        "amenity": "hospital",
        "building": "yes",
        "healthcare": "hospital",
        "name": "Clinique Le Littoral",
        "@geometry": "center"
      },
      "geometry": {
        "type": "Point",
        "coordinates": [
          -7.6751812,
          33.5812437
        ]
      },
      "id": "way/243430553"
    },
    {
      "type": "Feature",
      "properties": {
        "@id": "way/244191965",
        "amenity": "hospital",
        "emergency": "yes",
        "name:ar": "مستشفى محمد بوضياف",
        "name:fr": "EPH Mohamed Boudiaf",
        "@geometry": "center"
      },
      "geometry": {
        "type": "Point",
        "coordinates": [
          1.0165319,
          33.6721269
        ]
      },
      "id": "way/244191965"
    },
    {
      "type": "Feature",
      "properties": {
        "@id": "way/244662752",
        "amenity": "hospital",
        "barrier": "wall",
        "emergency": "yes",
        "name": "Hôpital de Nabeul",
        "@geometry": "center"
      },
      "geometry": {
        "type": "Point",
        "coordinates": [
          10.7317892,
          36.4536442
        ]
      },
      "id": "way/244662752"
    },
    {
      "type": "Feature",
      "properties": {
        "@id": "way/244870319",
        "amenity": "hospital",
        "healthcare": "hospital",
        "name": "Cabinet medical",
        "@geometry": "center"
      },
      "geometry": {
        "type": "Point",
        "coordinates": [
          3.3610065,
          36.6896341
        ]
      },
      "id": "way/244870319"
    },
    {
      "type": "Feature",
      "properties": {
        "@id": "way/245174975",
        "addr:city": "Aïn Taya",
        "amenity": "hospital",
        "emergency": "yes",
        "healthcare": "hospital",
        "name": "Hôpital d'Aïn Taya",
        "name:ar": "مستشفى عين طاية",
        "@geometry": "center"
      },
      "geometry": {
        "type": "Point",
        "coordinates": [
          3.2954234,
          36.7896642
        ]
      },
      "id": "way/245174975"
    },
    {
      "type": "Feature",
      "properties": {
        "@id": "way/245965237",
        "amenity": "hospital",
        "healthcare": "hospital",
        "name": "Hôpital de Zéralda",
        "name:fr": "Hôpital de Zéralda",
        "@geometry": "center"
      },
      "geometry": {
        "type": "Point",
        "coordinates": [
          2.8438522,
          36.7003707
        ]
      },
      "id": "way/245965237"
    },
    {
      "type": "Feature",
      "properties": {
        "@id": "way/245965240",
        "amenity": "hospital",
        "emergency": "yes",
        "name": "Centre de rééducation militaire",
        "name:fr": "Hôpital Bouchawi",
        "@geometry": "center"
      },
      "geometry": {
        "type": "Point",
        "coordinates": [
          2.8871982,
          36.7319082
        ]
      },
      "id": "way/245965240"
    },
    {
      "type": "Feature",
      "properties": {
        "@id": "way/246086623",
        "addr:city": "Alger",
        "addr:postcode": "16205",
        "addr:suburb": "Aïn Naadja",
        "amenity": "hospital",
        "emergency": "yes",
        "healthcare": "hospital",
        "name": "Hôpital Militaire de Ain Naadja",
        "name:ar": "المستشفى العسكري عين النعجة",
        "name:en": "Aïn Naadja Military Hospital",
        "name:fr": "Hôpital Militaire de Ain Naadja",
        "opening_hours": "24/7",
        "phone": "+213 21 54 54 54",
        "wikidata": "Q63984787",
        "wikipedia": "ar:المستشفى المركزي للجيش بعين النعجة",
        "@geometry": "center"
      },
      "geometry": {
        "type": "Point",
        "coordinates": [
          3.0648811,
          36.7190289
        ]
      },
      "id": "way/246086623"
    },
    {
      "type": "Feature",
      "properties": {
        "@id": "way/246160095",
        "addr:city": "سفيزف",
        "addr:city:ar": "سفيزف",
        "amenity": "hospital",
        "building": "yes",
        "healthcare": "hospital",
        "name": "مجمع عيادات - أمومة",
        "name:ar": "مجمع عيادات - أمومة",
        "name:fr": "Polyclinique - Maternité",
        "@geometry": "center"
      },
      "geometry": {
        "type": "Point",
        "coordinates": [
          -0.2420719,
          35.236135
        ]
      },
      "id": "way/246160095"
    },
    {
      "type": "Feature",
      "properties": {
        "@id": "way/246289920",
        "addr:street": "Route kebili C206",
        "amenity": "hospital",
        "barrier": "wall",
        "check_date": "2025-02-28",
        "emergency": "yes",
        "name": "المستشفى المحلي بدوز",
        "name:ar": "المستشفى المحلي بدوز",
        "name:fr": "Hôpital de Douz",
        "phone": "+216 75 470 323;+216 75 470 012",
        "@geometry": "center"
      },
      "geometry": {
        "type": "Point",
        "coordinates": [
          9.0217488,
          33.4754004
        ]
      },
      "id": "way/246289920"
    },
    {
      "type": "Feature",
      "properties": {
        "@id": "way/246408116",
        "amenity": "hospital",
        "healthcare": "psychotherapist",
        "healthcare:speciality": "psychiatry",
        "name": "EHS Psychiatrique Mahfoud Boucebsi",
        "@geometry": "center"
      },
      "geometry": {
        "type": "Point",
        "coordinates": [
          2.9540429,
          36.7650123
        ]
      },
      "id": "way/246408116"
    },
    {
      "type": "Feature",
      "properties": {
        "@id": "way/246427793",
        "addr:postcode": "4200",
        "addr:street": "Route de Gabes",
        "amenity": "hospital",
        "barrier": "wall",
        "name": "المستشفى الجهوي بقبلي",
        "name:ar": "المستشفى الجهوي بقبلي",
        "name:fr": "Hôpital Régional de Kébili",
        "phone": "+216 75 490 210",
        "@geometry": "center"
      },
      "geometry": {
        "type": "Point",
        "coordinates": [
          8.9732659,
          33.7185003
        ]
      },
      "id": "way/246427793"
    },
    {
      "type": "Feature",
      "properties": {
        "@id": "way/248718105",
        "addr:postcode": "16200",
        "amenity": "hospital",
        "building": "yes",
        "emergency": "yes",
        "healthcare": "hospital",
        "name": "Abi Kacem Zehraoui أبي قاسم الزهراوي",
        "name:ar": "أبي قاسم الزهراوي",
        "name:fr": "Abi Kacem Zehraoui",
        "@geometry": "center"
      },
      "geometry": {
        "type": "Point",
        "coordinates": [
          -5.5882554,
          34.7990181
        ]
      },
      "id": "way/248718105"
    },
    {
      "type": "Feature",
      "properties": {
        "@id": "way/249575391",
        "amenity": "hospital",
        "barrier": "wall",
        "healthcare": "hospital",
        "@geometry": "center"
      },
      "geometry": {
        "type": "Point",
        "coordinates": [
          10.2238955,
          36.7643555
        ]
      },
      "id": "way/249575391"
    },
    {
      "type": "Feature",
      "properties": {
        "@id": "way/249639440",
        "amenity": "hospital",
        "healthcare": "hospital",
        "name": "Hopital l Hassani",
        "@geometry": "center"
      },
      "geometry": {
        "type": "Point",
        "coordinates": [
          -2.9364152,
          35.1766682
        ]
      },
      "id": "way/249639440"
    },
    {
      "type": "Feature",
      "properties": {
        "@id": "way/249737313",
        "amenity": "hospital",
        "healthcare": "hospital",
        "name": "Hôpital Ahfir",
        "@geometry": "center"
      },
      "geometry": {
        "type": "Point",
        "coordinates": [
          -2.1028386,
          34.9501765
        ]
      },
      "id": "way/249737313"
    },
    {
      "type": "Feature",
      "properties": {
        "@id": "way/249807273",
        "amenity": "hospital",
        "name": "مستشفى العقيد مصطفى شعباني",
        "name:ar": "مستشفى العقيد مصطفى شعباني",
        "name:en": "Colonel Mustafa Shaabani Hospital",
        "name:fr": "Hôpital COLONEL MOSTAPHA CHAÂBANI",
        "@geometry": "center"
      },
      "geometry": {
        "type": "Point",
        "coordinates": [
          2.885812,
          30.5997053
        ]
      },
      "id": "way/249807273"
    },
    {
      "type": "Feature",
      "properties": {
        "@id": "way/249825643",
        "amenity": "hospital",
        "healthcare": "hospital",
        "name": "Hopital Ibn Baja",
        "@geometry": "center"
      },
      "geometry": {
        "type": "Point",
        "coordinates": [
          -4.0046026,
          34.2156594
        ]
      },
      "id": "way/249825643"
    },
    {
      "type": "Feature",
      "properties": {
        "@id": "way/250293101",
        "amenity": "hospital",
        "healthcare": "hospital",
        "name": "Nouveau Hopital My Abdellah",
        "@geometry": "center"
      },
      "geometry": {
        "type": "Point",
        "coordinates": [
          -6.753601,
          34.0262886
        ]
      },
      "id": "way/250293101"
    },
    {
      "type": "Feature",
      "properties": {
        "@id": "way/250426643",
        "amenity": "hospital",
        "healthcare": "hospital",
        "name": "Hopital 20 Aout",
        "@geometry": "center"
      },
      "geometry": {
        "type": "Point",
        "coordinates": [
          -7.6210168,
          33.5751376
        ]
      },
      "id": "way/250426643"
    },
    {
      "type": "Feature",
      "properties": {
        "@id": "way/250471296",
        "addr:city": "Ghardaïa",
        "amenity": "hospital",
        "emergency": "yes",
        "healthcare": "hospital",
        "name": "Hôpital de Ghardaïa",
        "name:ar": "مستشفى غرداية",
        "name:fr": "Hôpital de Ghardaïa",
        "@geometry": "center"
      },
      "geometry": {
        "type": "Point",
        "coordinates": [
          3.6950306,
          32.4897798
        ]
      },
      "id": "way/250471296"
    },
    {
      "type": "Feature",
      "properties": {
        "@id": "way/250854958",
        "addr:city": "tamalous",
        "addr:housename": "cite mohamed rahouadj",
        "addr:postcode": "21005",
        "addr:street": "Cite Mohamed Rahouadj",
        "amenity": "hospital",
        "emergency": "yes",
        "name": "Hôpital de Tamalous",
        "@geometry": "center"
      },
      "geometry": {
        "type": "Point",
        "coordinates": [
          6.6403976,
          36.8392143
        ]
      },
      "id": "way/250854958"
    },
    {
      "type": "Feature",
      "properties": {
        "@id": "way/250923636",
        "amenity": "hospital",
        "name": "Clinique obstétrique",
        "name:ar": "مستشفى التوليد",
        "@geometry": "center"
      },
      "geometry": {
        "type": "Point",
        "coordinates": [
          6.6431468,
          36.8348335
        ]
      },
      "id": "way/250923636"
    },
    {
      "type": "Feature",
      "properties": {
        "@id": "way/250957947",
        "addr:city": "Taher",
        "addr:postcode": "18002",
        "amenity": "hospital",
        "beds": "236",
        "emergency": "yes",
        "healthcare": "hospital",
        "name": "مستشفى مجدوب سعيد",
        "name:ar": "مستشفى مجدوب سعيد",
        "name:en": "Hospital Madjdoub Saïd",
        "name:fr": "Hôpital Madjdoub Saïd",
        "phone": "+213 34 440989",
        "@geometry": "center"
      },
      "geometry": {
        "type": "Point",
        "coordinates": [
          5.9074552,
          36.7892273
        ]
      },
      "id": "way/250957947"
    },
    {
      "type": "Feature",
      "properties": {
        "@id": "way/251149493",
        "addr:city": "El Ejido",
        "addr:postcode": "04700",
        "amenity": "hospital",
        "building": "yes",
        "emergency": "yes",
        "healthcare": "hospital",
        "healthcare:speciality": "tropical",
        "helipad": "yes",
        "name": "Hospital de Poniente",
        "network": "Servicio Andaluz de Salud",
        "network:short": "SAS",
        "operator:type": "public",
        "@geometry": "center"
      },
      "geometry": {
        "type": "Point",
        "coordinates": [
          -2.8035358,
          36.7531788
        ]
      },
      "id": "way/251149493"
    },
    {
      "type": "Feature",
      "properties": {
        "@id": "way/251256118",
        "amenity": "hospital",
        "name": "Centre Médical Bachdjarah",
        "@geometry": "center"
      },
      "geometry": {
        "type": "Point",
        "coordinates": [
          3.119039,
          36.7223038
        ]
      },
      "id": "way/251256118"
    },
    {
      "type": "Feature",
      "properties": {
        "@id": "way/252074570",
        "amenity": "hospital",
        "healthcare": "hospital",
        "name": "Laboratoire médical Hussein Dey",
        "@geometry": "center"
      },
      "geometry": {
        "type": "Point",
        "coordinates": [
          3.1040681,
          36.734442
        ]
      },
      "id": "way/252074570"
    },
    {
      "type": "Feature",
      "properties": {
        "@id": "way/252496177",
        "addr:city": "حومة السوق",
        "amenity": "hospital",
        "barrier": "wall",
        "emergency": "yes",
        "healthcare": "hospital",
        "name": "مستشفى الصادق مقدم",
        "name:ar": "مستشفى الصادق مقدم",
        "name:fr": "Hôpital Sadok Mokaddem",
        "phone": "+216 75 650 160",
        "@geometry": "center"
      },
      "geometry": {
        "type": "Point",
        "coordinates": [
          10.8652007,
          33.8680102
        ]
      },
      "id": "way/252496177"
    },
    {
      "type": "Feature",
      "properties": {
        "@id": "way/253186683",
        "addr:city": "Nedroma",
        "addr:postcode": "13600",
        "addr:street": "N99",
        "amenity": "hospital",
        "emergency": "yes",
        "name": "EPH Nedroma",
        "@geometry": "center"
      },
      "geometry": {
        "type": "Point",
        "coordinates": [
          -1.7593382,
          35.0178489
        ]
      },
      "id": "way/253186683"
    },
    {
      "type": "Feature",
      "properties": {
        "@id": "way/253436569",
        "amenity": "hospital",
        "name": "Hopital",
        "@geometry": "center"
      },
      "geometry": {
        "type": "Point",
        "coordinates": [
          4.3215519,
          36.3604458
        ]
      },
      "id": "way/253436569"
    },
    {
      "type": "Feature",
      "properties": {
        "@id": "way/253441507",
        "amenity": "hospital",
        "name": "Centre de Santé",
        "@geometry": "center"
      },
      "geometry": {
        "type": "Point",
        "coordinates": [
          4.3410009,
          36.4153248
        ]
      },
      "id": "way/253441507"
    },
    {
      "type": "Feature",
      "properties": {
        "@id": "way/253592388",
        "addr:street": "Rue Houmri Noureddine",
        "amenity": "hospital",
        "building": "hospital",
        "name:ar": "مستشفى حسن بادي",
        "name:fr": "Hôpital Pédiatrique Hacen Badi",
        "@geometry": "center"
      },
      "geometry": {
        "type": "Point",
        "coordinates": [
          3.1469943,
          36.7218914
        ]
      },
      "id": "way/253592388"
    },
    {
      "type": "Feature",
      "properties": {
        "@id": "way/253732901",
        "amenity": "hospital",
        "emergency": "no",
        "name": "Polyclinique Lessak Abdelmajid",
        "@geometry": "center"
      },
      "geometry": {
        "type": "Point",
        "coordinates": [
          6.9211232,
          36.8648843
        ]
      },
      "id": "way/253732901"
    },
    {
      "type": "Feature",
      "properties": {
        "@id": "way/253913494",
        "amenity": "hospital",
        "emergency": "yes",
        "name": "Nouvel Hôpital Abderezzak Bouhara",
        "@geometry": "center"
      },
      "geometry": {
        "type": "Point",
        "coordinates": [
          6.8975747,
          36.8624113
        ]
      },
      "id": "way/253913494"
    },
    {
      "type": "Feature",
      "properties": {
        "@id": "way/253914659",
        "addr:city": "سكيكدة",
        "amenity": "hospital",
        "emergency": "yes",
        "healthcare": "hospital",
        "name": "Hôpital de Skikda",
        "name:ar": "مستشفى سكيكدة",
        "name:en": "Skikda Hospital",
        "name:fr": "Hôpital de Skikda",
        "@geometry": "center"
      },
      "geometry": {
        "type": "Point",
        "coordinates": [
          6.9085399,
          36.8822669
        ]
      },
      "id": "way/253914659"
    },
    {
      "type": "Feature",
      "properties": {
        "@id": "way/253995046",
        "amenity": "hospital",
        "building": "yes",
        "healthcare": "hospital",
        "name": "Polyclinique Les Sources",
        "@geometry": "center"
      },
      "geometry": {
        "type": "Point",
        "coordinates": [
          3.0580929,
          36.7338601
        ]
      },
      "id": "way/253995046"
    },
    {
      "type": "Feature",
      "properties": {
        "@id": "way/255132469",
        "addr:city": "Mareth",
        "addr:street": "Avenue du 27 Octobre",
        "amenity": "hospital",
        "barrier": "wall",
        "emergency": "yes",
        "fax": "+216 75 321 192",
        "name": "مستشفى مارث",
        "name:ar": "مستشفى مارث",
        "name:en": "New Hospital",
        "name:fr": "Hôpital de Mareth",
        "phone": "+216 75 321 160",
        "@geometry": "center"
      },
      "geometry": {
        "type": "Point",
        "coordinates": [
          10.2804034,
          33.6274572
        ]
      },
      "id": "way/255132469"
    },
    {
      "type": "Feature",
      "properties": {
        "@id": "way/255431552",
        "amenity": "hospital",
        "name:ar": "مستشفلى الأمراض الصدرية",
        "name:fr": "Pneumologie",
        "@geometry": "center"
      },
      "geometry": {
        "type": "Point",
        "coordinates": [
          3.2536451,
          34.6708956
        ]
      },
      "id": "way/255431552"
    },
    {
      "type": "Feature",
      "properties": {
        "@id": "way/255672185",
        "addr:city": "kasba tadla",
        "amenity": "hospital",
        "building": "yes",
        "building:colour": "#DA9D8B",
        "emergency": "yes",
        "healthcare": "hospital",
        "name": "مولاي إسماعيل",
        "name:ar": "مولاي إسماعيل",
        "name:en": "My. Ismail",
        "@geometry": "center"
      },
      "geometry": {
        "type": "Point",
        "coordinates": [
          -6.258747,
          32.5881458
        ]
      },
      "id": "way/255672185"
    },
    {
      "type": "Feature",
      "properties": {
        "@id": "way/256394498",
        "amenity": "hospital",
        "healthcare": "hospital",
        "name": "Hôpital des frères Boukhechem مستشفى الاخوة بوخشم",
        "name:ar": "مستشفى الاخوة بوخشم",
        "name:en": "Brothers Boukhechem Hospital",
        "name:fr": "Hôpital des frères Boukhechem",
        "opening_hours": "24/7",
        "@geometry": "center"
      },
      "geometry": {
        "type": "Point",
        "coordinates": [
          6.2862111,
          36.2542246
        ]
      },
      "id": "way/256394498"
    },
    {
      "type": "Feature",
      "properties": {
        "@id": "way/256581793",
        "addr:city": "kasba tadla",
        "addr:postcode": "23350",
        "amenity": "hospital",
        "building:colour": "#DA9D8B",
        "building:levels": "1",
        "healthcare": "hospital",
        "roof:colour": "white",
        "@geometry": "center"
      },
      "geometry": {
        "type": "Point",
        "coordinates": [
          -6.2642989,
          32.5940641
        ]
      },
      "id": "way/256581793"
    },
    {
      "type": "Feature",
      "properties": {
        "@id": "way/256715571",
        "amenity": "hospital",
        "emergency": "yes",
        "name": "UMC (urgences médico-chirurgicale)",
        "@geometry": "center"
      },
      "geometry": {
        "type": "Point",
        "coordinates": [
          3.2679716,
          34.6526653
        ]
      },
      "id": "way/256715571"
    },
    {
      "type": "Feature",
      "properties": {
        "@id": "way/257152997",
        "addr:city": "العبادلة",
        "addr:city:ar": "العبادلة",
        "amenity": "hospital",
        "healthcare": "hospital",
        "name": "الأمومة العبادلة",
        "name:ar": "الأمومة العبادلة",
        "name:fr": "Maternité de ABADLA",
        "@geometry": "center"
      },
      "geometry": {
        "type": "Point",
        "coordinates": [
          -2.7062416,
          31.026704
        ]
      },
      "id": "way/257152997"
    },
    {
      "type": "Feature",
      "properties": {
        "@id": "way/257153078",
        "addr:city": "العبادلة",
        "addr:city:ar": "العبادلة",
        "amenity": "hospital",
        "emergency": "yes",
        "healthcare": "hospital",
        "name": "مركز الصحة الجواري",
        "name:ar": "مركز الصحة الجواري",
        "name:fr": "Etablissement Hospitalier de Proximité",
        "@geometry": "center"
      },
      "geometry": {
        "type": "Point",
        "coordinates": [
          -2.7098736,
          31.0301038
        ]
      },
      "id": "way/257153078"
    },
    {
      "type": "Feature",
      "properties": {
        "@id": "way/257159516",
        "addr:city": "العبادلة",
        "addr:city:ar": "العبادلة",
        "amenity": "hospital",
        "emergency": "yes",
        "healthcare": "hospital",
        "name": "مستشفى عبادلة",
        "name:ar": "مستشفى عبادلة",
        "name:fr": "Hopital de ABADLA",
        "@geometry": "center"
      },
      "geometry": {
        "type": "Point",
        "coordinates": [
          -2.7465177,
          31.0015952
        ]
      },
      "id": "way/257159516"
    },
    {
      "type": "Feature",
      "properties": {
        "@id": "way/257564975",
        "amenity": "hospital",
        "building": "yes",
        "emergency": "no",
        "name": "Salle de soins Al Arsa",
        "@geometry": "center"
      },
      "geometry": {
        "type": "Point",
        "coordinates": [
          6.1584314,
          36.4393814
        ]
      },
      "id": "way/257564975"
    },
    {
      "type": "Feature",
      "properties": {
        "@id": "way/258516306",
        "addr:city": "غرداية",
        "addr:postcode": "47000",
        "amenity": "hospital",
        "emergency": "yes",
        "healthcare": "hospital",
        "name": "مستشفى الأمومة",
        "name:ar": "مستشفى الأمومة",
        "name:fr": "Hôpital de maternité",
        "@geometry": "center"
      },
      "geometry": {
        "type": "Point",
        "coordinates": [
          3.6800907,
          32.4863362
        ]
      },
      "id": "way/258516306"
    },
    {
      "type": "Feature",
      "properties": {
        "@id": "way/259124653",
        "amenity": "hospital",
        "@geometry": "center"
      },
      "geometry": {
        "type": "Point",
        "coordinates": [
          3.2391105,
          34.6842648
        ]
      },
      "id": "way/259124653"
    },
    {
      "type": "Feature",
      "properties": {
        "@id": "way/259231511",
        "amenity": "hospital",
        "building": "yes",
        "@geometry": "center"
      },
      "geometry": {
        "type": "Point",
        "coordinates": [
          2.2580385,
          35.8646923
        ]
      },
      "id": "way/259231511"
    },
    {
      "type": "Feature",
      "properties": {
        "@id": "way/259231512",
        "amenity": "hospital",
        "building": "yes",
        "healthcare": "hospital",
        "@geometry": "center"
      },
      "geometry": {
        "type": "Point",
        "coordinates": [
          2.2659644,
          35.8657623
        ]
      },
      "id": "way/259231512"
    },
    {
      "type": "Feature",
      "properties": {
        "@id": "way/259231513",
        "amenity": "hospital",
        "building": "yes",
        "@geometry": "center"
      },
      "geometry": {
        "type": "Point",
        "coordinates": [
          2.267854,
          35.8649304
        ]
      },
      "id": "way/259231513"
    },
    {
      "type": "Feature",
      "properties": {
        "@id": "way/260279942",
        "addr:city": "Baza",
        "addr:postcode": "18800",
        "addr:street": "Carretera de Murcia",
        "amenity": "hospital",
        "email": "hospitalbaza.sspa@juntadeandalucia.es",
        "emergency": "yes",
        "emergency:phone": "+34 958 02 88 27",
        "healthcare": "hospital",
        "name": "Hospital de Baza",
        "network": "Servicio Andaluz de Salud",
        "network:short": "SAS",
        "nohousenumber": "yes",
        "operator": "Servicio Andaluz de Salud",
        "operator:short": "SAS",
        "operator:type": "public",
        "operator:wikidata": "Q4753529",
        "phone": "+34 958 86 31 52;+34 958 03 13 00",
        "ref": "1805",
        "source": "https://www.sspa.juntadeandalucia.es/servicioandaluzdesalud/el-sas/servicios-y-centros/informacion-por-centros/1805",
        "start_date": "1986",
        "website": "https://www.agsnordestegranada.es",
        "wikidata": "Q5903020",
        "wikipedia": "es:Hospital de Baza",
        "@geometry": "center"
      },
      "geometry": {
        "type": "Point",
        "coordinates": [
          -2.7522119,
          37.500309
        ]
      },
      "id": "way/260279942"
    },
    {
      "type": "Feature",
      "properties": {
        "@id": "way/260571351",
        "addr:city": "Bouira",
        "addr:postcode": "10000",
        "amenity": "hospital",
        "building": "yes",
        "emergency": "yes",
        "healthcare": "clinic",
        "healthcare:speciality": "general",
        "name": "clinique de oued edhous",
        "@geometry": "center"
      },
      "geometry": {
        "type": "Point",
        "coordinates": [
          3.9009877,
          36.3687725
        ]
      },
      "id": "way/260571351"
    },
    {
      "type": "Feature",
      "properties": {
        "@id": "way/260601203",
        "amenity": "hospital",
        "emergency": "yes",
        "name": "Centre de santé",
        "@geometry": "center"
      },
      "geometry": {
        "type": "Point",
        "coordinates": [
          3.8149362,
          36.2202299
        ]
      },
      "id": "way/260601203"
    },
    {
      "type": "Feature",
      "properties": {
        "@id": "way/260907594",
        "addr:street": "Avenida Mariana Pineda",
        "amenity": "hospital",
        "emergency": "yes",
        "emergency:phone": "+34 958 02 88 27",
        "healthcare": "hospital",
        "name": "Hospital de Alta Resolución de Guadix",
        "network": "Servicio Andaluz de Salud",
        "network:short": "SAS",
        "nohousenumber": "yes",
        "operator:type": "public",
        "phone": "+34 958 69 91 45;+34 958 69 91 46;+34 958 69 91 47",
        "ref": "25496",
        "source": "https://www.sspa.juntadeandalucia.es/servicioandaluzdesalud/el-sas/servicios-y-centros/informacion-por-centros/25496",
        "wikidata": "Q87761814",
        "@geometry": "center"
      },
      "geometry": {
        "type": "Point",
        "coordinates": [
          -3.145391,
          37.3098774
        ]
      },
      "id": "way/260907594"
    },
    {
      "type": "Feature",
      "properties": {
        "@id": "way/262048933",
        "addr:street": "Route Neuve",
        "amenity": "hospital",
        "building": "yes",
        "emergency": "no",
        "name": "مستوصف بوزريعة",
        "name:ar": "مستوصف بوزريعة",
        "name:en": "Polyclinique Bouzareah",
        "name:fr": "Clinique Bouzareah",
        "@geometry": "center"
      },
      "geometry": {
        "type": "Point",
        "coordinates": [
          3.0174797,
          36.7895363
        ]
      },
      "id": "way/262048933"
    },
    {
      "type": "Feature",
      "properties": {
        "@id": "way/263022698",
        "addr:city": "Sevilla",
        "addr:housename": "Avenida Doctor Fedriani, 3",
        "addr:housenumber": "3",
        "addr:postcode": "41009",
        "addr:street": "Avenida Doctor Fedriani",
        "amenity": "hospital",
        "building": "yes",
        "emergency": "no",
        "healthcare": "hospital",
        "name": "Policlínico Virgen Macarena",
        "phone": "+34 955 130 183",
        "@geometry": "center"
      },
      "geometry": {
        "type": "Point",
        "coordinates": [
          -5.9874329,
          37.4056758
        ]
      },
      "id": "way/263022698"
    },
    {
      "type": "Feature",
      "properties": {
        "@id": "way/263624389",
        "amenity": "hospital",
        "emergency": "yes",
        "healthcare": "hospital",
        "name": "Hopital De Police",
        "name:ar": "مستشفى الشرطة",
        "@geometry": "center"
      },
      "geometry": {
        "type": "Point",
        "coordinates": [
          3.0416234,
          36.7575216
        ]
      },
      "id": "way/263624389"
    },
    {
      "type": "Feature",
      "properties": {
        "@id": "way/264325095",
        "amenity": "hospital",
        "healthcare": "hospital",
        "name": "Centre de santé de la Police",
        "@geometry": "center"
      },
      "geometry": {
        "type": "Point",
        "coordinates": [
          3.0669392,
          36.7521513
        ]
      },
      "id": "way/264325095"
    },
    {
      "type": "Feature",
      "properties": {
        "@id": "way/264643479",
        "amenity": "hospital",
        "emergency": "yes",
        "healthcare": "hospital",
        "name": "Hopital 20 Aout",
        "@geometry": "center"
      },
      "geometry": {
        "type": "Point",
        "coordinates": [
          -7.619676,
          33.57463
        ]
      },
      "id": "way/264643479"
    },
    {
      "type": "Feature",
      "properties": {
        "@id": "way/265511163",
        "amenity": "hospital",
        "emergency": "yes",
        "name": "HopHôpitalital Ouled Ouhiba",
        "@geometry": "center"
      },
      "geometry": {
        "type": "Point",
        "coordinates": [
          9.0765782,
          34.6443874
        ]
      },
      "id": "way/265511163"
    },
    {
      "type": "Feature",
      "properties": {
        "@id": "way/266145095",
        "amenity": "hospital",
        "emergency": "yes",
        "healthcare": "hospital",
        "name": "Centre de Santé et Maison d'accouchement",
        "@geometry": "center"
      },
      "geometry": {
        "type": "Point",
        "coordinates": [
          -2.4096814,
          34.8139707
        ]
      },
      "id": "way/266145095"
    },
    {
      "type": "Feature",
      "properties": {
        "@id": "way/266156054",
        "amenity": "hospital",
        "healthcare": "hospital",
        "@geometry": "center"
      },
      "geometry": {
        "type": "Point",
        "coordinates": [
          3.0958271,
          36.5370962
        ]
      },
      "id": "way/266156054"
    },
    {
      "type": "Feature",
      "properties": {
        "@id": "way/266330131",
        "addr:city": "الإدريسية",
        "addr:city:ar": "الإدريسية",
        "amenity": "hospital",
        "barrier": "wall",
        "emergency": "yes",
        "healthcare": "hospital",
        "name": "مستشفى الإدريسية",
        "name:ar": "مستشفى الإدريسية",
        "name:fr": "Hôpital El Idrissia",
        "@geometry": "center"
      },
      "geometry": {
        "type": "Point",
        "coordinates": [
          2.5311525,
          34.4564121
        ]
      },
      "id": "way/266330131"
    },
    {
      "type": "Feature",
      "properties": {
        "@id": "way/268171452",
        "addr:city": "Djelfa",
        "addr:postcode": "17000",
        "amenity": "hospital",
        "building": "yes",
        "name": "مركز غسيل الكلى",
        "name:ar": "مركز غسيل الكلى",
        "name:fr": "Centre d'hémodialyse",
        "@geometry": "center"
      },
      "geometry": {
        "type": "Point",
        "coordinates": [
          3.2639261,
          34.6638362
        ]
      },
      "id": "way/268171452"
    },
    {
      "type": "Feature",
      "properties": {
        "@id": "way/270173764",
        "addr:city": "Sened",
        "addr:postcode": "2190",
        "addr:street": "Route de la Gare",
        "amenity": "hospital",
        "fax": "+216 76 290 131",
        "healthcare": "hospital",
        "name": "المستشفى المحلي بالسند",
        "name:ar": "المستشفى المحلي بالسند",
        "name:fr": "Hôpital de Sened",
        "phone": "+216 76 290 044",
        "@geometry": "center"
      },
      "geometry": {
        "type": "Point",
        "coordinates": [
          9.2533848,
          34.5361112
        ]
      },
      "id": "way/270173764"
    },
    {
      "type": "Feature",
      "properties": {
        "@id": "way/271903487",
        "amenity": "hospital",
        "name": "مستشفى الامراض العقلية دريد الحسين (ب)",
        "name:ar": "مستشفى الامراض العقلية دريد الحسين (ب)",
        "name:fr": "Hôpital psychiatrique Drid Hocine (B)",
        "@geometry": "center"
      },
      "geometry": {
        "type": "Point",
        "coordinates": [
          3.0865012,
          36.7384243
        ]
      },
      "id": "way/271903487"
    },
    {
      "type": "Feature",
      "properties": {
        "@id": "way/271912485",
        "amenity": "hospital",
        "healthcare": "hospital",
        "healthcare:speciality": "general",
        "name": "Centre de soins Bachir Laadjouz;Dispensaire Maison du diabétique",
        "@geometry": "center"
      },
      "geometry": {
        "type": "Point",
        "coordinates": [
          3.0787909,
          36.7470475
        ]
      },
      "id": "way/271912485"
    },
    {
      "type": "Feature",
      "properties": {
        "@id": "way/271935494",
        "amenity": "hospital",
        "healthcare": "hospital",
        "name": "المستوصف المحلي",
        "name:ar": "المستوصف المحلي",
        "name:fr": "",
        "@geometry": "center"
      },
      "geometry": {
        "type": "Point",
        "coordinates": [
          10.5084995,
          36.0307797
        ]
      },
      "id": "way/271935494"
    },
    {
      "type": "Feature",
      "properties": {
        "@id": "way/272971324",
        "amenity": "hospital",
        "emergency": "yes",
        "name": "Ophtalmologie",
        "name:ar": "Ophtalmologie كوبا",
        "name:en": "Ophtalmologie كوبا",
        "@geometry": "center"
      },
      "geometry": {
        "type": "Point",
        "coordinates": [
          -2.2217663,
          31.6358637
        ]
      },
      "id": "way/272971324"
    },
    {
      "type": "Feature",
      "properties": {
        "@id": "way/272971869",
        "amenity": "hospital",
        "emergency": "yes",
        "healthcare": "hospital",
        "name": "HMRB 3°RM",
        "name:fr": "HMRB 3°RM",
        "@geometry": "center"
      },
      "geometry": {
        "type": "Point",
        "coordinates": [
          -2.2179113,
          31.621342
        ]
      },
      "id": "way/272971869"
    },
    {
      "type": "Feature",
      "properties": {
        "@id": "way/273380010",
        "amenity": "hospital",
        "emergency": "yes",
        "name": "EPH Didouche Morad",
        "wheelchair": "yes",
        "@geometry": "center"
      },
      "geometry": {
        "type": "Point",
        "coordinates": [
          6.6303218,
          36.4537713
        ]
      },
      "id": "way/273380010"
    },
    {
      "type": "Feature",
      "properties": {
        "@id": "way/273456230",
        "amenity": "hospital",
        "name": "Hôpital Boudiaf",
        "name:ar": "مستشفى بوضياف",
        "@geometry": "center"
      },
      "geometry": {
        "type": "Point",
        "coordinates": [
          -2.204471,
          31.6220587
        ]
      },
      "id": "way/273456230"
    },
    {
      "type": "Feature",
      "properties": {
        "@id": "way/273523234",
        "addr:city": "Bechar",
        "addr:postcode": "08000",
        "addr:street": "شارع الاستقلال",
        "amenity": "hospital",
        "emergency": "yes",
        "healthcare": "hospital",
        "name": "Hôpital Tourabi Boudjemaa",
        "name:ar": "مستشقى ترابي بوجمعة",
        "name:fr": "Hôpital Tourabi Boudjemaa",
        "@geometry": "center"
      },
      "geometry": {
        "type": "Point",
        "coordinates": [
          -2.2378692,
          31.6020785
        ]
      },
      "id": "way/273523234"
    },
    {
      "type": "Feature",
      "properties": {
        "@id": "way/273680169",
        "amenity": "hospital",
        "name": "SASSI",
        "@geometry": "center"
      },
      "geometry": {
        "type": "Point",
        "coordinates": [
          -2.2151049,
          31.6147335
        ]
      },
      "id": "way/273680169"
    },
    {
      "type": "Feature",
      "properties": {
        "@id": "way/273680170",
        "addr:city": "بشار",
        "addr:city:ar": "بشار",
        "amenity": "hospital",
        "healthcare": "hospital",
        "language:ar": "main",
        "@geometry": "center"
      },
      "geometry": {
        "type": "Point",
        "coordinates": [
          -2.2168877,
          31.6271684
        ]
      },
      "id": "way/273680170"
    },
    {
      "type": "Feature",
      "properties": {
        "@id": "way/273852213",
        "addr:city": "بشار",
        "addr:city:ar": "بشار",
        "amenity": "hospital",
        "healthcare": "hospital",
        "language:ar": "main",
        "name": "المؤسسة العمومية للصحة الجوارية بشار",
        "name:ar": "المؤسسة العمومية للصحة الجوارية بشار",
        "name:fr": "EPSP Béchar",
        "@geometry": "center"
      },
      "geometry": {
        "type": "Point",
        "coordinates": [
          -2.2183944,
          31.6234337
        ]
      },
      "id": "way/273852213"
    },
    {
      "type": "Feature",
      "properties": {
        "@id": "way/273858536",
        "addr:city": "بشار",
        "addr:city:ar": "بشار",
        "addr:place": "بشار الجديد",
        "addr:place:ar": "بشار الجديد",
        "amenity": "hospital",
        "diet:halal": "yes",
        "healthcare": "hospital",
        "language:ar": "main",
        "@geometry": "center"
      },
      "geometry": {
        "type": "Point",
        "coordinates": [
          -2.2366111,
          31.5634004
        ]
      },
      "id": "way/273858536"
    },
    {
      "type": "Feature",
      "properties": {
        "@id": "way/274050079",
        "addr:city": "Bechar",
        "addr:street": "طريق الساورة",
        "amenity": "hospital",
        "emergency": "yes",
        "healthcare:speciality": "oncology",
        "name": "Hôpital Oncologie Béchar (CAC)",
        "name:ar": "مستشفى امراص السرطان",
        "@geometry": "center"
      },
      "geometry": {
        "type": "Point",
        "coordinates": [
          -2.1924507,
          31.6397258
        ]
      },
      "id": "way/274050079"
    },
    {
      "type": "Feature",
      "properties": {
        "@id": "way/274667738",
        "amenity": "hospital",
        "name": "Centre de soins Mourad Rachid",
        "@geometry": "center"
      },
      "geometry": {
        "type": "Point",
        "coordinates": [
          3.0253145,
          36.7255688
        ]
      },
      "id": "way/274667738"
    },
    {
      "type": "Feature",
      "properties": {
        "@id": "way/275301182",
        "addr:city": "Blida",
        "addr:postcode": "09000",
        "addr:street": "Boulevard Mohamed Boudiaf",
        "alt_name": "Hôpital de Ben Boulaid",
        "amenity": "hospital",
        "emergency": "yes",
        "healthcare:speciality": "paediatrics",
        "name": "Hôpital Hassiba Ben Bouali",
        "name:ar": "مستشفى حسيبة بن بوعلي",
        "name:en": "Hassiba Ben Bouali Hospital",
        "name:fr": "Hôpital Hassiba Ben Bouali",
        "note": "Ceci c'est un hôpital pédiatrique de Blida",
        "@geometry": "center"
      },
      "geometry": {
        "type": "Point",
        "coordinates": [
          2.832235,
          36.4855639
        ]
      },
      "id": "way/275301182"
    },
    {
      "type": "Feature",
      "properties": {
        "@id": "way/275682703",
        "amenity": "hospital",
        "@geometry": "center"
      },
      "geometry": {
        "type": "Point",
        "coordinates": [
          7.7840698,
          36.8581387
        ]
      },
      "id": "way/275682703"
    },
    {
      "type": "Feature",
      "properties": {
        "@id": "way/275745143",
        "amenity": "hospital",
        "name": "Centre médical",
        "@geometry": "center"
      },
      "geometry": {
        "type": "Point",
        "coordinates": [
          6.7849306,
          36.1231685
        ]
      },
      "id": "way/275745143"
    },
    {
      "type": "Feature",
      "properties": {
        "@id": "way/276272368",
        "amenity": "hospital",
        "name": "Hôpital Slimane Amirat",
        "name:ar": "Hôpital Slimane Amirat ( الباطوار)",
        "@geometry": "center"
      },
      "geometry": {
        "type": "Point",
        "coordinates": [
          6.5695258,
          36.0176972
        ]
      },
      "id": "way/276272368"
    },
    {
      "type": "Feature",
      "properties": {
        "@id": "way/276278499",
        "amenity": "hospital",
        "name": "Clinique d'Hémodialyse",
        "@geometry": "center"
      },
      "geometry": {
        "type": "Point",
        "coordinates": [
          6.5638792,
          36.0386016
        ]
      },
      "id": "way/276278499"
    },
    {
      "type": "Feature",
      "properties": {
        "@id": "way/276526415",
        "amenity": "hospital",
        "emergency": "yes",
        "healthcare": "hospital",
        "name": "Hôpital Dahaoua Dahou",
        "name:fr": "Hôpital Dahaoua Dahou",
        "@geometry": "center"
      },
      "geometry": {
        "type": "Point",
        "coordinates": [
          0.081465,
          35.5920054
        ]
      },
      "id": "way/276526415"
    },
    {
      "type": "Feature",
      "properties": {
        "@id": "way/276736856",
        "amenity": "hospital",
        "@geometry": "center"
      },
      "geometry": {
        "type": "Point",
        "coordinates": [
          10.1126683,
          33.8838887
        ]
      },
      "id": "way/276736856"
    },
    {
      "type": "Feature",
      "properties": {
        "@id": "way/277160917",
        "addr:city": "Sétif",
        "amenity": "hospital",
        "emergency": "yes",
        "name": "Hôpital Mère et Enfant",
        "@geometry": "center"
      },
      "geometry": {
        "type": "Point",
        "coordinates": [
          5.3577349,
          36.2021242
        ]
      },
      "id": "way/277160917"
    },
    {
      "type": "Feature",
      "properties": {
        "@id": "way/277161076",
        "addr:city": "Sétif",
        "amenity": "hospital",
        "emergency": "no",
        "name": "Centre anti-cancer",
        "@geometry": "center"
      },
      "geometry": {
        "type": "Point",
        "coordinates": [
          5.3595832,
          36.2027923
        ]
      },
      "id": "way/277161076"
    },
    {
      "type": "Feature",
      "properties": {
        "@id": "way/277235315",
        "amenity": "hospital",
        "emergency": "yes",
        "name": "Clínica Santa Elena",
        "phone": "+34 952385555",
        "website": "https://santaelenahospital.com/",
        "@geometry": "center"
      },
      "geometry": {
        "type": "Point",
        "coordinates": [
          -4.4879984,
          36.6456918
        ]
      },
      "id": "way/277235315"
    },
    {
      "type": "Feature",
      "properties": {
        "@id": "way/278585583",
        "amenity": "hospital",
        "building": "yes",
        "healthcare": "hospital",
        "name": "La Capitale",
        "@geometry": "center"
      },
      "geometry": {
        "type": "Point",
        "coordinates": [
          -6.8282204,
          34.0167844
        ]
      },
      "id": "way/278585583"
    },
    {
      "type": "Feature",
      "properties": {
        "@id": "way/278657117",
        "addr:city": "تمنراست",
        "addr:city:ar": "تمنراست",
        "addr:postcode": "11000",
        "amenity": "hospital",
        "emergency": "yes",
        "healthcare": "hospital",
        "language:ar": "main",
        "name": "مركز الإستشفائي الجامعي مصطفى بغدادي تمنراست",
        "name:ar": "مركز الإستشفائي الجامعي مصطفى بغدادي تمنراست",
        "name:fr": "Centre Hospitalo Universitaire Mustapha",
        "short_name": "CHU Mustapha",
        "@geometry": "center"
      },
      "geometry": {
        "type": "Point",
        "coordinates": [
          5.5296005,
          22.774889
        ]
      },
      "id": "way/278657117"
    },
    {
      "type": "Feature",
      "properties": {
        "@id": "way/279258650",
        "addr:city": "جندوبة",
        "addr:governorate": "Jendouba",
        "addr:postcode": "8100",
        "addr:street": "Rue du Grand Mahgreb",
        "amenity": "hospital",
        "barrier": "wall",
        "healthcare": "hospital",
        "name": "المستشفى الجهوي بجندوبة",
        "name:ar": "المستشفى الجهوي بجندوبة",
        "name:fr": "Hôpital Régional de Jendouba",
        "phone": "+216 78 630 110",
        "@geometry": "center"
      },
      "geometry": {
        "type": "Point",
        "coordinates": [
          8.7579019,
          36.5138929
        ]
      },
      "id": "way/279258650"
    },
    {
      "type": "Feature",
      "properties": {
        "@id": "way/279273939",
        "amenity": "hospital",
        "emergency": "yes",
        "name": "Centre Hispitalier Hamouda Amer",
        "@geometry": "center"
      },
      "geometry": {
        "type": "Point",
        "coordinates": [
          6.8778575,
          35.9741643
        ]
      },
      "id": "way/279273939"
    },
    {
      "type": "Feature",
      "properties": {
        "@id": "way/281228029",
        "amenity": "hospital",
        "emergency": "yes",
        "name": "polyclinique Croix Rouge",
        "@geometry": "center"
      },
      "geometry": {
        "type": "Point",
        "coordinates": [
          -2.2063569,
          31.6156222
        ]
      },
      "id": "way/281228029"
    },
    {
      "type": "Feature",
      "properties": {
        "@id": "way/283722824",
        "amenity": "hospital",
        "emergency": "no",
        "healthcare": "hospital",
        "name": "Polyclinique 700 Logements",
        "name:ar": "مستوصف 700 مسكن",
        "@geometry": "center"
      },
      "geometry": {
        "type": "Point",
        "coordinates": [
          6.9008135,
          36.8670424
        ]
      },
      "id": "way/283722824"
    },
    {
      "type": "Feature",
      "properties": {
        "@id": "way/284289321",
        "addr:city": "Ksar Jedid",
        "addr:postcode": "4151",
        "amenity": "hospital",
        "barrier": "wall",
        "healthcare": "hospital",
        "name": "المستشفى",
        "name:ar": "المستشفى",
        "name:fr": "Hôpital 2",
        "source": "MedenineTech",
        "@geometry": "center"
      },
      "geometry": {
        "type": "Point",
        "coordinates": [
          10.3030646,
          33.289684
        ]
      },
      "id": "way/284289321"
    },
    {
      "type": "Feature",
      "properties": {
        "@id": "way/284336124",
        "amenity": "hospital",
        "emergency": "yes",
        "name": "Clinique Abu Al-Quassim",
        "name:ar": "Clinique Abu Al-Quassim ( Hammani )",
        "name:fr": "مصحة أبو القاسم (حماني)",
        "@geometry": "center"
      },
      "geometry": {
        "type": "Point",
        "coordinates": [
          6.9143478,
          36.8697387
        ]
      },
      "id": "way/284336124"
    },
    {
      "type": "Feature",
      "properties": {
        "@id": "way/286356261",
        "amenity": "hospital",
        "barrier": "wall",
        "healthcare": "yes",
        "name": "Hopital de circonscription de Bouhajla",
        "@geometry": "center"
      },
      "geometry": {
        "type": "Point",
        "coordinates": [
          10.0464551,
          35.3969702
        ]
      },
      "id": "way/286356261"
    },
    {
      "type": "Feature",
      "properties": {
        "@id": "way/286685403",
        "amenity": "hospital",
        "healthcare": "hospital",
        "name": "Polyclinique de la Sécurité sociale",
        "@geometry": "center"
      },
      "geometry": {
        "type": "Point",
        "coordinates": [
          -7.6229618,
          33.5708495
        ]
      },
      "id": "way/286685403"
    },
    {
      "type": "Feature",
      "properties": {
        "@id": "way/287904844",
        "addr:city": "Oued Aissi Tizi Ouzou",
        "addr:housenumber": "RN12",
        "addr:postcode": "15191",
        "amenity": "hospital",
        "emergency": "yes",
        "hospital": "psychiatric",
        "name": "Hôpital Psychiatrique Fernan Hanafi",
        "@geometry": "center"
      },
      "geometry": {
        "type": "Point",
        "coordinates": [
          4.1141727,
          36.6990698
        ]
      },
      "id": "way/287904844"
    },
    {
      "type": "Feature",
      "properties": {
        "@id": "way/288655618",
        "amenity": "hospital",
        "name": "centre de santé",
        "name:ar": "طبيبة خلود",
        "@geometry": "center"
      },
      "geometry": {
        "type": "Point",
        "coordinates": [
          5.4284641,
          36.1952124
        ]
      },
      "id": "way/288655618"
    },
    {
      "type": "Feature",
      "properties": {
        "@id": "way/289025339",
        "addr:city": "Rabat ⵔⴱⴰⵟ الرباط",
        "addr:postcode": "10000",
        "addr:street": "Avenue Allal Fassi شارع علال الفاسي",
        "alt_name": "Hôpital Sheikh Zaid",
        "amenity": "hospital",
        "email": "contact@hcz.ma",
        "emergency": "yes",
        "healthcare": "hospital",
        "healthcare:speciality": "emergency;general;biology;orthopaedics;gynaecology;surgery;cardiology;oncology;radiology",
        "name": "Hôpital Cheikh Zaid مستشفي الشيخ زايد بالرباط",
        "name:ar": "مستشفي الشيخ زايد بالرباط",
        "name:en": "Cheikh Zaid Hospital",
        "name:fr": "Hôpital Cheikh Zaid",
        "operator": "Fondation Cheikh Zaïd",
        "operator:type": "private_non_profit",
        "phone": "+212 5 37 68 38 48",
        "website": "https://www.hcz.ma/contact/",
        "@geometry": "center"
      },
      "geometry": {
        "type": "Point",
        "coordinates": [
          -6.8696998,
          33.9774766
        ]
      },
      "id": "way/289025339"
    },
    {
      "type": "Feature",
      "properties": {
        "@id": "way/289499057",
        "amenity": "hospital",
        "emergency": "yes",
        "healthcare": "hospital",
        "name": "المستشفى الجهوي بسليانة",
        "name:ar": "المستشفى الجهوي بسليانة",
        "@geometry": "center"
      },
      "geometry": {
        "type": "Point",
        "coordinates": [
          9.3753166,
          36.0806528
        ]
      },
      "id": "way/289499057"
    },
    {
      "type": "Feature",
      "properties": {
        "@id": "way/291360099",
        "addr:city": "Málaga",
        "addr:housenumber": "1",
        "addr:postcode": "29015",
        "addr:street": "Calle San Agustín",
        "alt_name": "Hospital Gálvez",
        "amenity": "hospital",
        "building": "hospital",
        "building:levels": "5",
        "building:levels:underground": "1",
        "emergency": "yes",
        "healthcare": "hospital",
        "name": "Hospital Doctor Gálvez",
        "phone": "+34 952 22 42 95",
        "short_name": "Hospital Dr. Gálvez",
        "website": "http://www.hospitalgalvez.com",
        "wheelchair": "yes",
        "wikidata": "Q87762155",
        "@geometry": "center"
      },
      "geometry": {
        "type": "Point",
        "coordinates": [
          -4.4194585,
          36.7209251
        ]
      },
      "id": "way/291360099"
    },
    {
      "type": "Feature",
      "properties": {
        "@id": "way/291857346",
        "amenity": "hospital",
        "emergency": "yes",
        "name": "Hopital",
        "@geometry": "center"
      },
      "geometry": {
        "type": "Point",
        "coordinates": [
          6.9459826,
          36.2339367
        ]
      },
      "id": "way/291857346"
    },
    {
      "type": "Feature",
      "properties": {
        "@id": "way/292806605",
        "amenity": "hospital",
        "@geometry": "center"
      },
      "geometry": {
        "type": "Point",
        "coordinates": [
          7.7258673,
          36.7222724
        ]
      },
      "id": "way/292806605"
    },
    {
      "type": "Feature",
      "properties": {
        "@id": "way/293126911",
        "addr:city": "غليزان",
        "addr:city:ar": "غليزان",
        "addr:postcode": "48000",
        "amenity": "hospital",
        "emergency": "yes",
        "healthcare": "hospital",
        "name": "مستشفى محمد بوضياف",
        "name:ar": "مستشفى محمد بوضياف",
        "name:en": "Mohamed Boudiaf Hospital",
        "name:fr": "Hôpital Mohamed Boudiaf",
        "@geometry": "center"
      },
      "geometry": {
        "type": "Point",
        "coordinates": [
          0.5510827,
          35.7327581
        ]
      },
      "id": "way/293126911"
    },
    {
      "type": "Feature",
      "properties": {
        "@id": "way/293247182",
        "addr:city": "MDiq",
        "addr:street": "Avenue Annaser",
        "amenity": "hospital",
        "healthcare": "hospital",
        "name": "Hopital Mohamed 6",
        "operator": "hopital",
        "operator:type": "public",
        "@geometry": "center"
      },
      "geometry": {
        "type": "Point",
        "coordinates": [
          -5.3299838,
          35.6917865
        ]
      },
      "id": "way/293247182"
    },
    {
      "type": "Feature",
      "properties": {
        "@id": "way/293579441",
        "amenity": "hospital",
        "check_date": "2025-07-12",
        "emergency": "yes",
        "name": "Hospital Santa Ángela de la Cruz - Viamed",
        "@geometry": "center"
      },
      "geometry": {
        "type": "Point",
        "coordinates": [
          -5.9660129,
          37.3276419
        ]
      },
      "id": "way/293579441"
    },
    {
      "type": "Feature",
      "properties": {
        "@id": "way/293831471",
        "amenity": "hospital",
        "name": "Hopital Said Aouamri",
        "@geometry": "center"
      },
      "geometry": {
        "type": "Point",
        "coordinates": [
          5.0928952,
          36.3380698
        ]
      },
      "id": "way/293831471"
    },
    {
      "type": "Feature",
      "properties": {
        "@id": "way/294200097",
        "amenity": "hospital",
        "barrier": "wall",
        "building": "hospital",
        "emergency": "yes",
        "healthcare": "hospital",
        "name": "Hospital Quirón Salud Infanta Luisa",
        "ref:cadastre:building": "3915001TG3431N0001FG",
        "wikidata": "Q87762471",
        "@geometry": "center"
      },
      "geometry": {
        "type": "Point",
        "coordinates": [
          -6.0080422,
          37.3811549
        ]
      },
      "id": "way/294200097"
    },
    {
      "type": "Feature",
      "properties": {
        "@id": "way/294321352",
        "amenity": "hospital",
        "healthcare:speciality": "psychiatry",
        "name": "Hôpital Psychiatrique",
        "@geometry": "center"
      },
      "geometry": {
        "type": "Point",
        "coordinates": [
          5.3061496,
          36.304457
        ]
      },
      "id": "way/294321352"
    },
    {
      "type": "Feature",
      "properties": {
        "@id": "way/294717372",
        "amenity": "hospital",
        "emergency": "yes",
        "healthcare": "hospital",
        "name": "Hôpital",
        "name:ar": "مستشفى",
        "@geometry": "center"
      },
      "geometry": {
        "type": "Point",
        "coordinates": [
          3.4808721,
          36.7570512
        ]
      },
      "id": "way/294717372"
    },
    {
      "type": "Feature",
      "properties": {
        "@id": "way/295114669",
        "amenity": "hospital",
        "name": "Hôpital",
        "@geometry": "center"
      },
      "geometry": {
        "type": "Point",
        "coordinates": [
          5.6462269,
          36.464333
        ]
      },
      "id": "way/295114669"
    },
    {
      "type": "Feature",
      "properties": {
        "@id": "way/295316821",
        "amenity": "hospital",
        "emergency": "yes",
        "name": "Hôpital Lakhdar Bouchemaa",
        "wheelchair": "yes",
        "@geometry": "center"
      },
      "geometry": {
        "type": "Point",
        "coordinates": [
          2.1280451,
          36.5839779
        ]
      },
      "id": "way/295316821"
    },
    {
      "type": "Feature",
      "properties": {
        "@id": "way/296435292",
        "addr:city": "سيدي عمار",
        "addr:city:ar": "سيدي عمار",
        "addr:place": "حجر الديس",
        "addr:place:ar": "حجر الديس",
        "amenity": "hospital",
        "emergency": "yes",
        "healthcare": "hospital",
        "name": "مركز الصحة حجر الديس",
        "name:ar": "مركز الصحة حجر الديس",
        "name:fr": "Centre de santé Hadjar Eddis",
        "@geometry": "center"
      },
      "geometry": {
        "type": "Point",
        "coordinates": [
          7.6161324,
          36.786529
        ]
      },
      "id": "way/296435292"
    },
    {
      "type": "Feature",
      "properties": {
        "@id": "way/297605167",
        "addr:city": "Chefchaouen",
        "addr:street": "AV Jamaleddine Al Afghani",
        "amenity": "hospital",
        "fax": "+212 5 39 98 62 44",
        "healthcare": "hospital",
        "name": "Hôpital Mohamed V",
        "@geometry": "center"
      },
      "geometry": {
        "type": "Point",
        "coordinates": [
          -5.2708994,
          35.1686501
        ]
      },
      "id": "way/297605167"
    },
    {
      "type": "Feature",
      "properties": {
        "@id": "way/297680792",
        "addr:city": "سوق أهراس",
        "addr:city:ar": "سوق أهراس",
        "amenity": "hospital",
        "emergency": "yes",
        "healthcare": "hospital",
        "name": "المستشفى الجهوية سوق أهراس",
        "name:ar": "المستشفى الجهوية سوق أهراس",
        "name:fr": "Hôpital régional de Souk-ahras",
        "@geometry": "center"
      },
      "geometry": {
        "type": "Point",
        "coordinates": [
          7.9643212,
          36.2818424
        ]
      },
      "id": "way/297680792"
    },
    {
      "type": "Feature",
      "properties": {
        "@id": "way/298573709",
        "addr:city": "midar",
        "addr:postcode": "62502",
        "addr:street": "avenue melouiya",
        "amenity": "hospital",
        "building": "hospital",
        "emergency": "no",
        "healthcare": "hospital",
        "name": "Centre El Fath D`hemodialyse",
        "@geometry": "center"
      },
      "geometry": {
        "type": "Point",
        "coordinates": [
          -3.5351867,
          34.9365928
        ]
      },
      "id": "way/298573709"
    },
    {
      "type": "Feature",
      "properties": {
        "@id": "way/299269975",
        "amenity": "hospital",
        "emergency": "yes",
        "healthcare": "hospital",
        "name": "Clinique El Amine",
        "@geometry": "center"
      },
      "geometry": {
        "type": "Point",
        "coordinates": [
          -7.6204878,
          33.5704148
        ]
      },
      "id": "way/299269975"
    },
    {
      "type": "Feature",
      "properties": {
        "@id": "way/300521396",
        "amenity": "hospital",
        "emergency": "yes",
        "healthcare": "hospital",
        "name": "Hospital Virgen de la Bella",
        "phone": "+34 959 18 05 50",
        "website": "https://www.josemanuelpascualpascual.es/index.php/nuestros-hospitales/hospital-virgen-de-la-bella",
        "wikidata": "Q87761892",
        "wikipedia": "es:Hospital Virgen de la Bella",
        "@geometry": "center"
      },
      "geometry": {
        "type": "Point",
        "coordinates": [
          -7.1942078,
          37.2604561
        ]
      },
      "id": "way/300521396"
    },
    {
      "type": "Feature",
      "properties": {
        "@id": "way/300579998",
        "amenity": "hospital",
        "building": "yes",
        "emergency": "yes",
        "healthcare": "hospital",
        "name": "Hospital Virgen del Camino",
        "phone": "+34 956 048 000",
        "wikidata": "Q87829744",
        "@geometry": "center"
      },
      "geometry": {
        "type": "Point",
        "coordinates": [
          -6.3600674,
          36.7680432
        ]
      },
      "id": "way/300579998"
    },
    {
      "type": "Feature",
      "properties": {
        "@id": "way/301754224",
        "addr:street": "Avenida de La Libertad",
        "amenity": "hospital",
        "building": "yes",
        "check_date": "2024-07-02",
        "emergency": "yes",
        "healthcare": "hospital",
        "layer": "1",
        "name": "Hospital de Santa María del Puerto",
        "phone": "+34 956017000",
        "website": "https://www.josemanuelpascualpascual.es/index.php/nuestros-hospitales/hospital-santa-maria-del-puerto",
        "wikidata": "Q87761677",
        "@geometry": "center"
      },
      "geometry": {
        "type": "Point",
        "coordinates": [
          -6.2379934,
          36.5982369
        ]
      },
      "id": "way/301754224"
    },
    {
      "type": "Feature",
      "properties": {
        "@id": "way/301992497",
        "amenity": "hospital",
        "healthcare": "hospital",
        "name": "Clinique des Orchidées",
        "@geometry": "center"
      },
      "geometry": {
        "type": "Point",
        "coordinates": [
          3.032989,
          36.7360751
        ]
      },
      "id": "way/301992497"
    },
    {
      "type": "Feature",
      "properties": {
        "@id": "way/302881532",
        "amenity": "hospital",
        "emergency": "yes",
        "name": "قاعة علاج الطاحونة",
        "name:en": "Health center",
        "@geometry": "center"
      },
      "geometry": {
        "type": "Point",
        "coordinates": [
          6.5160046,
          36.8032057
        ]
      },
      "id": "way/302881532"
    },
    {
      "type": "Feature",
      "properties": {
        "@id": "way/302898172",
        "amenity": "hospital",
        "@geometry": "center"
      },
      "geometry": {
        "type": "Point",
        "coordinates": [
          11.088344,
          33.541006
        ]
      },
      "id": "way/302898172"
    },
    {
      "type": "Feature",
      "properties": {
        "@id": "way/303027498",
        "amenity": "hospital",
        "emergency": "yes",
        "name": "قاعة علاج عين رويبح",
        "@geometry": "center"
      },
      "geometry": {
        "type": "Point",
        "coordinates": [
          6.522578,
          36.8068562
        ]
      },
      "id": "way/303027498"
    },
    {
      "type": "Feature",
      "properties": {
        "@id": "way/303232733",
        "addr:city": "Melilla",
        "alt_name": "Hospital Comarcal de Melilla",
        "amenity": "hospital",
        "emergency": "yes",
        "healthcare": "hospital",
        "name": "Hospital Comarcal",
        "operator": "INGESA",
        "operator:type": "public",
        "start_date": "1988",
        "wikidata": "Q87762694",
        "@geometry": "center"
      },
      "geometry": {
        "type": "Point",
        "coordinates": [
          -2.9474143,
          35.2863579
        ]
      },
      "id": "way/303232733"
    },
    {
      "type": "Feature",
      "properties": {
        "@id": "way/303499771",
        "addr:city": "Ouargla",
        "addr:postcode": "30000",
        "addr:street": "Rue Si Haoues",
        "amenity": "hospital",
        "emergency": "yes",
        "name": "Hôpital Mohamed Boudiaf",
        "@geometry": "center"
      },
      "geometry": {
        "type": "Point",
        "coordinates": [
          5.3321321,
          31.9623861
        ]
      },
      "id": "way/303499771"
    },
    {
      "type": "Feature",
      "properties": {
        "@id": "way/304514282",
        "addr:city": "Melilla",
        "addr:street": "Calle Monumental",
        "amenity": "hospital",
        "emergency": "yes",
        "healthcare": "hospital",
        "name": "Hospital Universitario de Melilla",
        "name:ar": "مستشفى جامعة مليلية",
        "name:fr": "Hôpital universitaire de Melilla",
        "name:ku": "Nexweşxaneya Zanîngeha Melilla",
        "name:tr": "Melilla Üniversitesi Hastanesi",
        "old_name": "Hospital Militar Pagés de Melilla",
        "wikidata": "Q132562057",
        "@geometry": "center"
      },
      "geometry": {
        "type": "Point",
        "coordinates": [
          -2.9429832,
          35.2811761
        ]
      },
      "id": "way/304514282"
    },
    {
      "type": "Feature",
      "properties": {
        "@id": "way/304632975",
        "amenity": "hospital",
        "name": "Hôpital ophtalmologique amitié Algérie-Cuba Ouargla",
        "name:fr": "Hôpital ophtalmologique amitié Algérie-Cuba Ouargla",
        "@geometry": "center"
      },
      "geometry": {
        "type": "Point",
        "coordinates": [
          5.3035801,
          31.935711
        ]
      },
      "id": "way/304632975"
    },
    {
      "type": "Feature",
      "properties": {
        "@id": "way/305583432",
        "addr:city": "Chefchaouen",
        "addr:street": "AV Jamaleddine Al Afghani",
        "amenity": "hospital",
        "fax": "+212 5 39 98 62 44",
        "healthcare": "hospital",
        "name": "Hopital Mohamed V",
        "@geometry": "center"
      },
      "geometry": {
        "type": "Point",
        "coordinates": [
          -5.2712294,
          35.1684934
        ]
      },
      "id": "way/305583432"
    },
    {
      "type": "Feature",
      "properties": {
        "@id": "way/305641080",
        "amenity": "hospital",
        "emergency": "yes",
        "healthcare": "hospital",
        "@geometry": "center"
      },
      "geometry": {
        "type": "Point",
        "coordinates": [
          -5.3098336,
          31.6302053
        ]
      },
      "id": "way/305641080"
    },
    {
      "type": "Feature",
      "properties": {
        "@id": "way/305687419",
        "amenity": "hospital",
        "name": "Hôpital de Maghnia",
        "@geometry": "center"
      },
      "geometry": {
        "type": "Point",
        "coordinates": [
          -1.7344991,
          34.8389655
        ]
      },
      "id": "way/305687419"
    },
    {
      "type": "Feature",
      "properties": {
        "@id": "way/305715175",
        "amenity": "hospital",
        "@geometry": "center"
      },
      "geometry": {
        "type": "Point",
        "coordinates": [
          6.5159946,
          36.8032052
        ]
      },
      "id": "way/305715175"
    },
    {
      "type": "Feature",
      "properties": {
        "@id": "way/306089485",
        "amenity": "hospital",
        "healthcare": "hospital",
        "name": "Hôpital El Farabi",
        "name:fr": "Hôpital El Farabi",
        "@geometry": "center"
      },
      "geometry": {
        "type": "Point",
        "coordinates": [
          -1.914488,
          34.6755048
        ]
      },
      "id": "way/306089485"
    },
    {
      "type": "Feature",
      "properties": {
        "@id": "way/306127863",
        "amenity": "hospital",
        "healthcare": "hospital",
        "name": "Centre Hospitalier Universitaire (CHU) Mohammed VI",
        "name:fr": "Centre Hospitalier Universitaire (CHU) Mohammed VI",
        "@geometry": "center"
      },
      "geometry": {
        "type": "Point",
        "coordinates": [
          -1.9107389,
          34.6562534
        ]
      },
      "id": "way/306127863"
    },
    {
      "type": "Feature",
      "properties": {
        "@id": "way/306600395",
        "addr:city": "Bormujos",
        "addr:postcode": "41930",
        "addr:street": "Calle Averroes",
        "amenity": "hospital",
        "emergency": "yes",
        "healthcare": "hospital",
        "name": "Hospital San Juan de Dios del Aljarafe",
        "operator:type": "public",
        "phone": "+34 955 050 550",
        "website": "https://www.hsjda.es/",
        "@geometry": "center"
      },
      "geometry": {
        "type": "Point",
        "coordinates": [
          -6.0835225,
          37.373265
        ]
      },
      "id": "way/306600395"
    },
    {
      "type": "Feature",
      "properties": {
        "@id": "way/306660594",
        "addr:city": "اولاد جلال",
        "addr:country": "DZ",
        "addr:postcode": "07400",
        "addr:street": "شارع العربي بن مهيدي",
        "amenity": "hospital",
        "barrier": "wall",
        "contact:fax": "+213 33 76 03 05",
        "contact:phone": "+213 33 76 03 29",
        "emergency": "yes",
        "name": "مستشفى عاشور زيان",
        "name:ar": "مستشفى عاشور زيان",
        "name:en": "Achour Ziane Hospital",
        "name:fr": "Hôpital Achour Ziane",
        "name:ru": "Ашур Сиань больницы",
        "@geometry": "center"
      },
      "geometry": {
        "type": "Point",
        "coordinates": [
          5.0599191,
          34.4285321
        ]
      },
      "id": "way/306660594"
    },
    {
      "type": "Feature",
      "properties": {
        "@id": "way/306753008",
        "addr:city": "اولاد جلال",
        "addr:country": "DZ",
        "addr:postcode": "07400",
        "addr:street": "شارع قاسمي براهيم",
        "amenity": "hospital",
        "emergency": "no",
        "name": "المؤسسة العمومية للصحة الجوارية",
        "name:ar": "المؤسسة العمومية للصحة الجوارية قاسمي ابراهيم",
        "name:en": "public institution nearby health",
        "name:fr": "établissement public de santé de proximité",
        "short_name": "EPSP",
        "@geometry": "center"
      },
      "geometry": {
        "type": "Point",
        "coordinates": [
          5.069443,
          34.4294192
        ]
      },
      "id": "way/306753008"
    },
    {
      "type": "Feature",
      "properties": {
        "@id": "way/307015652",
        "amenity": "hospital",
        "name": "Dispensaire",
        "@geometry": "center"
      },
      "geometry": {
        "type": "Point",
        "coordinates": [
          3.9375585,
          36.4990928
        ]
      },
      "id": "way/307015652"
    },
    {
      "type": "Feature",
      "properties": {
        "@id": "way/307026646",
        "amenity": "hospital",
        "healthcare": "hospital",
        "name": "مصحة المنار",
        "name:ar": "مصحة المنار",
        "name:en": "Elmanar",
        "name:fr": "Elmanara",
        "@geometry": "center"
      },
      "geometry": {
        "type": "Point",
        "coordinates": [
          10.151085,
          36.8352984
        ]
      },
      "id": "way/307026646"
    },
    {
      "type": "Feature",
      "properties": {
        "@id": "way/307556884",
        "addr:city": "TOUISSIT",
        "addr:district": "OUJDA",
        "addr:full": "Cité Economique 64852 TOUISSIT",
        "addr:place": "Cité Economique",
        "addr:postcode": "64852",
        "addr:province": "JERADA",
        "addr:suburb": "TOUISSIT",
        "amenity": "hospital",
        "comment": "Précision de 3 décimal",
        "fixme": "resurvey",
        "healthcare": "hospital",
        "name": "Hopital de Trone",
        "operator": "Ministère de la Santé",
        "post_office:type": "agence ABB",
        "ref:code_mecano": "4600.0",
        "source": "https://www.sante.gov.ma/",
        "website": "https://www.sante.gov.ma/",
        "@geometry": "center"
      },
      "geometry": {
        "type": "Point",
        "coordinates": [
          -1.7630063,
          34.4800253
        ]
      },
      "id": "way/307556884"
    },
    {
      "type": "Feature",
      "properties": {
        "@id": "way/307567787",
        "amenity": "hospital",
        "healthcare": "hospital",
        "name": "Dispensaire",
        "@geometry": "center"
      },
      "geometry": {
        "type": "Point",
        "coordinates": [
          -5.3723615,
          33.6896185
        ]
      },
      "id": "way/307567787"
    },
    {
      "type": "Feature",
      "properties": {
        "@id": "way/307687123",
        "amenity": "hospital",
        "emergency": "yes",
        "healthcare": "hospital",
        "name": "Dispensaire Ich",
        "@geometry": "center"
      },
      "geometry": {
        "type": "Point",
        "coordinates": [
          -1.0039214,
          32.5155132
        ]
      },
      "id": "way/307687123"
    },
    {
      "type": "Feature",
      "properties": {
        "@id": "way/307775418",
        "amenity": "hospital",
        "healthcare": "hospital",
        "name": "Hôpital",
        "@geometry": "center"
      },
      "geometry": {
        "type": "Point",
        "coordinates": [
          -5.3765791,
          33.6858803
        ]
      },
      "id": "way/307775418"
    },
    {
      "type": "Feature",
      "properties": {
        "@id": "way/307889649",
        "amenity": "hospital",
        "healthcare": "hospital",
        "name": "Polyclinique de Boghni",
        "@geometry": "center"
      },
      "geometry": {
        "type": "Point",
        "coordinates": [
          3.9568888,
          36.5387347
        ]
      },
      "id": "way/307889649"
    },
    {
      "type": "Feature",
      "properties": {
        "@id": "way/307889650",
        "amenity": "hospital",
        "healthcare": "hospital",
        "name": "Sbiṭaṛ n Vuɣni",
        "@geometry": "center"
      },
      "geometry": {
        "type": "Point",
        "coordinates": [
          3.9544889,
          36.5376129
        ]
      },
      "id": "way/307889650"
    },
    {
      "type": "Feature",
      "properties": {
        "@id": "way/308358518",
        "amenity": "hospital",
        "@geometry": "center"
      },
      "geometry": {
        "type": "Point",
        "coordinates": [
          1.5159104,
          35.3545894
        ]
      },
      "id": "way/308358518"
    },
    {
      "type": "Feature",
      "properties": {
        "@id": "way/308359575",
        "amenity": "hospital",
        "@geometry": "center"
      },
      "geometry": {
        "type": "Point",
        "coordinates": [
          1.4719227,
          35.416415
        ]
      },
      "id": "way/308359575"
    },
    {
      "type": "Feature",
      "properties": {
        "@id": "way/308557382",
        "addr:city": "Tissemsilt",
        "addr:postcode": "38000",
        "amenity": "hospital",
        "name": "l’Etablissement public hospitalier de Tissemsilt",
        "@geometry": "center"
      },
      "geometry": {
        "type": "Point",
        "coordinates": [
          1.8210401,
          35.601893
        ]
      },
      "id": "way/308557382"
    },
    {
      "type": "Feature",
      "properties": {
        "@id": "way/308633282",
        "amenity": "hospital",
        "name": "EPSP Oued Tlelat",
        "phone": "041184710",
        "@geometry": "center"
      },
      "geometry": {
        "type": "Point",
        "coordinates": [
          -0.445282,
          35.5537651
        ]
      },
      "id": "way/308633282"
    },
    {
      "type": "Feature",
      "properties": {
        "@id": "way/308672814",
        "addr:city": "Guelma",
        "addr:postcode": "24000",
        "amenity": "hospital",
        "emergency": "yes",
        "healthcare": "hospital",
        "name": "Hôpital El Hakim Okbi",
        "@geometry": "center"
      },
      "geometry": {
        "type": "Point",
        "coordinates": [
          7.4355674,
          36.4558119
        ]
      },
      "id": "way/308672814"
    },
    {
      "type": "Feature",
      "properties": {
        "@id": "way/309215808",
        "addr:postcode": "15010",
        "addr:street": "vers lycée",
        "amenity": "hospital",
        "email": "epspazeffoun@yahoo.fr",
        "name:ar": "مستشفى أزفون",
        "name:fr": "Établissement public de santé de proximité d'Azeffoun",
        "opening_hours": "24/7",
        "phone": "026450604",
        "short_name": "EPSP Azeffoun",
        "website": "https://epsp-azeffoun.forumactif.com/",
        "@geometry": "center"
      },
      "geometry": {
        "type": "Point",
        "coordinates": [
          4.4229936,
          36.8912359
        ]
      },
      "id": "way/309215808"
    },
    {
      "type": "Feature",
      "properties": {
        "@id": "way/309215822",
        "amenity": "hospital",
        "healthcare": "hospital",
        "name": "Hôpital",
        "@geometry": "center"
      },
      "geometry": {
        "type": "Point",
        "coordinates": [
          4.4266505,
          36.8858539
        ]
      },
      "id": "way/309215822"
    },
    {
      "type": "Feature",
      "properties": {
        "@id": "way/309274593",
        "amenity": "hospital",
        "emergency": "yes",
        "healthcare": "hospital",
        "name": "مستشفى الدكتور أحمد فرنسيس",
        "name:ar": "مستشفى الدكتور أحمد فرنسيس",
        "name:en": "Dr.Ahmed Francis Hospital",
        "name:fr": "Hôpital Dr.Ahmed Francis",
        "@geometry": "center"
      },
      "geometry": {
        "type": "Point",
        "coordinates": [
          0.9245456,
          35.9638891
        ]
      },
      "id": "way/309274593"
    },
    {
      "type": "Feature",
      "properties": {
        "@id": "way/309547354",
        "amenity": "hospital",
        "emergency": "no",
        "name": "المركز النفسي البيداغوجي",
        "name:ar": "المركز النفسي البيداغوجي",
        "name:fr": "centre psychopédagogique",
        "@geometry": "center"
      },
      "geometry": {
        "type": "Point",
        "coordinates": [
          5.0544371,
          34.4253901
        ]
      },
      "id": "way/309547354"
    },
    {
      "type": "Feature",
      "properties": {
        "@id": "way/309839421",
        "amenity": "hospital",
        "barrier": "wall",
        "emergency": "yes",
        "healthcare": "hospital",
        "healthcare:speciality": "general",
        "name": "المستشفى الجهوي بمجاز الباب",
        "name:ar": "المستشفى الجهوي بمجاز الباب",
        "name:fr": "Hôpital Régional de Medjez el Bab",
        "operator": "Ministère de la santé publique",
        "operator:type": "public",
        "wheelchair": "yes",
        "@geometry": "center"
      },
      "geometry": {
        "type": "Point",
        "coordinates": [
          9.6339023,
          36.644943
        ]
      },
      "id": "way/309839421"
    },
    {
      "type": "Feature",
      "properties": {
        "@id": "way/309955415",
        "addr:city": "بني عباس",
        "addr:postcode": "08300",
        "amenity": "hospital",
        "emergency": "yes",
        "healthcare": "hospital",
        "name": "مستشفى محمد يعقوب",
        "name:ar": "مستشفى محمد يعقوب",
        "name:fr": "Hôpital Mohamed Yacob",
        "operator": "وزارة الصحة",
        "@geometry": "center"
      },
      "geometry": {
        "type": "Point",
        "coordinates": [
          -2.1606325,
          30.1290846
        ]
      },
      "id": "way/309955415"
    },
    {
      "type": "Feature",
      "properties": {
        "@id": "way/310260609",
        "amenity": "hospital",
        "building": "hospital",
        "building:levels": "1",
        "name": "قاعة علاج مرغاد لخضر",
        "name:ar": "قاعة علاج مرغاد لخضر",
        "name:fr": "dispensaire",
        "@geometry": "center"
      },
      "geometry": {
        "type": "Point",
        "coordinates": [
          5.0448133,
          34.4260677
        ]
      },
      "id": "way/310260609"
    },
    {
      "type": "Feature",
      "properties": {
        "@id": "way/310261155",
        "amenity": "hospital",
        "building:levels": "1",
        "healthcare": "hospital",
        "@geometry": "center"
      },
      "geometry": {
        "type": "Point",
        "coordinates": [
          5.0528065,
          34.4212771
        ]
      },
      "id": "way/310261155"
    },
    {
      "type": "Feature",
      "properties": {
        "@id": "way/310449934",
        "amenity": "hospital",
        "building": "hospital",
        "name": "قاعة علاج شبيرة معمر",
        "name:ar": "قاعة علاج شبيرة معمر",
        "name:en": "dispensary",
        "name:fr": "dispensaire",
        "@geometry": "center"
      },
      "geometry": {
        "type": "Point",
        "coordinates": [
          5.073868,
          34.4352237
        ]
      },
      "id": "way/310449934"
    },
    {
      "type": "Feature",
      "properties": {
        "@id": "way/310456075",
        "addr:city": "الشلف",
        "addr:postcode": "02000",
        "amenity": "hospital",
        "emergency": "yes",
        "healthcare": "hospital",
        "name": "مستشفى الأخوات باج",
        "name:ar": "مستشفى الأخوات باج",
        "name:fr": "Hôpital des sœurs Bedj",
        "@geometry": "center"
      },
      "geometry": {
        "type": "Point",
        "coordinates": [
          1.3210371,
          36.1591829
        ]
      },
      "id": "way/310456075"
    },
    {
      "type": "Feature",
      "properties": {
        "@id": "way/310493737",
        "addr:city": "ouarzazate",
        "addr:postcode": "45000",
        "addr:street": "Avenue Ibn Sina",
        "amenity": "hospital",
        "emergency": "yes",
        "healthcare": "hospital",
        "name": "Sidi Hssain Bennacer",
        "opening_hours": "24/7",
        "@geometry": "center"
      },
      "geometry": {
        "type": "Point",
        "coordinates": [
          -6.9175079,
          30.9251099
        ]
      },
      "id": "way/310493737"
    },
    {
      "type": "Feature",
      "properties": {
        "@id": "way/310508440",
        "addr:city": "وادي الفضة",
        "addr:postcode": "02100",
        "amenity": "hospital",
        "emergency": "yes",
        "healthcare": "hospital",
        "name": "Hôpital d'Oued Fodda مستشفى وادي الفضة",
        "name:ar": "مستشفى وادي الفضة",
        "name:en": "Wadi Al Fiddha Hospital",
        "name:fr": "Hôpital d'Oued Fodda",
        "@geometry": "center"
      },
      "geometry": {
        "type": "Point",
        "coordinates": [
          1.5222737,
          36.1825161
        ]
      },
      "id": "way/310508440"
    },
    {
      "type": "Feature",
      "properties": {
        "@id": "way/310710574",
        "addr:city": "Oum El Bouaghi",
        "addr:postcode": "04000",
        "aeroway": "no",
        "amenity": "hospital",
        "emergency": "yes",
        "healthcare:speciality": "gynaecology;maternity;paediatrics",
        "name": "عيادة الولادة - سليمان عميرات",
        "name:ar": "عيادة الولادة - سليمان عميرات",
        "@geometry": "center"
      },
      "geometry": {
        "type": "Point",
        "coordinates": [
          7.1109083,
          35.8752702
        ]
      },
      "id": "way/310710574"
    },
    {
      "type": "Feature",
      "properties": {
        "@id": "way/310856521",
        "amenity": "hospital",
        "building:levels": "10",
        "healthcare": "hospital",
        "@geometry": "center"
      },
      "geometry": {
        "type": "Point",
        "coordinates": [
          2.9699426,
          36.6877243
        ]
      },
      "id": "way/310856521"
    },
    {
      "type": "Feature",
      "properties": {
        "@id": "way/311169872",
        "addr:city": "Theniet El Had",
        "amenity": "hospital",
        "emergency": "yes",
        "healthcare": "hospital",
        "name": "EPH Theniet El Had",
        "name:ar": "المؤسسة العمومية الاستشفائية لثنية الحد",
        "@geometry": "center"
      },
      "geometry": {
        "type": "Point",
        "coordinates": [
          2.0196394,
          35.8785646
        ]
      },
      "id": "way/311169872"
    },
    {
      "type": "Feature",
      "properties": {
        "@id": "way/311794888",
        "addr:city": "Tiaret",
        "addr:postcode": "14000",
        "addr:street": "Cité Bouhenni",
        "amenity": "hospital",
        "emergency": "yes",
        "name": "Établissement public hospitalier Établissement public hospitalier Youcef Damerdji",
        "name:ar": "المستشفى العمومي يوسف دامرجي",
        "name:fr": "Établissement public hospitalier Youcef Damerdji",
        "@geometry": "center"
      },
      "geometry": {
        "type": "Point",
        "coordinates": [
          1.3143845,
          35.3841967
        ]
      },
      "id": "way/311794888"
    },
    {
      "type": "Feature",
      "properties": {
        "@id": "way/312023533",
        "amenity": "hospital",
        "name": "Hôpital Hichem Abdelkrim",
        "@geometry": "center"
      },
      "geometry": {
        "type": "Point",
        "coordinates": [
          1.5466639,
          34.8490244
        ]
      },
      "id": "way/312023533"
    },
    {
      "type": "Feature",
      "properties": {
        "@id": "way/312322676",
        "addr:city": "Constantine",
        "addr:postcode": "25000",
        "addr:street": "Rue Benseghir Abdelouahab",
        "amenity": "hospital",
        "emergency": "yes",
        "healthcare": "hospital",
        "name": "CHU Ibn Badis",
        "name:ar": "المستشفى الجامعي عبد الحميد بن باديس",
        "phone": "+213 31 64 16 07",
        "@geometry": "center"
      },
      "geometry": {
        "type": "Point",
        "coordinates": [
          6.6167464,
          36.3734317
        ]
      },
      "id": "way/312322676"
    },
    {
      "type": "Feature",
      "properties": {
        "@id": "way/312762250",
        "amenity": "hospital",
        "name": "salle de soins",
        "@geometry": "center"
      },
      "geometry": {
        "type": "Point",
        "coordinates": [
          2.5457498,
          36.5900995
        ]
      },
      "id": "way/312762250"
    },
    {
      "type": "Feature",
      "properties": {
        "@id": "way/312862199",
        "addr:city": "Hassi Bahbah",
        "addr:postcode": "17002",
        "amenity": "hospital",
        "emergency": "yes",
        "name": "Hôpital Colonel Ahmed Bouguera",
        "name:ar": "مستشفى العقيد احمد بوقرة",
        "@geometry": "center"
      },
      "geometry": {
        "type": "Point",
        "coordinates": [
          3.0238796,
          35.0870461
        ]
      },
      "id": "way/312862199"
    },
    {
      "type": "Feature",
      "properties": {
        "@id": "way/312980511",
        "amenity": "hospital",
        "healthcare": "hospital",
        "name": "Hôpital Hassan II",
        "name:es": "Hospital Hasán II",
        "@geometry": "center"
      },
      "geometry": {
        "type": "Point",
        "coordinates": [
          -6.9060318,
          32.8925762
        ]
      },
      "id": "way/312980511"
    },
    {
      "type": "Feature",
      "properties": {
        "@id": "way/313431778",
        "amenity": "hospital",
        "name:ar": "المستشفى",
        "name:en": "L'Hôpital",
        "@geometry": "center"
      },
      "geometry": {
        "type": "Point",
        "coordinates": [
          0.8677137,
          36.1195601
        ]
      },
      "id": "way/313431778"
    },
    {
      "type": "Feature",
      "properties": {
        "@id": "way/313561496",
        "amenity": "hospital",
        "emergency": "yes",
        "healthcare": "hospital",
        "name": "Hopital Wantimidhi",
        "@geometry": "center"
      },
      "geometry": {
        "type": "Point",
        "coordinates": [
          8.4734656,
          26.4977882
        ]
      },
      "id": "way/313561496"
    },
    {
      "type": "Feature",
      "properties": {
        "@id": "way/313623626",
        "addr:city": "Aïn Tarek",
        "addr:postcode": "48015",
        "amenity": "hospital",
        "denomination": "catholic",
        "emergency": "yes",
        "healthcare": "hospital",
        "healthcare:speciality": "general",
        "name": "مستشفى",
        "name:en": "Hospital",
        "religion": "christian",
        "@geometry": "center"
      },
      "geometry": {
        "type": "Point",
        "coordinates": [
          1.1322421,
          35.784319
        ]
      },
      "id": "way/313623626"
    },
    {
      "type": "Feature",
      "properties": {
        "@id": "way/313652196",
        "amenity": "hospital",
        "emergency": "yes",
        "name": "مستشفى سيدي خالد",
        "name:ar": "مستشفى سيدي خالد",
        "name:en": "Hospital",
        "name:fr": "Hôpital",
        "@geometry": "center"
      },
      "geometry": {
        "type": "Point",
        "coordinates": [
          4.9926539,
          34.4028626
        ]
      },
      "id": "way/313652196"
    },
    {
      "type": "Feature",
      "properties": {
        "@id": "way/313828001",
        "addr:city": "Tighennif",
        "amenity": "hospital",
        "emergency": "yes",
        "name": "Hôpital de Tighennif",
        "@geometry": "center"
      },
      "geometry": {
        "type": "Point",
        "coordinates": [
          0.32213,
          35.4221327
        ]
      },
      "id": "way/313828001"
    },
    {
      "type": "Feature",
      "properties": {
        "@id": "way/313879842",
        "addr:city": "Ghriss",
        "amenity": "hospital",
        "name": "Hôpital de Ghriss",
        "name:ar": "مستشفى غريس",
        "opening_hours": "24/7",
        "@geometry": "center"
      },
      "geometry": {
        "type": "Point",
        "coordinates": [
          0.1530131,
          35.2477436
        ]
      },
      "id": "way/313879842"
    },
    {
      "type": "Feature",
      "properties": {
        "@id": "way/314022324",
        "addr:city": "سفيزف",
        "addr:city:ar": "سفيزف",
        "amenity": "hospital",
        "healthcare": "hospital",
        "@geometry": "center"
      },
      "geometry": {
        "type": "Point",
        "coordinates": [
          -0.2450007,
          35.2329043
        ]
      },
      "id": "way/314022324"
    },
    {
      "type": "Feature",
      "properties": {
        "@id": "way/314175825",
        "addr:city": "عين تادلس",
        "addr:city:ar": "عين تادلس",
        "amenity": "hospital",
        "emergency": "yes",
        "healthcare": "hospital",
        "name": "مستشفى العجال أبو الأطرش",
        "name:ar": "مستشفى العجال أبو الأطرش",
        "name:fr": "Hôpital Adjel Bellatrach",
        "@geometry": "center"
      },
      "geometry": {
        "type": "Point",
        "coordinates": [
          0.2885151,
          36.00071
        ]
      },
      "id": "way/314175825"
    },
    {
      "type": "Feature",
      "properties": {
        "@id": "way/314330600",
        "amenity": "hospital",
        "healthcare": "hospital",
        "name": "Hôpital",
        "@geometry": "center"
      },
      "geometry": {
        "type": "Point",
        "coordinates": [
          4.4739894,
          36.0708147
        ]
      },
      "id": "way/314330600"
    },
    {
      "type": "Feature",
      "properties": {
        "@id": "way/314457342",
        "addr:city": "Doualy Gafsa",
        "addr:postcode": "2100",
        "addr:street": "Rue Ibn Sina",
        "amenity": "hospital",
        "name": "المستشفى الجهوي حسين بوزيان بقفصة",
        "name:ar": "المستشفى الجهوي حسين بوزيان بقفصة",
        "name:fr": "Hôpital Régional Houcine Bouzayane de Gafsa",
        "phone": "+216 76 226 278",
        "@geometry": "center"
      },
      "geometry": {
        "type": "Point",
        "coordinates": [
          8.795981,
          34.4197597
        ]
      },
      "id": "way/314457342"
    },
    {
      "type": "Feature",
      "properties": {
        "@id": "way/314463970",
        "addr:city": "قفصة",
        "addr:city:ar": "قفصة",
        "amenity": "hospital",
        "name": "Hôpital Sidi Bou Yahia",
        "@geometry": "center"
      },
      "geometry": {
        "type": "Point",
        "coordinates": [
          8.7817228,
          34.4190312
        ]
      },
      "id": "way/314463970"
    },
    {
      "type": "Feature",
      "properties": {
        "@id": "way/314611182",
        "addr:city": "Thenia",
        "amenity": "hospital",
        "emergency": "yes",
        "healthcare": "hospital",
        "name": "E.P.H Thenia",
        "name:ar": "المؤسسة العمومية الإستشفائية للثنية",
        "name:fr": "E.P.H Thenia",
        "opening_hours": "Mo-Su 08:00-24:00",
        "@geometry": "center"
      },
      "geometry": {
        "type": "Point",
        "coordinates": [
          3.5552309,
          36.728464
        ]
      },
      "id": "way/314611182"
    },
    {
      "type": "Feature",
      "properties": {
        "@id": "way/314737198",
        "amenity": "hospital",
        "emergency": "yes",
        "healthcare": "hospital",
        "name:ar": "المؤسسة العمومية الإستشفائية سيدي عيسى",
        "name:fr": "EPH Sidi Aissa",
        "short_name": "EPH",
        "@geometry": "center"
      },
      "geometry": {
        "type": "Point",
        "coordinates": [
          3.767395,
          35.8923708
        ]
      },
      "id": "way/314737198"
    },
    {
      "type": "Feature",
      "properties": {
        "@id": "way/314979467",
        "addr:city": "Mostaganem",
        "amenity": "hospital",
        "healthcare:speciality": "psychiatry",
        "name": "Hôpital psychiatrique",
        "name:ar": "مستشفى الأمراض العقلية",
        "name:fr": "Hôpital psychiatrique",
        "@geometry": "center"
      },
      "geometry": {
        "type": "Point",
        "coordinates": [
          0.0990699,
          35.9449685
        ]
      },
      "id": "way/314979467"
    },
    {
      "type": "Feature",
      "properties": {
        "@id": "way/314980270",
        "addr:postcode": "27000",
        "amenity": "hospital",
        "emergency": "yes",
        "healthcare": "hospital",
        "healthcare:speciality": "emergency",
        "name": "Urgences",
        "name:ar": "الإستعجالات الطبية",
        "name:fr": "Urgences",
        "opening_hours": "24/7",
        "@geometry": "center"
      },
      "geometry": {
        "type": "Point",
        "coordinates": [
          0.0974939,
          35.9452883
        ]
      },
      "id": "way/314980270"
    },
    {
      "type": "Feature",
      "properties": {
        "@id": "way/315087053",
        "amenity": "hospital",
        "emergency": "yes",
        "name": "مستشفى يوسف يعلاوي",
        "name:ar": "مستشفى يوسف يعلاوي",
        "name:fr": "Hôpital Youcef Yaalaoui",
        "@geometry": "center"
      },
      "geometry": {
        "type": "Point",
        "coordinates": [
          5.5057617,
          35.8070979
        ]
      },
      "id": "way/315087053"
    },
    {
      "type": "Feature",
      "properties": {
        "@id": "way/315143623",
        "amenity": "hospital",
        "building": "yes",
        "emergency": "yes",
        "name": "المستوصف",
        "name:ar": "المستوصف",
        "name:fr": "Polyclinique",
        "@geometry": "center"
      },
      "geometry": {
        "type": "Point",
        "coordinates": [
          5.5022224,
          35.8159658
        ]
      },
      "id": "way/315143623"
    },
    {
      "type": "Feature",
      "properties": {
        "@id": "way/315303334",
        "amenity": "hospital",
        "name": "EPH Bouguirat",
        "@geometry": "center"
      },
      "geometry": {
        "type": "Point",
        "coordinates": [
          0.2667516,
          35.7486537
        ]
      },
      "id": "way/315303334"
    },
    {
      "type": "Feature",
      "properties": {
        "@id": "way/315333707",
        "addr:city": "Saida",
        "amenity": "hospital",
        "name": "Hôpital-Maternité",
        "name:ar": "حمدان بختة",
        "@geometry": "center"
      },
      "geometry": {
        "type": "Point",
        "coordinates": [
          0.1562157,
          34.8401697
        ]
      },
      "id": "way/315333707"
    },
    {
      "type": "Feature",
      "properties": {
        "@id": "way/315344050",
        "addr:city": "Saida",
        "amenity": "hospital",
        "emergency": "yes",
        "name": "EPH Ahmed MEDEGHRI",
        "name:ar": "Hôpital Ahmed Medeghri",
        "phone": "+213 48 47 16 56",
        "@geometry": "center"
      },
      "geometry": {
        "type": "Point",
        "coordinates": [
          0.1601409,
          34.8293582
        ]
      },
      "id": "way/315344050"
    },
    {
      "type": "Feature",
      "properties": {
        "@id": "way/315392072",
        "amenity": "hospital",
        "healthcare": "hospital",
        "name": "Hôpital Hay Salam مستشفى حي السلام",
        "name:ar": "مستشفى حي السلام",
        "name:fr": "Hôpital Hay Salam",
        "@geometry": "center"
      },
      "geometry": {
        "type": "Point",
        "coordinates": [
          -5.5838218,
          33.8954897
        ]
      },
      "id": "way/315392072"
    },
    {
      "type": "Feature",
      "properties": {
        "@id": "way/315557802",
        "addr:city": "سيدي خالد",
        "addr:city:ar": "سيدي خالد",
        "amenity": "hospital",
        "healthcare": "hospital",
        "@geometry": "center"
      },
      "geometry": {
        "type": "Point",
        "coordinates": [
          4.9912208,
          34.3895361
        ]
      },
      "id": "way/315557802"
    },
    {
      "type": "Feature",
      "properties": {
        "@id": "way/315799098",
        "addr:city": "Meknès مكناس",
        "amenity": "hospital",
        "healthcare": "hospital",
        "name": "Hôpital Siid Baba مستشفى سيد بابا",
        "name:ar": "مستشفى سيد بابا",
        "name:fr": "Hôpital Siid Baba",
        "@geometry": "center"
      },
      "geometry": {
        "type": "Point",
        "coordinates": [
          -5.5774214,
          33.912047
        ]
      },
      "id": "way/315799098"
    },
    {
      "type": "Feature",
      "properties": {
        "@id": "way/315802633",
        "amenity": "hospital",
        "healthcare": "hospital",
        "name": "La croix rouge",
        "@geometry": "center"
      },
      "geometry": {
        "type": "Point",
        "coordinates": [
          -5.5772462,
          33.901974
        ]
      },
      "id": "way/315802633"
    },
    {
      "type": "Feature",
      "properties": {
        "@id": "way/315802635",
        "amenity": "hospital",
        "healthcare": "hospital",
        "@geometry": "center"
      },
      "geometry": {
        "type": "Point",
        "coordinates": [
          -5.5783818,
          33.9029611
        ]
      },
      "id": "way/315802635"
    },
    {
      "type": "Feature",
      "properties": {
        "@id": "way/316448041",
        "addr:city": "سيدي خالد",
        "addr:city:ar": "سيدي خالد",
        "amenity": "hospital",
        "healthcare": "hospital",
        "name": "قاعة علاج",
        "name:ar": "قاعة علاج",
        "name:en": "Treatment room",
        "name:fr": "Salle des soins",
        "@geometry": "center"
      },
      "geometry": {
        "type": "Point",
        "coordinates": [
          5.0099727,
          34.3993394
        ]
      },
      "id": "way/316448041"
    },
    {
      "type": "Feature",
      "properties": {
        "@id": "way/316923581",
        "amenity": "hospital",
        "emergency": "yes",
        "internet_access": "wlan",
        "name": "Hôpital Ziouchi Mohamed",
        "name:ar": "مستشفى زيوشي محمد",
        "name:fr": "Hôpital Ziouchi Mohamed",
        "@geometry": "center"
      },
      "geometry": {
        "type": "Point",
        "coordinates": [
          5.3823757,
          34.7252945
        ]
      },
      "id": "way/316923581"
    },
    {
      "type": "Feature",
      "properties": {
        "@id": "way/316939586",
        "amenity": "hospital",
        "emergency": "yes",
        "healthcare": "hospital",
        "name": "Hôpital",
        "@geometry": "center"
      },
      "geometry": {
        "type": "Point",
        "coordinates": [
          -5.3768089,
          33.679067
        ]
      },
      "id": "way/316939586"
    },
    {
      "type": "Feature",
      "properties": {
        "@id": "way/317233089",
        "addr:city": "Djezzar",
        "amenity": "hospital",
        "name": "EHP",
        "@geometry": "center"
      },
      "geometry": {
        "type": "Point",
        "coordinates": [
          5.2637315,
          35.5047361
        ]
      },
      "id": "way/317233089"
    },
    {
      "type": "Feature",
      "properties": {
        "@id": "way/317329964",
        "addr:city": "المسيلة",
        "addr:postcode": "28000",
        "addr:street": "شارع العقيد عميروش",
        "amenity": "hospital",
        "emergency": "yes",
        "healthcare": "hospital",
        "name": "مستشفى الزهراوي",
        "name:ar": "مستشفى الزهراوي",
        "name:en": "Ezzahraoui Hospital",
        "name:fr": "Hôpital Ezzahraoui",
        "@geometry": "center"
      },
      "geometry": {
        "type": "Point",
        "coordinates": [
          4.5500166,
          35.7145349
        ]
      },
      "id": "way/317329964"
    },
    {
      "type": "Feature",
      "properties": {
        "@id": "way/317579802",
        "amenity": "hospital",
        "@geometry": "center"
      },
      "geometry": {
        "type": "Point",
        "coordinates": [
          4.9815399,
          34.3822894
        ]
      },
      "id": "way/317579802"
    },
    {
      "type": "Feature",
      "properties": {
        "@id": "way/317657963",
        "addr:city": "Chréa",
        "alt_name": "Sanatorium de Chréa",
        "amenity": "hospital",
        "emergency": "yes",
        "healthcare": "hospital",
        "healthcare:speciality": "pulmonology",
        "name": "Centre des asthmatiques",
        "name:ar": "مركز علاج الربو الشريعة",
        "name:fr": "Centre des asthmatiques",
        "@geometry": "center"
      },
      "geometry": {
        "type": "Point",
        "coordinates": [
          2.8802484,
          36.4312854
        ]
      },
      "id": "way/317657963"
    },
    {
      "type": "Feature",
      "properties": {
        "@id": "way/317784267",
        "amenity": "hospital",
        "name": "Établissement de santé public de proximité",
        "name:ar": "المؤسسة العمومية للصحة الجوارية",
        "name:fr": "Établissement de santé publique de proximité",
        "@geometry": "center"
      },
      "geometry": {
        "type": "Point",
        "coordinates": [
          3.7841812,
          35.8838839
        ]
      },
      "id": "way/317784267"
    },
    {
      "type": "Feature",
      "properties": {
        "@id": "way/317856491",
        "amenity": "hospital",
        "healthcare": "hospital",
        "name": "Hopital",
        "@geometry": "center"
      },
      "geometry": {
        "type": "Point",
        "coordinates": [
          2.3108019,
          35.2283623
        ]
      },
      "id": "way/317856491"
    },
    {
      "type": "Feature",
      "properties": {
        "@id": "way/318045619",
        "amenity": "hospital",
        "name": "المؤسسة العمومية للصحة الجوارية",
        "name:ar": "المؤسسة العمومية للصحة الجوارية",
        "name:fr": "Établissement public de la santé de proximité",
        "@geometry": "center"
      },
      "geometry": {
        "type": "Point",
        "coordinates": [
          5.5945268,
          34.7877889
        ]
      },
      "id": "way/318045619"
    },
    {
      "type": "Feature",
      "properties": {
        "@id": "way/318308937",
        "addr:city": "Frenda",
        "amenity": "hospital",
        "emergency": "yes",
        "healthcare": "hospital",
        "name": "Hopital Ibn sina",
        "name:ar": "مستشفى إبن سينا",
        "name:fr": "Hôpital Ibn Sina",
        "@geometry": "center"
      },
      "geometry": {
        "type": "Point",
        "coordinates": [
          1.0537588,
          35.0623985
        ]
      },
      "id": "way/318308937"
    },
    {
      "type": "Feature",
      "properties": {
        "@id": "way/318492266",
        "addr:city": "بوقطب",
        "addr:city:ar": "بوقطب",
        "addr:postcode": "32010",
        "amenity": "hospital",
        "emergency": "yes",
        "healthcare": "hospital",
        "name": "مستشفى قاضي محمد",
        "name:ar": "مستشفى قاضي محمد",
        "name:etymology": "قاضي محمد",
        "name:etymology:wikidata": "Q379849",
        "name:etymology:wikipedia": "ar:قاضي محمد",
        "@geometry": "center"
      },
      "geometry": {
        "type": "Point",
        "coordinates": [
          0.0889431,
          34.0390472
        ]
      },
      "id": "way/318492266"
    },
    {
      "type": "Feature",
      "properties": {
        "@id": "way/318630053",
        "amenity": "hospital",
        "@geometry": "center"
      },
      "geometry": {
        "type": "Point",
        "coordinates": [
          5.2693997,
          34.5101259
        ]
      },
      "id": "way/318630053"
    },
    {
      "type": "Feature",
      "properties": {
        "@id": "way/318866557",
        "amenity": "hospital",
        "healthcare": "hospital",
        "@geometry": "center"
      },
      "geometry": {
        "type": "Point",
        "coordinates": [
          3.2858507,
          36.7364716
        ]
      },
      "id": "way/318866557"
    },
    {
      "type": "Feature",
      "properties": {
        "@id": "way/318954291",
        "amenity": "hospital",
        "name": "العيادة المتعددة الخدمات الشهيد طيبي الصغير",
        "name:ar": "العيادة المتعددة الخدمات الشهيد طيبي الصغير",
        "@geometry": "center"
      },
      "geometry": {
        "type": "Point",
        "coordinates": [
          2.7846271,
          34.4663897
        ]
      },
      "id": "way/318954291"
    },
    {
      "type": "Feature",
      "properties": {
        "@id": "way/319119439",
        "addr:city": "Larbaa N'Aït Irathen",
        "amenity": "hospital",
        "emergency": "yes",
        "name": "Hôpital de Larbâa N'Aït Irathen",
        "@geometry": "center"
      },
      "geometry": {
        "type": "Point",
        "coordinates": [
          4.1993199,
          36.6446634
        ]
      },
      "id": "way/319119439"
    },
    {
      "type": "Feature",
      "properties": {
        "@id": "way/319704885",
        "amenity": "hospital",
        "name:fr": "مستشفى",
        "@geometry": "center"
      },
      "geometry": {
        "type": "Point",
        "coordinates": [
          7.6058233,
          36.0268844
        ]
      },
      "id": "way/319704885"
    },
    {
      "type": "Feature",
      "properties": {
        "@id": "way/319795112",
        "amenity": "hospital",
        "healthcare": "hospital",
        "name": "Centre de Santé Lamharchi",
        "@geometry": "center"
      },
      "geometry": {
        "type": "Point",
        "coordinates": [
          -1.9356027,
          34.6778842
        ]
      },
      "id": "way/319795112"
    },
    {
      "type": "Feature",
      "properties": {
        "@id": "way/320480474",
        "amenity": "hospital",
        "healthcare": "hospital",
        "name": "Centre Hospitalier",
        "@geometry": "center"
      },
      "geometry": {
        "type": "Point",
        "coordinates": [
          -8.9815354,
          32.256756
        ]
      },
      "id": "way/320480474"
    },
    {
      "type": "Feature",
      "properties": {
        "@id": "way/320497042",
        "amenity": "hospital",
        "healthcare": "hospital",
        "@geometry": "center"
      },
      "geometry": {
        "type": "Point",
        "coordinates": [
          -8.3309461,
          33.2985661
        ]
      },
      "id": "way/320497042"
    },
    {
      "type": "Feature",
      "properties": {
        "@id": "way/320655560",
        "addr:city": "Jerez",
        "addr:housenumber": "1",
        "addr:street": "Glorieta Félix Rodríguez de la Fuente",
        "amenity": "hospital",
        "emergency": "yes",
        "healthcare": "hospital",
        "name": "Hospital San Juan Grande",
        "operator": "Orden de San Juan de Dios",
        "website": "http://www.hospitalsanjuangrande.es/",
        "wikidata": "Q87761673",
        "@geometry": "center"
      },
      "geometry": {
        "type": "Point",
        "coordinates": [
          -6.149534,
          36.6914571
        ]
      },
      "id": "way/320655560"
    },
    {
      "type": "Feature",
      "properties": {
        "@id": "way/320728587",
        "addr:city": "تيميمون",
        "amenity": "hospital",
        "healthcare": "hospital",
        "name": "مستشفى",
        "name:ar": "مستشفى",
        "name:fr": "Hôpital",
        "name:nl": "Ziekenhuis",
        "@geometry": "center"
      },
      "geometry": {
        "type": "Point",
        "coordinates": [
          0.2340467,
          29.2560185
        ]
      },
      "id": "way/320728587"
    },
    {
      "type": "Feature",
      "properties": {
        "@id": "way/320939008",
        "amenity": "hospital",
        "healthcare": "hospital",
        "name": "Hôpital Mohamed V",
        "@geometry": "center"
      },
      "geometry": {
        "type": "Point",
        "coordinates": [
          -8.5092357,
          33.250859
        ]
      },
      "id": "way/320939008"
    },
    {
      "type": "Feature",
      "properties": {
        "@id": "way/320947339",
        "amenity": "hospital",
        "healthcare": "hospital",
        "name": "Polyclinique CNSS",
        "@geometry": "center"
      },
      "geometry": {
        "type": "Point",
        "coordinates": [
          -8.5195555,
          33.24657
        ]
      },
      "id": "way/320947339"
    },
    {
      "type": "Feature",
      "properties": {
        "@id": "way/320947340",
        "amenity": "hospital",
        "healthcare": "hospital",
        "name": "Croissant Rouge Marocain",
        "@geometry": "center"
      },
      "geometry": {
        "type": "Point",
        "coordinates": [
          -8.5119542,
          33.2459395
        ]
      },
      "id": "way/320947340"
    },
    {
      "type": "Feature",
      "properties": {
        "@id": "way/320954116",
        "amenity": "hospital",
        "healthcare": "hospital",
        "name": "Hôpital Essaada",
        "@geometry": "center"
      },
      "geometry": {
        "type": "Point",
        "coordinates": [
          -8.5305848,
          33.2431155
        ]
      },
      "id": "way/320954116"
    },
    {
      "type": "Feature",
      "properties": {
        "@id": "way/321065896",
        "addr:city": "تندوف",
        "amenity": "hospital",
        "emergency": "yes",
        "healthcare": "hospital",
        "name": "مستشفى المختلط سي الحواس",
        "name:ar": "مستشفى المختلط سي الحواس",
        "name:fr": "Hôpital mixte Si Lhaouess",
        "@geometry": "center"
      },
      "geometry": {
        "type": "Point",
        "coordinates": [
          -8.1400848,
          27.6749857
        ]
      },
      "id": "way/321065896"
    },
    {
      "type": "Feature",
      "properties": {
        "@id": "way/321318512",
        "addr:city": "برج باجي مختار",
        "amenity": "hospital",
        "healthcare": "hospital",
        "name": "عيادة متعددة الخدمات",
        "name:ar": "عيادة متعددة الخدمات",
        "opening_hours": "24/7",
        "@geometry": "center"
      },
      "geometry": {
        "type": "Point",
        "coordinates": [
          0.9541464,
          21.3293751
        ]
      },
      "id": "way/321318512"
    },
    {
      "type": "Feature",
      "properties": {
        "@id": "way/321928730",
        "addr:city": "تقرت",
        "addr:city:ar": "تقرت",
        "addr:postcode": "30002",
        "amenity": "hospital",
        "emergency": "yes",
        "healthcare": "hospital",
        "name": "مستشفى سليمان عميرات",
        "name:ar": "مستشفى سليمان عميرات",
        "name:en": "Slimen Amirat Hospital",
        "name:fr": "EPH Slimen Amirat",
        "@geometry": "center"
      },
      "geometry": {
        "type": "Point",
        "coordinates": [
          6.061674,
          33.0995951
        ]
      },
      "id": "way/321928730"
    },
    {
      "type": "Feature",
      "properties": {
        "@id": "way/321934775",
        "amenity": "hospital",
        "emergency": "yes",
        "name": "Hopital El-Khroub",
        "name:ar": "مستشفى الخروب",
        "name:fr": "EPH EL KHROUB",
        "@geometry": "center"
      },
      "geometry": {
        "type": "Point",
        "coordinates": [
          6.7082857,
          36.2603689
        ]
      },
      "id": "way/321934775"
    },
    {
      "type": "Feature",
      "properties": {
        "@id": "way/322172160",
        "amenity": "hospital",
        "healthcare": "hospital",
        "name": "Polyclinique CNSS",
        "@geometry": "center"
      },
      "geometry": {
        "type": "Point",
        "coordinates": [
          -1.9113664,
          34.6700246
        ]
      },
      "id": "way/322172160"
    },
    {
      "type": "Feature",
      "properties": {
        "@id": "way/322202369",
        "amenity": "hospital",
        "healthcare": "hospital",
        "name": "Clinique Doukkala",
        "@geometry": "center"
      },
      "geometry": {
        "type": "Point",
        "coordinates": [
          -8.5080139,
          33.2491815
        ]
      },
      "id": "way/322202369"
    },
    {
      "type": "Feature",
      "properties": {
        "@id": "way/322310155",
        "addr:city": "سيدي خالد",
        "addr:city:ar": "سيدي خالد",
        "amenity": "hospital",
        "healthcare": "hospital",
        "name": "المستشفى القديم",
        "name:ar": "المستشفى القديم",
        "@geometry": "center"
      },
      "geometry": {
        "type": "Point",
        "coordinates": [
          4.9977825,
          34.3958149
        ]
      },
      "id": "way/322310155"
    },
    {
      "type": "Feature",
      "properties": {
        "@id": "way/322579233",
        "addr:city": "Oujda",
        "addr:housenumber": "12",
        "addr:street": "Rue Abdelaziz Taalibi",
        "amenity": "hospital",
        "healthcare": "hospital",
        "name": "Clinique Isly",
        "phone": "+212 536700701",
        "@geometry": "center"
      },
      "geometry": {
        "type": "Point",
        "coordinates": [
          -1.925882,
          34.6729664
        ]
      },
      "id": "way/322579233"
    },
    {
      "type": "Feature",
      "properties": {
        "@id": "way/323034500",
        "amenity": "hospital",
        "healthcare": "hospital",
        "@geometry": "center"
      },
      "geometry": {
        "type": "Point",
        "coordinates": [
          -8.3443484,
          33.2860662
        ]
      },
      "id": "way/323034500"
    },
    {
      "type": "Feature",
      "properties": {
        "@id": "way/323165500",
        "amenity": "hospital",
        "healthcare": "hospital",
        "name": "L'Hôpital des Maladies Psychiatriques",
        "@geometry": "center"
      },
      "geometry": {
        "type": "Point",
        "coordinates": [
          -1.8906515,
          34.6800227
        ]
      },
      "id": "way/323165500"
    },
    {
      "type": "Feature",
      "properties": {
        "@id": "way/323673183",
        "amenity": "hospital",
        "emergency": "yes",
        "name": "Clinique maternité",
        "@geometry": "center"
      },
      "geometry": {
        "type": "Point",
        "coordinates": [
          -0.6789635,
          35.6773076
        ]
      },
      "id": "way/323673183"
    },
    {
      "type": "Feature",
      "properties": {
        "@id": "way/323964652",
        "amenity": "hospital",
        "healthcare": "hospital",
        "name": "Hôpital Ali N'mer",
        "@geometry": "center"
      },
      "geometry": {
        "type": "Point",
        "coordinates": [
          5.9096601,
          35.6274688
        ]
      },
      "id": "way/323964652"
    },
    {
      "type": "Feature",
      "properties": {
        "@id": "way/324065524",
        "amenity": "hospital",
        "health_facility_type": "health_center",
        "healthcare": "hospital",
        "name": "Centre Mehdi Ibn Toumart مركز المهدي ابن تومرت",
        "name:ar": "مركز المهدي ابن تومرت",
        "name:fr": "Centre Mehdi Ibn Toumart",
        "@geometry": "center"
      },
      "geometry": {
        "type": "Point",
        "coordinates": [
          -1.9020136,
          34.7913823
        ]
      },
      "id": "way/324065524"
    },
    {
      "type": "Feature",
      "properties": {
        "@id": "way/325410442",
        "amenity": "hospital",
        "emergency": "yes",
        "name": "Hopital Merouani Abed",
        "@geometry": "center"
      },
      "geometry": {
        "type": "Point",
        "coordinates": [
          1.2612032,
          36.2043577
        ]
      },
      "id": "way/325410442"
    },
    {
      "type": "Feature",
      "properties": {
        "@id": "way/325764366",
        "amenity": "hospital",
        "building": "yes",
        "healthcare": "hospital",
        "name": "Centre de Santé Essalam",
        "@geometry": "center"
      },
      "geometry": {
        "type": "Point",
        "coordinates": [
          -5.1194827,
          33.5199205
        ]
      },
      "id": "way/325764366"
    },
    {
      "type": "Feature",
      "properties": {
        "@id": "way/328212588",
        "amenity": "hospital",
        "name": "مركز صحي",
        "name:ar": "مركز صحي",
        "name:fr": "Centre de santé",
        "@geometry": "center"
      },
      "geometry": {
        "type": "Point",
        "coordinates": [
          6.1276276,
          36.3928903
        ]
      },
      "id": "way/328212588"
    },
    {
      "type": "Feature",
      "properties": {
        "@id": "way/328439489",
        "amenity": "hospital",
        "healthcare": "hospital",
        "name": "Hôpital kelaat m'gouna",
        "name:fr": "Hôpital kelaat m'gouna",
        "@geometry": "center"
      },
      "geometry": {
        "type": "Point",
        "coordinates": [
          -6.1195622,
          31.2498983
        ]
      },
      "id": "way/328439489"
    },
    {
      "type": "Feature",
      "properties": {
        "@id": "way/328555734",
        "amenity": "hospital",
        "healthcare": "hospital",
        "name": "Hopital Ibn Tofaïl",
        "name:en": "Hospital Ibn Tufayl",
        "name:fr": "Hôpital Ibn Tofaïl",
        "@geometry": "center"
      },
      "geometry": {
        "type": "Point",
        "coordinates": [
          -8.0156193,
          31.6415953
        ]
      },
      "id": "way/328555734"
    },
    {
      "type": "Feature",
      "properties": {
        "@id": "way/328555735",
        "amenity": "hospital",
        "healthcare": "hospital",
        "name": "Polyclinique du Sud",
        "@geometry": "center"
      },
      "geometry": {
        "type": "Point",
        "coordinates": [
          -8.0147083,
          31.6378212
        ]
      },
      "id": "way/328555735"
    },
    {
      "type": "Feature",
      "properties": {
        "@id": "way/330206537",
        "amenity": "hospital",
        "healthcare": "hospital",
        "name": "Centre de Santé",
        "@geometry": "center"
      },
      "geometry": {
        "type": "Point",
        "coordinates": [
          -7.993578,
          33.3762433
        ]
      },
      "id": "way/330206537"
    },
    {
      "type": "Feature",
      "properties": {
        "@id": "way/330412664",
        "addr:city": "Ain El Arbaa",
        "amenity": "hospital",
        "healthcare:speciality": "emergency",
        "name": "Les Urgences",
        "@geometry": "center"
      },
      "geometry": {
        "type": "Point",
        "coordinates": [
          -0.8776363,
          35.4053274
        ]
      },
      "id": "way/330412664"
    },
    {
      "type": "Feature",
      "properties": {
        "@id": "way/330434664",
        "amenity": "hospital",
        "name": "Kerroumi Mohammed",
        "@geometry": "center"
      },
      "geometry": {
        "type": "Point",
        "coordinates": [
          -2.2379316,
          31.5909623
        ]
      },
      "id": "way/330434664"
    },
    {
      "type": "Feature",
      "properties": {
        "@id": "way/331824647",
        "amenity": "hospital",
        "healthcare": "hospital",
        "name": "مشتشفى البلدية",
        "name:ar": "مشتشفى البلدية",
        "name:fr": "Hôpital municipal",
        "@geometry": "center"
      },
      "geometry": {
        "type": "Point",
        "coordinates": [
          -0.1928511,
          27.2279708
        ]
      },
      "id": "way/331824647"
    },
    {
      "type": "Feature",
      "properties": {
        "@id": "way/334336389",
        "addr:city": "مسعد",
        "amenity": "hospital",
        "healthcare": "hospital",
        "name": "المستشفى الأزرق",
        "name:ar": "المستشفى الأزرق",
        "name:es": "Hospital Azul",
        "name:fr": "Hôpital bleu",
        "@geometry": "center"
      },
      "geometry": {
        "type": "Point",
        "coordinates": [
          3.4931032,
          34.1542691
        ]
      },
      "id": "way/334336389"
    },
    {
      "type": "Feature",
      "properties": {
        "@id": "way/334338074",
        "addr:city": "Messâad",
        "addr:postcode": "17400",
        "addr:street": "طريق حي الدوحة",
        "amenity": "hospital",
        "internet_access": "wlan",
        "name": "المستشفى الكبير",
        "name:ar": "المستشفى الكبير",
        "name:fr": "Le grand Hopital",
        "opening_hours": "24/7",
        "@geometry": "center"
      },
      "geometry": {
        "type": "Point",
        "coordinates": [
          3.4852707,
          34.1566257
        ]
      },
      "id": "way/334338074"
    },
    {
      "type": "Feature",
      "properties": {
        "@id": "way/334767319",
        "amenity": "hospital",
        "name": "Hôpital de Bordj Bou Naâma",
        "name:ar": "مستشفى برج بونعامة",
        "name:en": "Bordj Bou Naama Hospital",
        "name:fr": "Hôpital de Bordj Bou Naâma",
        "@geometry": "center"
      },
      "geometry": {
        "type": "Point",
        "coordinates": [
          1.6180192,
          35.8700217
        ]
      },
      "id": "way/334767319"
    },
    {
      "type": "Feature",
      "properties": {
        "@id": "way/335842218",
        "amenity": "hospital",
        "name": "EPSP Djellal",
        "@geometry": "center"
      },
      "geometry": {
        "type": "Point",
        "coordinates": [
          6.8940756,
          34.9156571
        ]
      },
      "id": "way/335842218"
    },
    {
      "type": "Feature",
      "properties": {
        "@id": "way/337011606",
        "amenity": "hospital",
        "denomination": "sunni",
        "healthcare": "hospital",
        "@geometry": "center"
      },
      "geometry": {
        "type": "Point",
        "coordinates": [
          1.3375497,
          35.3824657
        ]
      },
      "id": "way/337011606"
    },
    {
      "type": "Feature",
      "properties": {
        "@id": "way/337097940",
        "amenity": "hospital",
        "emergency": "yes",
        "@geometry": "center"
      },
      "geometry": {
        "type": "Point",
        "coordinates": [
          0.3213582,
          34.8273857
        ]
      },
      "id": "way/337097940"
    },
    {
      "type": "Feature",
      "properties": {
        "@id": "way/337414327",
        "amenity": "hospital",
        "healthcare": "polyclinic",
        "name": "polyclinique Ben Azouz عيادة متعددة الخدمات بن عزوز",
        "name:ar": "عيادة متعددة الخدمات بن عزوز",
        "name:fr": "Polyclinique Ben Azouz",
        "@geometry": "center"
      },
      "geometry": {
        "type": "Point",
        "coordinates": [
          2.7688771,
          36.644805
        ]
      },
      "id": "way/337414327"
    },
    {
      "type": "Feature",
      "properties": {
        "@id": "way/339556853",
        "amenity": "hospital",
        "name": "Hôpital de Kaïs",
        "name:ar": "مستشفى حيحي عبد المجيد",
        "name:fr": "Hôpital Hihi Abdelmadjid",
        "@geometry": "center"
      },
      "geometry": {
        "type": "Point",
        "coordinates": [
          6.9348988,
          35.4908062
        ]
      },
      "id": "way/339556853"
    },
    {
      "type": "Feature",
      "properties": {
        "@id": "way/339711680",
        "amenity": "hospital",
        "healthcare": "hospital",
        "name": "Polyclinique les Narcisses",
        "@geometry": "center"
      },
      "geometry": {
        "type": "Point",
        "coordinates": [
          -8.0197303,
          31.6402436
        ]
      },
      "id": "way/339711680"
    },
    {
      "type": "Feature",
      "properties": {
        "@id": "way/341025149",
        "addr:city": "Besbes",
        "amenity": "hospital",
        "name:fr": "Hôpital de Besbes",
        "@geometry": "center"
      },
      "geometry": {
        "type": "Point",
        "coordinates": [
          7.8330529,
          36.7044522
        ]
      },
      "id": "way/341025149"
    },
    {
      "type": "Feature",
      "properties": {
        "@id": "way/342137734",
        "amenity": "hospital",
        "contact:email": "epspsidiaich.dz@gmail.com",
        "contact:website": "http://www.epsp-sidiaich.dz/",
        "healthcare": "hospital",
        "name": "EPSP Sidi Aich",
        "name:ar": "المؤسسة العمومية للصحة الجوارية سيدي عيش",
        "name:fr": "Etablissement Public de Santé de proximité Sidi Aïch",
        "name:kab": "Sbitar Aqdim",
        "@geometry": "center"
      },
      "geometry": {
        "type": "Point",
        "coordinates": [
          4.6883612,
          36.6136141
        ]
      },
      "id": "way/342137734"
    },
    {
      "type": "Feature",
      "properties": {
        "@id": "way/342286213",
        "addr:city": "Annaba",
        "addr:postcode": "23000",
        "addr:street": "Boulevard Belaid Belkacem",
        "amenity": "hospital",
        "barrier": "wall",
        "healthcare:speciality": "psychiatry",
        "name": "Hôpital psychiatrique Aboubaker Errazi",
        "phone": "+213 38 84 97 52",
        "@geometry": "center"
      },
      "geometry": {
        "type": "Point",
        "coordinates": [
          7.7248659,
          36.8984189
        ]
      },
      "id": "way/342286213"
    },
    {
      "type": "Feature",
      "properties": {
        "@id": "way/343571007",
        "addr:city": "Ras El Oued",
        "amenity": "hospital",
        "emergency": "yes",
        "name": "Hôpital Mouhammed Bennani",
        "@geometry": "center"
      },
      "geometry": {
        "type": "Point",
        "coordinates": [
          5.0401806,
          35.9406011
        ]
      },
      "id": "way/343571007"
    },
    {
      "type": "Feature",
      "properties": {
        "@id": "way/343719379",
        "addr:city": "زلفانة",
        "addr:city:ar": "زلفانة",
        "addr:place": "حي الزهور",
        "addr:place:ar": "حي الزهور",
        "addr:postcode": "47007",
        "amenity": "hospital",
        "healthcare": "hospital",
        "name": "مستشفى زلفانة",
        "name:ar": "مستشفى زلفانة",
        "name:fr": "Hôpital de Zelfana",
        "@geometry": "center"
      },
      "geometry": {
        "type": "Point",
        "coordinates": [
          4.2258863,
          32.4014795
        ]
      },
      "id": "way/343719379"
    },
    {
      "type": "Feature",
      "properties": {
        "@id": "way/343719533",
        "amenity": "hospital",
        "healthcare": "hospital",
        "name": "Hospital Vázquez Díaz",
        "phone": "+34 959014620",
        "wikidata": "Q87761885",
        "@geometry": "center"
      },
      "geometry": {
        "type": "Point",
        "coordinates": [
          -6.9211327,
          37.2795872
        ]
      },
      "id": "way/343719533"
    },
    {
      "type": "Feature",
      "properties": {
        "@id": "way/344335938",
        "amenity": "hospital",
        "emergency": "yes",
        "healthcare": "vaccination_centre",
        "healthcare:speciality": "cardiology;vaccination;covid19",
        "name": "Hôpital pour enfants cardiaques",
        "vaccination": "covid19",
        "@geometry": "center"
      },
      "geometry": {
        "type": "Point",
        "coordinates": [
          3.9691121,
          36.7278521
        ]
      },
      "id": "way/344335938"
    },
    {
      "type": "Feature",
      "properties": {
        "@id": "way/345008359",
        "amenity": "hospital",
        "name:ar": "قاعة علاج",
        "name:fr": "Salle de soins",
        "@geometry": "center"
      },
      "geometry": {
        "type": "Point",
        "coordinates": [
          1.5701306,
          36.5112357
        ]
      },
      "id": "way/345008359"
    },
    {
      "type": "Feature",
      "properties": {
        "@id": "way/345135132",
        "amenity": "hospital",
        "emergency": "yes",
        "name": "centre de santé",
        "@geometry": "center"
      },
      "geometry": {
        "type": "Point",
        "coordinates": [
          7.3092239,
          36.4457916
        ]
      },
      "id": "way/345135132"
    },
    {
      "type": "Feature",
      "properties": {
        "@id": "way/345801152",
        "amenity": "hospital",
        "healthcare": "hospital",
        "@geometry": "center"
      },
      "geometry": {
        "type": "Point",
        "coordinates": [
          -5.8458464,
          30.3539829
        ]
      },
      "id": "way/345801152"
    },
    {
      "type": "Feature",
      "properties": {
        "@id": "way/345811330",
        "addr:city": "تنس",
        "addr:city:ar": "تنس",
        "addr:place": "الشعارير",
        "addr:place:ar": "الشعارير",
        "amenity": "hospital",
        "healthcare": "hospital",
        "healthcare:speciality": "psychiatry",
        "name": "Hopital psychiatrique de TENES مستشفى الأمراض النفسية",
        "name:ar": "مستشفى الأمراض النفسية",
        "name:en": "Psychiatric Hospital of tenes",
        "@geometry": "center"
      },
      "geometry": {
        "type": "Point",
        "coordinates": [
          1.2699899,
          36.5035017
        ]
      },
      "id": "way/345811330"
    },
    {
      "type": "Feature",
      "properties": {
        "@id": "way/346376984",
        "amenity": "hospital",
        "name": "مركز الوسيط لعلاج المدمنين",
        "name:ar": "مركز الوسيط لعلاج المدمنين",
        "name:fr": "Centre Intermédiaire de Soins desToxicomanie",
        "@geometry": "center"
      },
      "geometry": {
        "type": "Point",
        "coordinates": [
          -0.3248969,
          27.8762169
        ]
      },
      "id": "way/346376984"
    },
    {
      "type": "Feature",
      "properties": {
        "@id": "way/347685816",
        "amenity": "hospital",
        "name": "Croissant Rouge",
        "office": "ngo",
        "@geometry": "center"
      },
      "geometry": {
        "type": "Point",
        "coordinates": [
          3.1072136,
          36.7149554
        ]
      },
      "id": "way/347685816"
    },
    {
      "type": "Feature",
      "properties": {
        "@id": "way/347755866",
        "amenity": "hospital",
        "name": "Hôpital Azur Plage",
        "@geometry": "center"
      },
      "geometry": {
        "type": "Point",
        "coordinates": [
          2.8452295,
          36.7363467
        ]
      },
      "id": "way/347755866"
    },
    {
      "type": "Feature",
      "properties": {
        "@id": "way/352623545",
        "amenity": "hospital",
        "healthcare": "hospital",
        "@geometry": "center"
      },
      "geometry": {
        "type": "Point",
        "coordinates": [
          3.6744654,
          36.1614511
        ]
      },
      "id": "way/352623545"
    },
    {
      "type": "Feature",
      "properties": {
        "@id": "way/353816535",
        "addr:city": "Blida",
        "addr:street": "Route de Chiffa",
        "amenity": "hospital",
        "emergency": "yes",
        "healthcare": "hospital",
        "name": "Hôpital Militaire de Blida",
        "name:ar": "المستشفى العسكري البليدة",
        "name:fr": "Hôpital Militaire de Blida",
        "@geometry": "center"
      },
      "geometry": {
        "type": "Point",
        "coordinates": [
          2.7952104,
          36.4658954
        ]
      },
      "id": "way/353816535"
    },
    {
      "type": "Feature",
      "properties": {
        "@id": "way/354301795",
        "amenity": "hospital",
        "healthcare": "hospital",
        "@geometry": "center"
      },
      "geometry": {
        "type": "Point",
        "coordinates": [
          6.0107797,
          36.3033942
        ]
      },
      "id": "way/354301795"
    },
    {
      "type": "Feature",
      "properties": {
        "@id": "way/355334829",
        "addr:city": "جانت",
        "amenity": "hospital",
        "name": "المستشفى جانت العام EPH Djanet",
        "name:ar": "المستشفى جانت العام",
        "name:en": "EPH Djanet",
        "name:fr": "EPH Djanet",
        "@geometry": "center"
      },
      "geometry": {
        "type": "Point",
        "coordinates": [
          9.5094055,
          24.4775742
        ]
      },
      "id": "way/355334829"
    },
    {
      "type": "Feature",
      "properties": {
        "@id": "way/356793097",
        "addr:city": "Blida",
        "addr:postcode": "09000",
        "amenity": "hospital",
        "emergency": "yes",
        "name": "Hôpital M'Hamed Yazid",
        "name:ar": "مستشفى امحمد يزيد",
        "name:fr": "Hôpital M'Hamed Yazid",
        "old_name": "Hôpital Ferroudja",
        "operator": "CHU Blida",
        "@geometry": "center"
      },
      "geometry": {
        "type": "Point",
        "coordinates": [
          2.8097013,
          36.4772664
        ]
      },
      "id": "way/356793097"
    },
    {
      "type": "Feature",
      "properties": {
        "@id": "way/356961309",
        "addr:city": "Redjaouna",
        "amenity": "hospital",
        "emergency": "yes",
        "name": "Hôpital Sidi Belloua Sanatorium",
        "@geometry": "center"
      },
      "geometry": {
        "type": "Point",
        "coordinates": [
          4.0652282,
          36.7268909
        ]
      },
      "id": "way/356961309"
    },
    {
      "type": "Feature",
      "properties": {
        "@id": "way/357284638",
        "addr:city": "Blida",
        "addr:postcode": "09000",
        "addr:street": "Avenue Kritli Mokhtar",
        "amenity": "hospital",
        "emergency": "yes",
        "healthcare:speciality": "pulmonology;rheumatology;internal;surgery;gynaecology;paediatrics;emergency;radiology;anatomy;pathology",
        "name": "Hôpital Brahim Tirichine",
        "name:ar": "مستشفى ابراهيم تيريشين",
        "name:en": "Brahim Tirichine Hospital",
        "name:fr": "Hôpital Brahim Tirichine",
        "old_name": "Hôpital Faubourg",
        "@geometry": "center"
      },
      "geometry": {
        "type": "Point",
        "coordinates": [
          2.8333158,
          36.4769883
        ]
      },
      "id": "way/357284638"
    },
    {
      "type": "Feature",
      "properties": {
        "@id": "way/358424215",
        "addr:city": "Barika",
        "amenity": "hospital",
        "emergency": "yes",
        "name": "Hôpital",
        "name:ar": "المستشفى",
        "@geometry": "center"
      },
      "geometry": {
        "type": "Point",
        "coordinates": [
          5.3789467,
          35.3802037
        ]
      },
      "id": "way/358424215"
    },
    {
      "type": "Feature",
      "properties": {
        "@id": "way/358669142",
        "addr:city": "Barika",
        "addr:postcode": "05400",
        "addr:street": "Rue 1er Novembre",
        "amenity": "hospital",
        "emergency": "yes",
        "name": "Etablissement public hospitalier Slimane Amirat",
        "name:ar": "مستشفى سليمان عميران",
        "phone": "033 89 95 28",
        "@geometry": "center"
      },
      "geometry": {
        "type": "Point",
        "coordinates": [
          5.3663655,
          35.3851414
        ]
      },
      "id": "way/358669142"
    },
    {
      "type": "Feature",
      "properties": {
        "@id": "way/358688501",
        "addr:city": "Tanger",
        "addr:street": "Rue Assad Ibn Al Farrat",
        "amenity": "hospital",
        "fax": "+212 5 39 93 42 42",
        "healthcare": "hospital",
        "name": "hôpital al kortobi",
        "operator": "hopital",
        "operator:type": "public",
        "@geometry": "center"
      },
      "geometry": {
        "type": "Point",
        "coordinates": [
          -5.8183982,
          35.7894876
        ]
      },
      "id": "way/358688501"
    },
    {
      "type": "Feature",
      "properties": {
        "@id": "way/358984778",
        "addr:postcode": "05300",
        "amenity": "hospital",
        "healthcare": "hospital",
        "name": "Hopital Ziza Massika",
        "name:ar": "ziza massika hospital",
        "opening_hours": "24/7",
        "@geometry": "center"
      },
      "geometry": {
        "type": "Point",
        "coordinates": [
          5.9159836,
          35.632928
        ]
      },
      "id": "way/358984778"
    },
    {
      "type": "Feature",
      "properties": {
        "@id": "way/358986645",
        "addr:city": "Oum El Bouaghi",
        "addr:postcode": "04000",
        "amenity": "hospital",
        "emergency": "yes",
        "healthcare": "hospital",
        "name": "مستشفى بوضياف محمد",
        "name:ar": "Hôpital mouhamed boudiaf",
        "name:fr": "Hôpital Mohammed Boudiaf",
        "@geometry": "center"
      },
      "geometry": {
        "type": "Point",
        "coordinates": [
          7.1124709,
          35.8704352
        ]
      },
      "id": "way/358986645"
    },
    {
      "type": "Feature",
      "properties": {
        "@id": "way/359241663",
        "amenity": "hospital",
        "@geometry": "center"
      },
      "geometry": {
        "type": "Point",
        "coordinates": [
          6.3636172,
          36.1243349
        ]
      },
      "id": "way/359241663"
    },
    {
      "type": "Feature",
      "properties": {
        "@id": "way/359642546",
        "amenity": "hospital",
        "name": "مستشفى الجلفة",
        "name:ar": "مستشفى الجلفة",
        "name:en": "Hôpital Djelfa",
        "name:fr": "Hôpital de Djelfa",
        "@geometry": "center"
      },
      "geometry": {
        "type": "Point",
        "coordinates": [
          3.2643454,
          34.6629664
        ]
      },
      "id": "way/359642546"
    },
    {
      "type": "Feature",
      "properties": {
        "@id": "way/360172031",
        "addr:city": "Tlemcen",
        "addr:postcode": "13000",
        "addr:street": "Boulevard de L'ALN",
        "alt_name": "centre hospitalo-universitaire Tlemcen",
        "amenity": "hospital",
        "emergency": "yes",
        "healthcare": "hospital",
        "name": "Hôpital Dr Tidjani Damerdji",
        "name:ar": "مستشفى دكتور دمرجي تيجاني",
        "name:en": "Dr Tidjani Damerdji Hospital",
        "name:fr": "Hôpital Dr Tidjani Damerdji",
        "operator": "Ministère de la Santé",
        "operator:wikidata": "Q17639127",
        "website": "https://www.chu-tlemcen.dz/",
        "@geometry": "center"
      },
      "geometry": {
        "type": "Point",
        "coordinates": [
          -1.3272164,
          34.8755872
        ]
      },
      "id": "way/360172031"
    },
    {
      "type": "Feature",
      "properties": {
        "@id": "way/363124669",
        "addr:city": "البيرين",
        "addr:city:ar": "البيرين",
        "amenity": "hospital",
        "emergency": "yes",
        "healthcare": "hospital",
        "name": "العيادة المتعددة الخدمات",
        "name:ar": "العيادة المتعددة الخدمات",
        "name:fr": "Polyclinique de BIRINE",
        "@geometry": "center"
      },
      "geometry": {
        "type": "Point",
        "coordinates": [
          3.2275073,
          35.6308346
        ]
      },
      "id": "way/363124669"
    },
    {
      "type": "Feature",
      "properties": {
        "@id": "way/363129199",
        "addr:city": "البيرين",
        "addr:city:ar": "البيرين",
        "amenity": "hospital",
        "emergency": "yes",
        "healthcare": "hospital",
        "name": "الإستعجالات الطبية الجراحية",
        "name:ar": "الإستعجالات الطبية الجراحية",
        "name:en": "Emergency",
        "name:fr": "UMC BIRINE",
        "@geometry": "center"
      },
      "geometry": {
        "type": "Point",
        "coordinates": [
          3.2271126,
          35.6441241
        ]
      },
      "id": "way/363129199"
    },
    {
      "type": "Feature",
      "properties": {
        "@id": "way/363354239",
        "addr:postcode": "51003",
        "addr:street": "Loma Colmenar",
        "amenity": "hospital",
        "emergency": "yes",
        "healthcare": "hospital",
        "name": "Hospital Universitario de Ceuta",
        "name:fr": "Hôpital universitaire de Ceuta",
        "operator": "Ingesa",
        "operator:type": "public",
        "phone": "+34 856907000",
        "website": "http://www.areasanitariaceuta.es",
        "wikidata": "Q87762692",
        "@geometry": "center"
      },
      "geometry": {
        "type": "Point",
        "coordinates": [
          -5.3418244,
          35.8804231
        ]
      },
      "id": "way/363354239"
    },
    {
      "type": "Feature",
      "properties": {
        "@id": "way/363772898",
        "addr:city": "Midar",
        "addr:postcode": "62502",
        "addr:street": "Avenue Espagne",
        "amenity": "hospital",
        "emergency": "yes",
        "healthcare": "hospital",
        "@geometry": "center"
      },
      "geometry": {
        "type": "Point",
        "coordinates": [
          -3.5233745,
          34.9332274
        ]
      },
      "id": "way/363772898"
    },
    {
      "type": "Feature",
      "properties": {
        "@id": "way/364207861",
        "addr:city": "تقرت",
        "addr:city:ar": "تقرت",
        "amenity": "hospital",
        "emergency": "yes",
        "healthcare": "hospital",
        "name": "مستشفى الجديد تقرت",
        "name:ar": "مستشفى الجديد تقرت",
        "name:fr": "Nouvel Hôpital de Touggourt",
        "owner": "Ministère de la santé",
        "@geometry": "center"
      },
      "geometry": {
        "type": "Point",
        "coordinates": [
          6.0588858,
          33.118108
        ]
      },
      "id": "way/364207861"
    },
    {
      "type": "Feature",
      "properties": {
        "@id": "way/364210942",
        "addr:city": "تقرت",
        "addr:city:ar": "تقرت",
        "amenity": "hospital",
        "emergency": "yes",
        "healthcare": "hospital",
        "name": "مستشفى الولادة تقرت",
        "name:ar": "مستشفى الولادة تقرت",
        "name:fr": "Hôpital de maternité E-H-S TGGT",
        "@geometry": "center"
      },
      "geometry": {
        "type": "Point",
        "coordinates": [
          6.0747476,
          33.1108732
        ]
      },
      "id": "way/364210942"
    },
    {
      "type": "Feature",
      "properties": {
        "@id": "way/364829436",
        "addr:city": "تيطاف",
        "amenity": "hospital",
        "healthcare": "hospital",
        "name": "عيادة طبية",
        "name:ar": "عيادة طبية",
        "name:fr": "Clinique médicale",
        "@geometry": "center"
      },
      "geometry": {
        "type": "Point",
        "coordinates": [
          -0.1828149,
          27.40998
        ]
      },
      "id": "way/364829436"
    },
    {
      "type": "Feature",
      "properties": {
        "@id": "way/365184191",
        "amenity": "hospital",
        "@geometry": "center"
      },
      "geometry": {
        "type": "Point",
        "coordinates": [
          0.4095818,
          36.0966773
        ]
      },
      "id": "way/365184191"
    },
    {
      "type": "Feature",
      "properties": {
        "@id": "way/366043780",
        "addr:city": "Nouvelle Médina",
        "addr:postcode": "2063",
        "addr:street": "Route de Mornag",
        "amenity": "hospital",
        "emergency": "yes",
        "healthcare": "hospital",
        "name": "المستشفى الجهوي ببن عروس",
        "name:ar": "المستشفى الجهوي ببن عروس",
        "name:fr": "Hôpital Régional de Ben Arous",
        "operator": "Ministère de la Santé publique",
        "operator:type": "public",
        "@geometry": "center"
      },
      "geometry": {
        "type": "Point",
        "coordinates": [
          10.2478009,
          36.7325259
        ]
      },
      "id": "way/366043780"
    },
    {
      "type": "Feature",
      "properties": {
        "@id": "way/366360897",
        "amenity": "hospital",
        "@geometry": "center"
      },
      "geometry": {
        "type": "Point",
        "coordinates": [
          0.9256026,
          36.2524475
        ]
      },
      "id": "way/366360897"
    },
    {
      "type": "Feature",
      "properties": {
        "@id": "way/366377637",
        "addr:city": "Rouiba",
        "amenity": "hospital",
        "emergency": "yes",
        "name": "Hôpital de Rouiba",
        "name:ar": "مستشفى الرويبة",
        "name:en": "Rouiba Hospital",
        "name:fr": "Hôpital de Rouiba",
        "@geometry": "center"
      },
      "geometry": {
        "type": "Point",
        "coordinates": [
          3.286182,
          36.7350267
        ]
      },
      "id": "way/366377637"
    },
    {
      "type": "Feature",
      "properties": {
        "@id": "way/366404887",
        "amenity": "hospital",
        "emergency": "yes",
        "name": "Hôpital de Bouhanifia",
        "@geometry": "center"
      },
      "geometry": {
        "type": "Point",
        "coordinates": [
          -0.0598401,
          35.3001818
        ]
      },
      "id": "way/366404887"
    },
    {
      "type": "Feature",
      "properties": {
        "@id": "way/366966976",
        "amenity": "hospital",
        "emergency": "no",
        "healthcare": "hospital",
        "name": "PHARMACIE",
        "operator": "AIT YAHIA",
        "operator:type": "private",
        "@geometry": "center"
      },
      "geometry": {
        "type": "Point",
        "coordinates": [
          6.6036123,
          36.3447255
        ]
      },
      "id": "way/366966976"
    },
    {
      "type": "Feature",
      "properties": {
        "@id": "way/367163094",
        "amenity": "hospital",
        "emergency": "yes",
        "name": "Hôpital de Aïn El Berd",
        "@geometry": "center"
      },
      "geometry": {
        "type": "Point",
        "coordinates": [
          -0.511266,
          35.3652034
        ]
      },
      "id": "way/367163094"
    },
    {
      "type": "Feature",
      "properties": {
        "@id": "way/368211472",
        "addr:city": "القنادسة",
        "addr:city:ar": "القنادسة",
        "amenity": "hospital",
        "diet:halal": "yes",
        "healthcare": "hospital",
        "language:ar": "main",
        "name": "Hôpital Bernez - Urgence et maternité",
        "name:ar": "مستشفى برناز",
        "name:fr": "Hôpital Bernez - Urgence et maternité",
        "@geometry": "center"
      },
      "geometry": {
        "type": "Point",
        "coordinates": [
          -2.4296746,
          31.5546903
        ]
      },
      "id": "way/368211472"
    },
    {
      "type": "Feature",
      "properties": {
        "@id": "way/368356283",
        "amenity": "hospital",
        "healthcare": "hospital",
        "name": "Hôpital Bologhine Ibn Ziri",
        "name:ar": "المؤسسة العمومية الاستشفائية بولوغين ابن زيري",
        "@geometry": "center"
      },
      "geometry": {
        "type": "Point",
        "coordinates": [
          2.9790612,
          36.8104559
        ]
      },
      "id": "way/368356283"
    },
    {
      "type": "Feature",
      "properties": {
        "@id": "way/369151778",
        "addr:city": "وهران",
        "addr:city:ar": "وهران",
        "amenity": "hospital",
        "healthcare": "hospital",
        "name": "مستشفى بودانس",
        "name:ar": "مستشفى بودانس",
        "name:fr": "Hôpital Baudens",
        "@geometry": "center"
      },
      "geometry": {
        "type": "Point",
        "coordinates": [
          -0.6537832,
          35.7056835
        ]
      },
      "id": "way/369151778"
    },
    {
      "type": "Feature",
      "properties": {
        "@id": "way/369268830",
        "addr:city": "باش جراح",
        "addr:city:ar": "باش جراح",
        "amenity": "hospital",
        "building": "yes",
        "healthcare": "hospital",
        "@geometry": "center"
      },
      "geometry": {
        "type": "Point",
        "coordinates": [
          3.096629,
          36.7198167
        ]
      },
      "id": "way/369268830"
    },
    {
      "type": "Feature",
      "properties": {
        "@id": "way/369297453",
        "amenity": "hospital",
        "name": "Hôpital hafid boudjema",
        "@geometry": "center"
      },
      "geometry": {
        "type": "Point",
        "coordinates": [
          6.5944741,
          36.351585
        ]
      },
      "id": "way/369297453"
    },
    {
      "type": "Feature",
      "properties": {
        "@id": "way/369710599",
        "amenity": "hospital",
        "name": "مستشفى بلدية العالية",
        "name:ar": "مستشفى بلدية العالية",
        "name:fr": "Hôpital El Allia",
        "@geometry": "center"
      },
      "geometry": {
        "type": "Point",
        "coordinates": [
          5.4252535,
          32.6965063
        ]
      },
      "id": "way/369710599"
    },
    {
      "type": "Feature",
      "properties": {
        "@id": "way/369946010",
        "amenity": "hospital",
        "name": "مستوصف الوئام",
        "name:ar": "مستوصف الوئام",
        "name:en": "Polyclinique El Wiam",
        "@geometry": "center"
      },
      "geometry": {
        "type": "Point",
        "coordinates": [
          2.8472297,
          33.785009
        ]
      },
      "id": "way/369946010"
    },
    {
      "type": "Feature",
      "properties": {
        "@id": "way/369947102",
        "amenity": "hospital",
        "emergency": "yes",
        "healthcare": "hospital",
        "name": "مستشفى 240 سريـر بالأغواط العقيد لطفي",
        "name:ar": "مستشفى 240 سريـر بالأغواط",
        "name:en": "Hospital 240 beds Laghouat",
        "name:fr": "Hôpital 240 lits Laghouat",
        "@geometry": "center"
      },
      "geometry": {
        "type": "Point",
        "coordinates": [
          2.8499194,
          33.7912412
        ]
      },
      "id": "way/369947102"
    },
    {
      "type": "Feature",
      "properties": {
        "@id": "way/370191750",
        "addr:housenumber": "1",
        "addr:postcode": "15000",
        "amenity": "hospital",
        "emergency": "no",
        "healthcare": "hospital",
        "name": "Hôpital Chahids Mahmoudi",
        "name:ar": "مستشفى السهيد محمودي",
        "name:fr": "Hôpital Chahids Mahmoudi",
        "name:kab": "Sbiṭar Maḥmudi",
        "phone": "+213 (0) 26 11 00 38",
        "@geometry": "center"
      },
      "geometry": {
        "type": "Point",
        "coordinates": [
          4.0549472,
          36.7011814
        ]
      },
      "id": "way/370191750"
    },
    {
      "type": "Feature",
      "properties": {
        "@id": "way/370226259",
        "amenity": "hospital",
        "emergency": "yes",
        "healthcare": "hospital",
        "name": "Hôpital Nedir Mohamed",
        "name:ar": "مستشفى ندير محمد",
        "name:fr": "Hôpital Nedir Mohamed",
        "name:kab": "Sbiṭar Nadir Muḥamed",
        "phone": "026 21 13 16",
        "@geometry": "center"
      },
      "geometry": {
        "type": "Point",
        "coordinates": [
          4.0546907,
          36.7085794
        ]
      },
      "id": "way/370226259"
    },
    {
      "type": "Feature",
      "properties": {
        "@id": "way/370613623",
        "amenity": "hospital",
        "name": "Centre de Santé",
        "name:ar": "Centre de Santé bir foda",
        "@geometry": "center"
      },
      "geometry": {
        "type": "Point",
        "coordinates": [
          3.7635251,
          34.8211802
        ]
      },
      "id": "way/370613623"
    },
    {
      "type": "Feature",
      "properties": {
        "@id": "way/371404308",
        "addr:city": "Beni Enzar بني انصار",
        "addr:city:ar": "بني انصار",
        "addr:city:es": "Beni Enzar",
        "amenity": "hospital",
        "healthcare": "hospital",
        "name": "Dispensaire مستوصف",
        "name:ar": "مستوصف",
        "name:es": "Dispensario",
        "name:fr": "Dispensaire",
        "@geometry": "center"
      },
      "geometry": {
        "type": "Point",
        "coordinates": [
          -2.9337219,
          35.2615812
        ]
      },
      "id": "way/371404308"
    },
    {
      "type": "Feature",
      "properties": {
        "@id": "way/372495759",
        "amenity": "hospital",
        "emergency": "yes",
        "healthcare": "hospital",
        "name": "Hospital Comarcal de La Axarquía",
        "network": "Servicio Andaluz de Salud",
        "network:short": "SAS",
        "operator:type": "public",
        "@geometry": "center"
      },
      "geometry": {
        "type": "Point",
        "coordinates": [
          -4.0895536,
          36.7512801
        ]
      },
      "id": "way/372495759"
    },
    {
      "type": "Feature",
      "properties": {
        "@id": "way/372780530",
        "amenity": "hospital",
        "name": "مستشفى عسلي محمد",
        "name:ar": "مستشفى عسلي محمد",
        "@geometry": "center"
      },
      "geometry": {
        "type": "Point",
        "coordinates": [
          4.1529621,
          34.8581114
        ]
      },
      "id": "way/372780530"
    },
    {
      "type": "Feature",
      "properties": {
        "@id": "way/373345377",
        "addr:city": "Meftah",
        "amenity": "hospital",
        "emergency": "yes",
        "healthcare": "hospital",
        "name": "Hôpital de Meftah",
        "name:ar": "مستشفى مفتاح",
        "name:en": "Meftah hospital",
        "name:fr": "Hôpital de Meftah",
        "@geometry": "center"
      },
      "geometry": {
        "type": "Point",
        "coordinates": [
          3.2190782,
          36.5954212
        ]
      },
      "id": "way/373345377"
    },
    {
      "type": "Feature",
      "properties": {
        "@id": "way/374034281",
        "amenity": "hospital",
        "healthcare": "hospital",
        "name": "EPSP Ben Srour",
        "@geometry": "center"
      },
      "geometry": {
        "type": "Point",
        "coordinates": [
          4.5625634,
          35.0363305
        ]
      },
      "id": "way/374034281"
    },
    {
      "type": "Feature",
      "properties": {
        "@id": "way/374299394",
        "addr:city": "ورقلة",
        "addr:city:ar": "ورقلة",
        "amenity": "hospital",
        "healthcare": "hospital",
        "name": "عيادة خمدات",
        "@geometry": "center"
      },
      "geometry": {
        "type": "Point",
        "coordinates": [
          5.3113255,
          31.9578402
        ]
      },
      "id": "way/374299394"
    },
    {
      "type": "Feature",
      "properties": {
        "@id": "way/374969371",
        "amenity": "hospital",
        "healthcare": "hospital",
        "@geometry": "center"
      },
      "geometry": {
        "type": "Point",
        "coordinates": [
          3.1262093,
          36.213398
        ]
      },
      "id": "way/374969371"
    },
    {
      "type": "Feature",
      "properties": {
        "@id": "way/374990310",
        "addr:city": "Mascara",
        "addr:postcode": "29000",
        "amenity": "hospital",
        "emergency": "yes",
        "name": "Hôpital Yessaad Khaled",
        "name:ar": "مستشفى يسعد خالد",
        "name:fr": "Hôpital Yessaad Khaled",
        "@geometry": "center"
      },
      "geometry": {
        "type": "Point",
        "coordinates": [
          0.140492,
          35.398648
        ]
      },
      "id": "way/374990310"
    },
    {
      "type": "Feature",
      "properties": {
        "@id": "way/375411408",
        "amenity": "hospital",
        "contact:phone": "+213 27 876027",
        "name": "Hôpital Ophtalmologique Cubain Djelfa",
        "name:fr": "Hôpital Ophtalmologique Cubain Djelfa",
        "@geometry": "center"
      },
      "geometry": {
        "type": "Point",
        "coordinates": [
          3.2620398,
          34.6575341
        ]
      },
      "id": "way/375411408"
    },
    {
      "type": "Feature",
      "properties": {
        "@id": "way/375692823",
        "addr:city": "Constantine",
        "addr:postcode": "25000",
        "amenity": "hospital",
        "healthcare:speciality": "paediatrics",
        "name": "Hôpital Pédiatrique",
        "name:fr": "Hôpital Pédiatrique",
        "@geometry": "center"
      },
      "geometry": {
        "type": "Point",
        "coordinates": [
          6.6345709,
          36.3682911
        ]
      },
      "id": "way/375692823"
    },
    {
      "type": "Feature",
      "properties": {
        "@id": "way/377113766",
        "addr:city": "ورقلة",
        "addr:city:ar": "ورقلة",
        "addr:place": "حي عبد القادر",
        "addr:place:ar": "حي عبد القادر",
        "addr:postcode": "30000",
        "amenity": "hospital",
        "healthcare": "hospital",
        "name": "مستشفي الأم والطفل - حي عبد القادر",
        "name:ar": "مستشفي الأم والطفل - حي عبد القادر",
        "name:fr": "EHS Ouargla",
        "@geometry": "center"
      },
      "geometry": {
        "type": "Point",
        "coordinates": [
          5.3232712,
          31.9524509
        ]
      },
      "id": "way/377113766"
    },
    {
      "type": "Feature",
      "properties": {
        "@id": "way/377724072",
        "amenity": "hospital",
        "name": "مستشفى ميموني الطاهر",
        "@geometry": "center"
      },
      "geometry": {
        "type": "Point",
        "coordinates": [
          1.4900213,
          35.1851796
        ]
      },
      "id": "way/377724072"
    },
    {
      "type": "Feature",
      "properties": {
        "@id": "way/377806437",
        "amenity": "hospital",
        "healthcare": "hospital",
        "@geometry": "center"
      },
      "geometry": {
        "type": "Point",
        "coordinates": [
          -5.5293056,
          31.5212837
        ]
      },
      "id": "way/377806437"
    },
    {
      "type": "Feature",
      "properties": {
        "@id": "way/377858191",
        "addr:city": "Lebrija",
        "addr:postcode": "41570",
        "addr:street": "Avenida El Cuervo",
        "amenity": "hospital",
        "emergency": "yes",
        "healthcare": "hospital",
        "name": "Centro Hospitalario de Alta Resolución de Lebrija",
        "operator:type": "public",
        "@geometry": "center"
      },
      "geometry": {
        "type": "Point",
        "coordinates": [
          -6.0723078,
          36.9105319
        ]
      },
      "id": "way/377858191"
    },
    {
      "type": "Feature",
      "properties": {
        "@id": "way/377862818",
        "amenity": "hospital",
        "emergency": "yes",
        "name": "مستشفى بشير بن ناصر",
        "@geometry": "center"
      },
      "geometry": {
        "type": "Point",
        "coordinates": [
          5.7438748,
          34.8495369
        ]
      },
      "id": "way/377862818"
    },
    {
      "type": "Feature",
      "properties": {
        "@id": "way/377885024",
        "addr:city": "Annaba",
        "addr:postcode": "23000",
        "amenity": "hospital",
        "emergency": "yes",
        "name": "Hôpital Frantz Fanon",
        "@geometry": "center"
      },
      "geometry": {
        "type": "Point",
        "coordinates": [
          7.7661068,
          36.903458
        ]
      },
      "id": "way/377885024"
    },
    {
      "type": "Feature",
      "properties": {
        "@id": "way/377885025",
        "amenity": "hospital",
        "healthcare": "hospital",
        "name": "Centre Sanitaire",
        "@geometry": "center"
      },
      "geometry": {
        "type": "Point",
        "coordinates": [
          7.7577703,
          36.9039598
        ]
      },
      "id": "way/377885025"
    },
    {
      "type": "Feature",
      "properties": {
        "@id": "way/377967631",
        "addr:city": "Medjana",
        "amenity": "hospital",
        "emergency": "yes",
        "name": "Hôpital de Medjana",
        "name:ar": "مستشفى مجانة",
        "name:fr": "Hôpital de Medjana",
        "@geometry": "center"
      },
      "geometry": {
        "type": "Point",
        "coordinates": [
          4.6667256,
          36.1303354
        ]
      },
      "id": "way/377967631"
    },
    {
      "type": "Feature",
      "properties": {
        "@id": "way/378148732",
        "amenity": "hospital",
        "name": "EHS Seraïdi",
        "@geometry": "center"
      },
      "geometry": {
        "type": "Point",
        "coordinates": [
          7.6767212,
          36.9094797
        ]
      },
      "id": "way/378148732"
    },
    {
      "type": "Feature",
      "properties": {
        "@id": "way/378272176",
        "amenity": "hospital",
        "healthcare": "hospital",
        "@geometry": "center"
      },
      "geometry": {
        "type": "Point",
        "coordinates": [
          2.9588187,
          35.982041
        ]
      },
      "id": "way/378272176"
    },
    {
      "type": "Feature",
      "properties": {
        "@id": "way/378518042",
        "addr:city": "Bou Sâada",
        "addr:postcode": "28001",
        "amenity": "hospital",
        "emergency": "yes",
        "healthcare": "hospital",
        "name": "Hôpital Bachir Rezig",
        "@geometry": "center"
      },
      "geometry": {
        "type": "Point",
        "coordinates": [
          4.1604985,
          35.2007575
        ]
      },
      "id": "way/378518042"
    },
    {
      "type": "Feature",
      "properties": {
        "@id": "way/378653724",
        "addr:city": "Bou Saâda",
        "amenity": "hospital",
        "name": "Service d'épidémiologie et de médecine préventive",
        "name:ar": "مصلحة علم الاوبئة والطب الوقائي",
        "name:fr": "Service d'épidémiologie et de médecine préventive",
        "@geometry": "center"
      },
      "geometry": {
        "type": "Point",
        "coordinates": [
          4.1787416,
          35.2122041
        ]
      },
      "id": "way/378653724"
    },
    {
      "type": "Feature",
      "properties": {
        "@id": "way/380117212",
        "amenity": "hospital",
        "healthcare": "hospital",
        "name": "Hôpital psychiatrique",
        "@geometry": "center"
      },
      "geometry": {
        "type": "Point",
        "coordinates": [
          -5.285553,
          35.1750779
        ]
      },
      "id": "way/380117212"
    },
    {
      "type": "Feature",
      "properties": {
        "@id": "way/380652284",
        "addr:postcode": "12005",
        "amenity": "hospital",
        "emergency": "yes",
        "healthcare": "hospital",
        "name": "Hôpital d'El Aouinet",
        "name:ar": "مستثفى العوينات",
        "@geometry": "center"
      },
      "geometry": {
        "type": "Point",
        "coordinates": [
          7.8901071,
          35.8609414
        ]
      },
      "id": "way/380652284"
    },
    {
      "type": "Feature",
      "properties": {
        "@id": "way/382489579",
        "addr:city": "الوادي",
        "addr:city:ar": "الوادي",
        "addr:place": "حي الأمير عبد القادر",
        "addr:place:ar": "حي الأمير عبد القادر",
        "addr:street": "شارع الأمير عبد القادر",
        "addr:street:ar": "شارع الأمير عبد القادر",
        "alt_name:fr": "Établissement public de la santé de proximité",
        "amenity": "hospital",
        "emergency": "yes",
        "healthcare": "hospital",
        "name": "المؤسسة العمومية للصحة الجوارية",
        "name:ar": "المؤسسة العمومية للصحة الجوارية",
        "name:fr": "EPSP",
        "@geometry": "center"
      },
      "geometry": {
        "type": "Point",
        "coordinates": [
          6.8541875,
          33.364773
        ]
      },
      "id": "way/382489579"
    },
    {
      "type": "Feature",
      "properties": {
        "@id": "way/382858792",
        "addr:city": "ariana",
        "addr:postcode": "2041",
        "addr:street": "Avenue des Martyrs",
        "amenity": "hospital",
        "name": "مستشفى التّضامن",
        "name:ar": "مستشفى التّضامن",
        "name:fr": "Hopital Etadhamen",
        "@geometry": "center"
      },
      "geometry": {
        "type": "Point",
        "coordinates": [
          10.0966626,
          36.8329352
        ]
      },
      "id": "way/382858792"
    },
    {
      "type": "Feature",
      "properties": {
        "@id": "way/383087218",
        "amenity": "hospital",
        "building": "yes",
        "healthcare": "hospital",
        "name": "قاعة علاج لصطب عبد الحفيظ",
        "name:ar": "قاعة علاج لصطب عبد الحفيظ",
        "name:fr": "dispensaire Lastab Abdelhafidh",
        "@geometry": "center"
      },
      "geometry": {
        "type": "Point",
        "coordinates": [
          5.0556485,
          34.434734
        ]
      },
      "id": "way/383087218"
    },
    {
      "type": "Feature",
      "properties": {
        "@id": "way/383330694",
        "addr:city": "غار الدماء",
        "addr:postcode": "8160",
        "addr:street": "نهج الحبيب ثامر",
        "addr:street:ar": "نهج الحبيب ثامر",
        "addr:street:fr": "Rue Habib Thameur",
        "amenity": "hospital",
        "fax": "+216 78 662 300",
        "healthcare": "hospital",
        "name": "المستشفى المحلي بغار الدماء",
        "name:ar": "المستشفى المحلي بغار الدماء",
        "name:fr": "Hôpital local Ghardimaou",
        "opening_hours": "24/7",
        "phone": "+216 78 660 013",
        "@geometry": "center"
      },
      "geometry": {
        "type": "Point",
        "coordinates": [
          8.4372186,
          36.4445155
        ]
      },
      "id": "way/383330694"
    },
    {
      "type": "Feature",
      "properties": {
        "@id": "way/383852289",
        "amenity": "hospital",
        "name": "ETAWLID",
        "@geometry": "center"
      },
      "geometry": {
        "type": "Point",
        "coordinates": [
          9.1946824,
          36.726344
        ]
      },
      "id": "way/383852289"
    },
    {
      "type": "Feature",
      "properties": {
        "@id": "way/384990628",
        "amenity": "hospital",
        "healthcare": "hospital",
        "name": "Hôpital Dr. Med Seghir Nekkache",
        "@geometry": "center"
      },
      "geometry": {
        "type": "Point",
        "coordinates": [
          -0.3528846,
          35.8250515
        ]
      },
      "id": "way/384990628"
    },
    {
      "type": "Feature",
      "properties": {
        "@id": "way/385078367",
        "addr:city": "ورقلة",
        "addr:city:ar": "ورقلة",
        "amenity": "hospital",
        "healthcare": "hospital",
        "name": "مستشفى القصر",
        "name:ar": "مستشفى القصر",
        "name:fr": "Clinique al Qasr al Atiq",
        "@geometry": "center"
      },
      "geometry": {
        "type": "Point",
        "coordinates": [
          5.3236123,
          31.9670909
        ]
      },
      "id": "way/385078367"
    },
    {
      "type": "Feature",
      "properties": {
        "@id": "way/385221178",
        "addr:city": "ليوة",
        "addr:city:ar": "ليوة",
        "amenity": "hospital",
        "barrier": "wall",
        "healthcare": "hospital",
        "name": "العيادة متعددة الخدمات الشهيد نور خرخاش معمر",
        "name:ar": "العيادة متعددة الخدمات الشهيد نور خرخاش معمر",
        "@geometry": "center"
      },
      "geometry": {
        "type": "Point",
        "coordinates": [
          5.3887841,
          34.6387386
        ]
      },
      "id": "way/385221178"
    },
    {
      "type": "Feature",
      "properties": {
        "@id": "way/385487096",
        "amenity": "hospital",
        "@geometry": "center"
      },
      "geometry": {
        "type": "Point",
        "coordinates": [
          2.4874796,
          27.195527
        ]
      },
      "id": "way/385487096"
    },
    {
      "type": "Feature",
      "properties": {
        "@id": "way/386001096",
        "addr:city": "Collo",
        "amenity": "hospital",
        "emergency": "yes",
        "healthcare": "hospital",
        "name": "Hôpital de Collo",
        "@geometry": "center"
      },
      "geometry": {
        "type": "Point",
        "coordinates": [
          6.558361,
          37.0097207
        ]
      },
      "id": "way/386001096"
    },
    {
      "type": "Feature",
      "properties": {
        "@id": "way/386184938",
        "amenity": "hospital",
        "healthcare": "hospital",
        "@geometry": "center"
      },
      "geometry": {
        "type": "Point",
        "coordinates": [
          -8.7686052,
          29.8148809
        ]
      },
      "id": "way/386184938"
    },
    {
      "type": "Feature",
      "properties": {
        "@id": "way/386193181",
        "amenity": "hospital",
        "name": "Centre De Sante 1044",
        "@geometry": "center"
      },
      "geometry": {
        "type": "Point",
        "coordinates": [
          4.7910125,
          36.0814053
        ]
      },
      "id": "way/386193181"
    },
    {
      "type": "Feature",
      "properties": {
        "@id": "way/386787520",
        "amenity": "hospital",
        "name": "عيادة متعددة الخدمات",
        "name:ar": "عيادة متعددة الخدمات",
        "name:en": "Dispensaire",
        "name:fr": "Dispensaire",
        "@geometry": "center"
      },
      "geometry": {
        "type": "Point",
        "coordinates": [
          5.3403216,
          31.9255194
        ]
      },
      "id": "way/386787520"
    },
    {
      "type": "Feature",
      "properties": {
        "@id": "way/386851354",
        "addr:city": "Souk Ahras",
        "addr:postcode": "41000",
        "amenity": "hospital",
        "emergency": "yes",
        "name": "Hôpital Ibn Rochd",
        "name:ar": "مستشفى ابن رشد",
        "name:fr": "Hôpital Ibn Rochd",
        "@geometry": "center"
      },
      "geometry": {
        "type": "Point",
        "coordinates": [
          7.9519595,
          36.2628355
        ]
      },
      "id": "way/386851354"
    },
    {
      "type": "Feature",
      "properties": {
        "@id": "way/387025967",
        "addr:street": "Rue de la Plage",
        "amenity": "hospital",
        "barrier": "fence",
        "emergency": "yes",
        "fence_type": "metal",
        "healthcare": "hospital",
        "name": "المستشفى الجهوي بمنزل تميم",
        "name:ar": "المستشفى الجهوي بمنزل تميم",
        "name:fr": "Hôpital Régional de Menzel Temine",
        "phone": "+216 72 344 155;+216 72 344 167",
        "@geometry": "center"
      },
      "geometry": {
        "type": "Point",
        "coordinates": [
          10.9975643,
          36.7782263
        ]
      },
      "id": "way/387025967"
    },
    {
      "type": "Feature",
      "properties": {
        "@id": "way/388002439",
        "amenity": "hospital",
        "name": "عيادة المجاهدة خديمو فاطمة",
        "name:ar": "عيادة المجاهدة خديمو فاطمة",
        "name:en": "Clinique khdimou fatima",
        "name:fr": "Clinique khdimou fatima",
        "@geometry": "center"
      },
      "geometry": {
        "type": "Point",
        "coordinates": [
          5.3491141,
          31.927152
        ]
      },
      "id": "way/388002439"
    },
    {
      "type": "Feature",
      "properties": {
        "@id": "way/388017044",
        "amenity": "hospital",
        "healthcare": "hospital",
        "name": "قاعة علاج حي بوذراع",
        "name:ar": "قاعة علاج حي بوذراع",
        "name:en": "Boudraa treatment room",
        "name:fr": "Salle des soins Boudraa",
        "@geometry": "center"
      },
      "geometry": {
        "type": "Point",
        "coordinates": [
          5.35941,
          31.9194631
        ]
      },
      "id": "way/388017044"
    },
    {
      "type": "Feature",
      "properties": {
        "@id": "way/388025475",
        "amenity": "hospital",
        "name": "Centre De Sante 1008",
        "@geometry": "center"
      },
      "geometry": {
        "type": "Point",
        "coordinates": [
          4.7704235,
          36.0826042
        ]
      },
      "id": "way/388025475"
    },
    {
      "type": "Feature",
      "properties": {
        "@id": "way/388335275",
        "amenity": "hospital",
        "healthcare": "hospital",
        "@geometry": "center"
      },
      "geometry": {
        "type": "Point",
        "coordinates": [
          -7.665659,
          31.5643901
        ]
      },
      "id": "way/388335275"
    },
    {
      "type": "Feature",
      "properties": {
        "@id": "way/388390892",
        "amenity": "hospital",
        "healthcare": "hospital",
        "name": "Salle des soins",
        "name:ar": "قاعة علاج",
        "@geometry": "center"
      },
      "geometry": {
        "type": "Point",
        "coordinates": [
          0.0266639,
          32.8691293
        ]
      },
      "id": "way/388390892"
    },
    {
      "type": "Feature",
      "properties": {
        "@id": "way/388655804",
        "amenity": "hospital",
        "healthcare": "hospital",
        "name": "Hôpital d'orthopédie",
        "@geometry": "center"
      },
      "geometry": {
        "type": "Point",
        "coordinates": [
          4.7896319,
          36.0573743
        ]
      },
      "id": "way/388655804"
    },
    {
      "type": "Feature",
      "properties": {
        "@id": "way/389667030",
        "addr:city": "Pantelleria",
        "addr:postcode": "91017",
        "amenity": "hospital",
        "contact:alt_phone": "+39 0923 910288",
        "contact:fax": "+39 0923 911337",
        "contact:phone": "+39 0923 910234",
        "healthcare": "hospital",
        "name": "Ospedale Bernardo Nagar",
        "website": "https://www.asptrapani.it/servizi/notizie/notizie_homepage.aspx",
        "@geometry": "center"
      },
      "geometry": {
        "type": "Point",
        "coordinates": [
          11.9449572,
          36.8347305
        ]
      },
      "id": "way/389667030"
    },
    {
      "type": "Feature",
      "properties": {
        "@id": "way/390401950",
        "amenity": "hospital",
        "healthcare": "hospital",
        "name": "Clinique Nakhil مصحة النخيل",
        "name:ar": "مصحة النخيل",
        "@geometry": "center"
      },
      "geometry": {
        "type": "Point",
        "coordinates": [
          -8.0122087,
          31.6410721
        ]
      },
      "id": "way/390401950"
    },
    {
      "type": "Feature",
      "properties": {
        "@id": "way/391172609",
        "amenity": "hospital",
        "healthcare": "hospital",
        "@geometry": "center"
      },
      "geometry": {
        "type": "Point",
        "coordinates": [
          -7.264814,
          37.2701009
        ]
      },
      "id": "way/391172609"
    },
    {
      "type": "Feature",
      "properties": {
        "@id": "way/391290733",
        "amenity": "hospital",
        "health_facility:type": "dispensary",
        "healthcare": "hospital",
        "name": "Dispensaire El Aounia مستوصف العونية",
        "name:ar": "مستوصف العونية",
        "name:fr": "Dispensaire El Aounia",
        "@geometry": "center"
      },
      "geometry": {
        "type": "Point",
        "coordinates": [
          -1.9007217,
          34.6883068
        ]
      },
      "id": "way/391290733"
    },
    {
      "type": "Feature",
      "properties": {
        "@id": "way/393013773",
        "addr:city": "المغير",
        "amenity": "hospital",
        "barrier": "wall",
        "emergency": "yes",
        "healthcare": "hospital",
        "name": "مستشفى",
        "name:ar": "مستشفى",
        "name:fr": "Hôpital Meghaier",
        "@geometry": "center"
      },
      "geometry": {
        "type": "Point",
        "coordinates": [
          5.9098044,
          33.9538279
        ]
      },
      "id": "way/393013773"
    },
    {
      "type": "Feature",
      "properties": {
        "@id": "way/393042095",
        "addr:city": "Adrar",
        "addr:postcode": "01000",
        "addr:street": "Rue du 19 Mars 1962",
        "amenity": "hospital",
        "emergency": "yes",
        "name": "Hôpital Ibn Sina",
        "@geometry": "center"
      },
      "geometry": {
        "type": "Point",
        "coordinates": [
          -0.279275,
          27.8709705
        ]
      },
      "id": "way/393042095"
    },
    {
      "type": "Feature",
      "properties": {
        "@id": "way/393194021",
        "addr:city": "ششار",
        "addr:city:ar": "ششار",
        "amenity": "hospital",
        "brand": "وكالة الأنباء الجزائرية",
        "brand:ar": "وكالة الأنباء الجزائرية",
        "brand:website": "http://www.aps.dz/ar/",
        "brand:wikidata": "Q1162323",
        "brand:wikipedia": "ar:وكالة الأنباء الجزائرية",
        "healthcare": "hospital",
        "name": "المؤسسة العمومية للصحة الجوارية - ششار",
        "name:ar": "وكالة الأنباء الجزائرية ششار",
        "name:en": "APS Chechar",
        "@geometry": "center"
      },
      "geometry": {
        "type": "Point",
        "coordinates": [
          7.0079943,
          35.0382188
        ]
      },
      "id": "way/393194021"
    },
    {
      "type": "Feature",
      "properties": {
        "@id": "way/393600331",
        "amenity": "hospital",
        "healthcare": "hospital",
        "@geometry": "center"
      },
      "geometry": {
        "type": "Point",
        "coordinates": [
          7.6630553,
          35.6315027
        ]
      },
      "id": "way/393600331"
    },
    {
      "type": "Feature",
      "properties": {
        "@id": "way/394139696",
        "addr:city": "Fès",
        "addr:city:ar": "فاس",
        "addr:city:es": "Fez",
        "addr:city:fr": "Fès",
        "addr:district": "Fès",
        "addr:district:ar": "فاس",
        "addr:district:es": "Fez",
        "addr:district:fr": "Fès",
        "addr:housenumber": "16",
        "addr:street": "Avenue Allal Ben Abdallah",
        "amenity": "hospital",
        "healthcare": "hospital",
        "name": "Clinique RAIS",
        "phone": "+212 5 35 62 11 08",
        "@geometry": "center"
      },
      "geometry": {
        "type": "Point",
        "coordinates": [
          -5.006211,
          34.0335173
        ]
      },
      "id": "way/394139696"
    },
    {
      "type": "Feature",
      "properties": {
        "@id": "way/395408474",
        "amenity": "hospital",
        "building": "yes",
        "healthcare": "hospital",
        "name": "Clinique El Amal",
        "@geometry": "center"
      },
      "geometry": {
        "type": "Point",
        "coordinates": [
          -6.8226153,
          34.0130329
        ]
      },
      "id": "way/395408474"
    },
    {
      "type": "Feature",
      "properties": {
        "@id": "way/395421845",
        "amenity": "hospital",
        "healthcare": "hospital",
        "name": "Clinique Benjelloum",
        "@geometry": "center"
      },
      "geometry": {
        "type": "Point",
        "coordinates": [
          -6.8238999,
          34.0151703
        ]
      },
      "id": "way/395421845"
    },
    {
      "type": "Feature",
      "properties": {
        "@id": "way/395796086",
        "amenity": "hospital",
        "building": "yes",
        "healthcare": "hospital",
        "name": "Hospital Fátima",
        "wikidata": "Q87798348",
        "@geometry": "center"
      },
      "geometry": {
        "type": "Point",
        "coordinates": [
          -5.9879447,
          37.3686599
        ]
      },
      "id": "way/395796086"
    },
    {
      "type": "Feature",
      "properties": {
        "@id": "way/397657657",
        "addr:city": "Casablanca",
        "addr:street": "Avenue Mohamed Taib Naciri",
        "alt_name": "Hôpital Cheikh Khalifa Bin Zayed Al Nahyan",
        "amenity": "hospital",
        "emergency": "yes",
        "healthcare": "hospital",
        "name": "Hôpital du Cheikh Khalifa Ben Zayd Al-Nahyan",
        "source": "Kaart Ground Survey 2018",
        "@geometry": "center"
      },
      "geometry": {
        "type": "Point",
        "coordinates": [
          -7.6683106,
          33.5523764
        ]
      },
      "id": "way/397657657"
    },
    {
      "type": "Feature",
      "properties": {
        "@id": "way/398716275",
        "amenity": "hospital",
        "building:levels": "5",
        "healthcare": "hospital",
        "name": "عروة",
        "name:ar": "عروة",
        "name:fr": "Urwa",
        "@geometry": "center"
      },
      "geometry": {
        "type": "Point",
        "coordinates": [
          3.0394813,
          36.7411793
        ]
      },
      "id": "way/398716275"
    },
    {
      "type": "Feature",
      "properties": {
        "@id": "way/399343484",
        "addr:street": "Avenue Ibn Sina",
        "amenity": "hospital",
        "emergency": "no",
        "healthcare": "hospital",
        "name": "Centre de Formation",
        "@geometry": "center"
      },
      "geometry": {
        "type": "Point",
        "coordinates": [
          -6.917762,
          30.9265333
        ]
      },
      "id": "way/399343484"
    },
    {
      "type": "Feature",
      "properties": {
        "@id": "way/399545103",
        "addr:city": "Berkane",
        "addr:street": "Rue De La Victoire",
        "amenity": "hospital",
        "emergency": "yes",
        "healthcare": "hospital",
        "healthcare:speciality": "general;paediatrics;intensive;ophthalmology;gynaecology;emergency;maternity",
        "name": "Hôpital Eddarrak مستشفى الدراق",
        "name:fr": "Le Centre Hospitalier Provincial de Berkane",
        "operator": "Hôpital Eddarrak",
        "operator:type": "government",
        "@geometry": "center"
      },
      "geometry": {
        "type": "Point",
        "coordinates": [
          -2.3252344,
          34.9249185
        ]
      },
      "id": "way/399545103"
    },
    {
      "type": "Feature",
      "properties": {
        "@id": "way/399552459",
        "amenity": "hospital",
        "building": "yes",
        "emergency": "no",
        "healthcare": "hospital",
        "name": "Sidi Daoud",
        "@geometry": "center"
      },
      "geometry": {
        "type": "Point",
        "coordinates": [
          -6.8939717,
          30.9229904
        ]
      },
      "id": "way/399552459"
    },
    {
      "type": "Feature",
      "properties": {
        "@id": "way/400296324",
        "addr:city": "النفيضة",
        "amenity": "hospital",
        "healthcare": "hospital",
        "name": "مستشفى النفيضة",
        "name:ar": "مستشفى النفيضة",
        "name:fr": "Hôpital Enfidha",
        "@geometry": "center"
      },
      "geometry": {
        "type": "Point",
        "coordinates": [
          10.3676661,
          36.1342585
        ]
      },
      "id": "way/400296324"
    },
    {
      "type": "Feature",
      "properties": {
        "@id": "way/400838908",
        "amenity": "hospital",
        "healthcare": "hospital",
        "internet_access": "wlan",
        "name": "Hopital polyclinique cheikh zaid المركزالاستشفائي الشيخ زايد",
        "name:ar": "المركزالاستشفائي الشيخ زايد",
        "name:fr": "Hopital polyclinique cheikh zaid",
        "opening_hours": "24/7",
        "@geometry": "center"
      },
      "geometry": {
        "type": "Point",
        "coordinates": [
          -6.9073947,
          32.8814293
        ]
      },
      "id": "way/400838908"
    },
    {
      "type": "Feature",
      "properties": {
        "@id": "way/401689637",
        "amenity": "hospital",
        "emergency": "yes",
        "name": "Dispensaire",
        "operator": "ministère de la Santé",
        "@geometry": "center"
      },
      "geometry": {
        "type": "Point",
        "coordinates": [
          1.1358786,
          36.0681927
        ]
      },
      "id": "way/401689637"
    },
    {
      "type": "Feature",
      "properties": {
        "@id": "way/404426340",
        "addr:city": "بلدة عمر",
        "amenity": "hospital",
        "emergency": "no",
        "name": "Polyclinique",
        "name:ar": "العيادة متعددة الخدمات",
        "name:fr": "Polyclinique",
        "@geometry": "center"
      },
      "geometry": {
        "type": "Point",
        "coordinates": [
          5.9765776,
          32.946021
        ]
      },
      "id": "way/404426340"
    },
    {
      "type": "Feature",
      "properties": {
        "@id": "way/404426353",
        "addr:city": "بلدة عمر",
        "amenity": "hospital",
        "emergency": "yes",
        "name": "الولادة الريفية",
        "name:ar": "الولادة الريفية",
        "name:fr": "Maternité rurale",
        "@geometry": "center"
      },
      "geometry": {
        "type": "Point",
        "coordinates": [
          5.9813267,
          32.9474776
        ]
      },
      "id": "way/404426353"
    },
    {
      "type": "Feature",
      "properties": {
        "@id": "way/405473118",
        "addr:city": "Sidi Okba",
        "amenity": "hospital",
        "emergency": "yes",
        "name": "Urgence médicale et chirurgicale",
        "@geometry": "center"
      },
      "geometry": {
        "type": "Point",
        "coordinates": [
          5.9091463,
          34.7501601
        ]
      },
      "id": "way/405473118"
    },
    {
      "type": "Feature",
      "properties": {
        "@id": "way/405672016",
        "addr:city": "Ain Boucif",
        "addr:postcode": "26500",
        "amenity": "hospital",
        "emergency": "yes",
        "name": "EPH",
        "opening_hours": "24/7",
        "@geometry": "center"
      },
      "geometry": {
        "type": "Point",
        "coordinates": [
          3.1463753,
          35.8905781
        ]
      },
      "id": "way/405672016"
    },
    {
      "type": "Feature",
      "properties": {
        "@id": "way/406072472",
        "amenity": "hospital",
        "name": "Centre Medical Oujlida",
        "@geometry": "center"
      },
      "geometry": {
        "type": "Point",
        "coordinates": [
          -1.3305244,
          34.921601
        ]
      },
      "id": "way/406072472"
    },
    {
      "type": "Feature",
      "properties": {
        "@id": "way/407054006",
        "amenity": "hospital",
        "building": "yes",
        "building:levels": "1",
        "emergency": "lifeguard",
        "healthcare": "hospital",
        "lifeguard": "base",
        "name": "Cruz Roja",
        "operator": "Cruz Roja",
        "operator:wikidata": "Q7178",
        "operator:wikipedia": "es:Cruz Roja",
        "@geometry": "center"
      },
      "geometry": {
        "type": "Point",
        "coordinates": [
          -7.0281344,
          37.2044207
        ]
      },
      "id": "way/407054006"
    },
    {
      "type": "Feature",
      "properties": {
        "@id": "way/408804872",
        "amenity": "hospital",
        "name:ar": "مستوصف",
        "@geometry": "center"
      },
      "geometry": {
        "type": "Point",
        "coordinates": [
          5.8954353,
          35.9329274
        ]
      },
      "id": "way/408804872"
    },
    {
      "type": "Feature",
      "properties": {
        "@id": "way/409208627",
        "amenity": "hospital",
        "healthcare": "hospital",
        "@geometry": "center"
      },
      "geometry": {
        "type": "Point",
        "coordinates": [
          -7.9178538,
          31.1364612
        ]
      },
      "id": "way/409208627"
    },
    {
      "type": "Feature",
      "properties": {
        "@id": "way/410074848",
        "addr:city": "بكارية",
        "addr:city:ar": "بكارية",
        "alt_name": "المؤسسة الاستشفائية العمومية;مستشفى بكارية;مستشفى مصطفى بولعراس - بكارية",
        "alt_name:ar": "المؤسسة الاستشفائية العمومية;مستشفى بكارية;مستشفى مصطفى بولعراس - بكارية",
        "amenity": "hospital",
        "healthcare": "hospital",
        "name": "المؤسسة العمومية الاستشفائية",
        "name:ar": "المؤسسة العمومية الاستشفائية",
        "@geometry": "center"
      },
      "geometry": {
        "type": "Point",
        "coordinates": [
          8.2435434,
          35.3669049
        ]
      },
      "id": "way/410074848"
    },
    {
      "type": "Feature",
      "properties": {
        "@id": "way/410277093",
        "amenity": "hospital",
        "healthcare": "hospital",
        "name": "EPH Taibet",
        "name:ar": "المؤسسة الاستشفائية العمومية الطيبات",
        "name:fr": "EPH Taibet",
        "@geometry": "center"
      },
      "geometry": {
        "type": "Point",
        "coordinates": [
          6.3988748,
          33.0839193
        ]
      },
      "id": "way/410277093"
    },
    {
      "type": "Feature",
      "properties": {
        "@id": "way/411102537",
        "amenity": "hospital",
        "name": "Hospital Sanyres Aljaraque",
        "@geometry": "center"
      },
      "geometry": {
        "type": "Point",
        "coordinates": [
          -7.0047258,
          37.2861441
        ]
      },
      "id": "way/411102537"
    },
    {
      "type": "Feature",
      "properties": {
        "@id": "way/411183375",
        "amenity": "hospital",
        "healthcare": "hospital",
        "@geometry": "center"
      },
      "geometry": {
        "type": "Point",
        "coordinates": [
          -5.9218464,
          35.6832423
        ]
      },
      "id": "way/411183375"
    },
    {
      "type": "Feature",
      "properties": {
        "@id": "way/411498109",
        "amenity": "hospital",
        "@geometry": "center"
      },
      "geometry": {
        "type": "Point",
        "coordinates": [
          6.1606112,
          36.1699974
        ]
      },
      "id": "way/411498109"
    },
    {
      "type": "Feature",
      "properties": {
        "@id": "way/412853238",
        "amenity": "hospital",
        "healthcare": "hospital",
        "name": "Hopital de Oncologie",
        "@geometry": "center"
      },
      "geometry": {
        "type": "Point",
        "coordinates": [
          -1.9839779,
          34.6250716
        ]
      },
      "id": "way/412853238"
    },
    {
      "type": "Feature",
      "properties": {
        "@id": "way/414650692",
        "amenity": "hospital",
        "@geometry": "center"
      },
      "geometry": {
        "type": "Point",
        "coordinates": [
          6.1895017,
          35.2545119
        ]
      },
      "id": "way/414650692"
    },
    {
      "type": "Feature",
      "properties": {
        "@id": "way/414758997",
        "amenity": "hospital",
        "name": "Polyclinique des consultations spécialisées Boudghène",
        "name:ar": "مستشفى بودغن",
        "name:fr": "Polyclinique des consultations spécialisées Boudghène",
        "@geometry": "center"
      },
      "geometry": {
        "type": "Point",
        "coordinates": [
          -1.3211314,
          34.8730379
        ]
      },
      "id": "way/414758997"
    },
    {
      "type": "Feature",
      "properties": {
        "@id": "way/416251569",
        "addr:city": "Metlili",
        "amenity": "hospital",
        "healthcare": "hospital",
        "name": "Hôpital 18 fevrier",
        "@geometry": "center"
      },
      "geometry": {
        "type": "Point",
        "coordinates": [
          3.6246451,
          32.2627831
        ]
      },
      "id": "way/416251569"
    },
    {
      "type": "Feature",
      "properties": {
        "@id": "way/417102329",
        "amenity": "hospital",
        "name": "Polyclinique de Mekla",
        "@geometry": "center"
      },
      "geometry": {
        "type": "Point",
        "coordinates": [
          4.2679515,
          36.6856118
        ]
      },
      "id": "way/417102329"
    },
    {
      "type": "Feature",
      "properties": {
        "@id": "way/417428124",
        "amenity": "hospital",
        "construction": "hospital",
        "healthcare": "hospital",
        "name": "Hôpital",
        "name:ar": "مستشفى المجاهد المرحوم ماجن بن ميرة",
        "@geometry": "center"
      },
      "geometry": {
        "type": "Point",
        "coordinates": [
          1.9795597,
          36.270497
        ]
      },
      "id": "way/417428124"
    },
    {
      "type": "Feature",
      "properties": {
        "@id": "way/419530532",
        "amenity": "hospital",
        "building": "yes",
        "healthcare": "clinic",
        "name": "Clinique Les Dahlias",
        "name:ar": "عيادة الدالية",
        "name:fr": "Clinique Les Dahlias",
        "@geometry": "center"
      },
      "geometry": {
        "type": "Point",
        "coordinates": [
          -1.3296538,
          34.8904135
        ]
      },
      "id": "way/419530532"
    },
    {
      "type": "Feature",
      "properties": {
        "@id": "way/420122924",
        "addr:street": "Boulevard Panoramique",
        "amenity": "hospital",
        "building": "commercial",
        "healthcare": "hospital",
        "name": "Clinique Californie",
        "source": "Kaart Ground Survey 2018",
        "@geometry": "center"
      },
      "geometry": {
        "type": "Point",
        "coordinates": [
          -7.6308526,
          33.546665
        ]
      },
      "id": "way/420122924"
    },
    {
      "type": "Feature",
      "properties": {
        "@id": "way/420557893",
        "amenity": "hospital",
        "barrier": "wall",
        "healthcare": "hospital",
        "name": "Clinique Zighout Amine",
        "name:fr": "Clinique Zighout Amine",
        "wall": "noise_barrier",
        "@geometry": "center"
      },
      "geometry": {
        "type": "Point",
        "coordinates": [
          3.0262497,
          36.7863153
        ]
      },
      "id": "way/420557893"
    },
    {
      "type": "Feature",
      "properties": {
        "@id": "way/420902099",
        "addr:city": "مخيم العيون",
        "amenity": "hospital",
        "healthcare": "hospital",
        "name": "مستشفى العيون",
        "name:ar": "مستشفى العيون",
        "name:es": "Hospital Aaiun",
        "name:fr": "Hôpital Laâyoune",
        "@geometry": "center"
      },
      "geometry": {
        "type": "Point",
        "coordinates": [
          -8.0111684,
          27.7289741
        ]
      },
      "id": "way/420902099"
    },
    {
      "type": "Feature",
      "properties": {
        "@id": "way/420902110",
        "addr:city": "مخيم أوسرد",
        "alt_name:ar": "مستشفى الوسرد",
        "amenity": "hospital",
        "healthcare": "hospital",
        "name": "مستشفى أوسرد",
        "name:ar": "مستشفى أوسرد",
        "name:fr": "Hospital de Aussered",
        "@geometry": "center"
      },
      "geometry": {
        "type": "Point",
        "coordinates": [
          -7.8742014,
          27.6118394
        ]
      },
      "id": "way/420902110"
    },
    {
      "type": "Feature",
      "properties": {
        "@id": "way/421259539",
        "amenity": "hospital",
        "@geometry": "center"
      },
      "geometry": {
        "type": "Point",
        "coordinates": [
          2.8921914,
          35.4565151
        ]
      },
      "id": "way/421259539"
    },
    {
      "type": "Feature",
      "properties": {
        "@id": "way/421536627",
        "amenity": "hospital",
        "healthcare": "hospital",
        "name": "L'Hôpital de Saïdia مستشفى السعيدية",
        "name:ar": "مستشفى السعيدية",
        "name:en": "Saidia Hospital",
        "name:fr": "L'Hôpital de Saïdia",
        "@geometry": "center"
      },
      "geometry": {
        "type": "Point",
        "coordinates": [
          -2.2400108,
          35.0880971
        ]
      },
      "id": "way/421536627"
    },
    {
      "type": "Feature",
      "properties": {
        "@id": "way/422251307",
        "addr:city": "شطايبي",
        "addr:city:ar": "شطايبي",
        "addr:postcode": "23014",
        "addr:street": "نهج حفصاوي عمار",
        "addr:street:ar": "نهج حفصاوي عمار",
        "amenity": "hospital",
        "healthcare": "hospital",
        "name": "مستشفى أحمد قواسمي",
        "name:ar": "مستشفى أحمد قواسمي",
        "name:fr": "Hôpital Ahmed Gouasmi",
        "@geometry": "center"
      },
      "geometry": {
        "type": "Point",
        "coordinates": [
          7.3780062,
          37.0665604
        ]
      },
      "id": "way/422251307"
    },
    {
      "type": "Feature",
      "properties": {
        "@id": "way/422525112",
        "amenity": "hospital",
        "name": "Policlinique",
        "@geometry": "center"
      },
      "geometry": {
        "type": "Point",
        "coordinates": [
          -2.197553,
          31.632056
        ]
      },
      "id": "way/422525112"
    },
    {
      "type": "Feature",
      "properties": {
        "@id": "way/422701221",
        "amenity": "hospital",
        "emergency": "yes",
        "name": "Policlinique",
        "name:ar": "عيادة",
        "@geometry": "center"
      },
      "geometry": {
        "type": "Point",
        "coordinates": [
          -2.2063458,
          31.6238521
        ]
      },
      "id": "way/422701221"
    },
    {
      "type": "Feature",
      "properties": {
        "@id": "way/422701223",
        "amenity": "hospital",
        "name": "clinique psychiatrique",
        "name:ar": "عيادة الطب النفسي",
        "@geometry": "center"
      },
      "geometry": {
        "type": "Point",
        "coordinates": [
          -2.2064255,
          31.6263712
        ]
      },
      "id": "way/422701223"
    },
    {
      "type": "Feature",
      "properties": {
        "@id": "way/422849924",
        "amenity": "hospital",
        "healthcare": "hospital",
        "name": "Centre de transfusion sanguine publique",
        "name:fr": "Centre de transfusion sanguine publique",
        "@geometry": "center"
      },
      "geometry": {
        "type": "Point",
        "coordinates": [
          5.0776025,
          36.7530837
        ]
      },
      "id": "way/422849924"
    },
    {
      "type": "Feature",
      "properties": {
        "@id": "way/423988629",
        "amenity": "hospital",
        "name": "Hôpital de Bouchegouf",
        "@geometry": "center"
      },
      "geometry": {
        "type": "Point",
        "coordinates": [
          7.7253534,
          36.4720754
        ]
      },
      "id": "way/423988629"
    },
    {
      "type": "Feature",
      "properties": {
        "@id": "way/424176548",
        "amenity": "hospital",
        "healthcare": "hospital",
        "@geometry": "center"
      },
      "geometry": {
        "type": "Point",
        "coordinates": [
          4.5016688,
          32.7959868
        ]
      },
      "id": "way/424176548"
    },
    {
      "type": "Feature",
      "properties": {
        "@id": "way/424176550",
        "amenity": "hospital",
        "healthcare": "hospital",
        "@geometry": "center"
      },
      "geometry": {
        "type": "Point",
        "coordinates": [
          4.5012321,
          32.7962081
        ]
      },
      "id": "way/424176550"
    },
    {
      "type": "Feature",
      "properties": {
        "@id": "way/424323318",
        "amenity": "hospital",
        "healthcare": "hospital",
        "@geometry": "center"
      },
      "geometry": {
        "type": "Point",
        "coordinates": [
          -7.5730648,
          33.5585521
        ]
      },
      "id": "way/424323318"
    },
    {
      "type": "Feature",
      "properties": {
        "@id": "way/424324240",
        "amenity": "hospital",
        "healthcare": "hospital",
        "name": "Hôpital Sekkat",
        "@geometry": "center"
      },
      "geometry": {
        "type": "Point",
        "coordinates": [
          -7.5885967,
          33.5460467
        ]
      },
      "id": "way/424324240"
    },
    {
      "type": "Feature",
      "properties": {
        "@id": "way/424324809",
        "amenity": "hospital",
        "healthcare": "hospital",
        "@geometry": "center"
      },
      "geometry": {
        "type": "Point",
        "coordinates": [
          -7.5976591,
          33.5404957
        ]
      },
      "id": "way/424324809"
    },
    {
      "type": "Feature",
      "properties": {
        "@id": "way/424732012",
        "amenity": "hospital",
        "name": "EPSP Hopital Saïd Hamiane",
        "@geometry": "center"
      },
      "geometry": {
        "type": "Point",
        "coordinates": [
          3.3076429,
          36.4075491
        ]
      },
      "id": "way/424732012"
    },
    {
      "type": "Feature",
      "properties": {
        "@id": "way/425094826",
        "amenity": "hospital",
        "healthcare": "hospital",
        "name": "Centre de Santé Derb el Kheir",
        "@geometry": "center"
      },
      "geometry": {
        "type": "Point",
        "coordinates": [
          -7.5913748,
          33.5498334
        ]
      },
      "id": "way/425094826"
    },
    {
      "type": "Feature",
      "properties": {
        "@id": "way/425745758",
        "amenity": "hospital",
        "@geometry": "center"
      },
      "geometry": {
        "type": "Point",
        "coordinates": [
          3.4930147,
          36.2865543
        ]
      },
      "id": "way/425745758"
    },
    {
      "type": "Feature",
      "properties": {
        "@id": "way/426694996",
        "amenity": "hospital",
        "name": "Hopital d'El-hadjar",
        "operator": "مستشفى الحجار",
        "phone": "038 89 29 94",
        "@geometry": "center"
      },
      "geometry": {
        "type": "Point",
        "coordinates": [
          7.7443252,
          36.8044617
        ]
      },
      "id": "way/426694996"
    },
    {
      "type": "Feature",
      "properties": {
        "@id": "way/426806198",
        "addr:city": "السوارخ",
        "addr:city:ar": "السوارخ",
        "addr:place": "أم الطبول",
        "addr:place:ar": "أم الطبول",
        "amenity": "hospital",
        "building": "hospital",
        "healthcare": "hospital",
        "name": "مركز الصحي أم الطبول",
        "name:ar": "مركز الصحي أم الطبول",
        "name:fr": "Centre de santé Oum Theboul",
        "@geometry": "center"
      },
      "geometry": {
        "type": "Point",
        "coordinates": [
          8.5647182,
          36.8814488
        ]
      },
      "id": "way/426806198"
    },
    {
      "type": "Feature",
      "properties": {
        "@id": "way/427630404",
        "addr:city": "Annaba",
        "addr:postcode": "23000",
        "addr:street": "Rue Bicha Youcef",
        "amenity": "hospital",
        "name": "Hôpital Dorban Annaba",
        "name:ar": "مستشفى ضربان - عنابة",
        "phone": "038 83 46 76",
        "@geometry": "center"
      },
      "geometry": {
        "type": "Point",
        "coordinates": [
          7.7300736,
          36.9093599
        ]
      },
      "id": "way/427630404"
    },
    {
      "type": "Feature",
      "properties": {
        "@id": "way/429408142",
        "amenity": "hospital",
        "name": "Centre de sente",
        "@geometry": "center"
      },
      "geometry": {
        "type": "Point",
        "coordinates": [
          7.7259286,
          36.7222649
        ]
      },
      "id": "way/429408142"
    },
    {
      "type": "Feature",
      "properties": {
        "@id": "way/430175692",
        "addr:city": "الحجيرة",
        "addr:city:ar": "الحجيرة",
        "amenity": "hospital",
        "healthcare": "hospital",
        "name": "المؤسسة العمومية للصحة الجوارية الحجيرة",
        "name:ar": "المؤسسة العمومية للصحة الجوارية الحجيرة",
        "name:fr": "EPSP",
        "@geometry": "center"
      },
      "geometry": {
        "type": "Point",
        "coordinates": [
          5.5120169,
          32.6175132
        ]
      },
      "id": "way/430175692"
    },
    {
      "type": "Feature",
      "properties": {
        "@id": "way/430965117",
        "addr:city": "Casablanca",
        "addr:street": "Boulevard Bensaid Salah Mohamed",
        "amenity": "hospital",
        "emergency": "yes",
        "healthcare": "hospital",
        "name": "Polyclinique ِCNSS Sidi Bernoussi",
        "name:ar": "Polyclinique ِCNSS Sidi Bernoussi",
        "@geometry": "center"
      },
      "geometry": {
        "type": "Point",
        "coordinates": [
          -7.5007966,
          33.6107521
        ]
      },
      "id": "way/430965117"
    },
    {
      "type": "Feature",
      "properties": {
        "@id": "way/432338886",
        "amenity": "hospital",
        "name": "Dispensaire",
        "source": "A.M.T https://goo.gl/zZpPBP",
        "@geometry": "center"
      },
      "geometry": {
        "type": "Point",
        "coordinates": [
          -0.3019439,
          27.8761889
        ]
      },
      "id": "way/432338886"
    },
    {
      "type": "Feature",
      "properties": {
        "@id": "way/432370657",
        "amenity": "hospital",
        "building": "hospital",
        "emergency": "yes",
        "healthcare:speciality": "psychiatry",
        "name": "Hôpital psychiatrique",
        "@geometry": "center"
      },
      "geometry": {
        "type": "Point",
        "coordinates": [
          -0.3075329,
          27.8758337
        ]
      },
      "id": "way/432370657"
    },
    {
      "type": "Feature",
      "properties": {
        "@id": "way/432958316",
        "addr:city": "Chetouane",
        "amenity": "hospital",
        "barrier": "wall",
        "healthcare": "hospital",
        "name": "Centre anti-cancer de Chetouane",
        "name:fr": "Centre anti-cancer de Chetouane",
        "@geometry": "center"
      },
      "geometry": {
        "type": "Point",
        "coordinates": [
          -1.3010815,
          34.9159908
        ]
      },
      "id": "way/432958316"
    },
    {
      "type": "Feature",
      "properties": {
        "@id": "way/432995849",
        "amenity": "hospital",
        "healthcare": "hospital",
        "name": "Polyclinique Tlilène",
        "@geometry": "center"
      },
      "geometry": {
        "type": "Point",
        "coordinates": [
          -0.2634644,
          27.8834943
        ]
      },
      "id": "way/432995849"
    },
    {
      "type": "Feature",
      "properties": {
        "@id": "way/433003755",
        "addr:postcode": "01023",
        "amenity": "hospital",
        "name": "Polyclinique BOUDA EL-Mansour EPSP ADRAR",
        "name:ar": "العيادة متعددة الخدمات بودة المنصور",
        "@geometry": "center"
      },
      "geometry": {
        "type": "Point",
        "coordinates": [
          -0.4246359,
          27.9555492
        ]
      },
      "id": "way/433003755"
    },
    {
      "type": "Feature",
      "properties": {
        "@id": "way/433204359",
        "amenity": "hospital",
        "healthcare": "hospital",
        "@geometry": "center"
      },
      "geometry": {
        "type": "Point",
        "coordinates": [
          -0.2827957,
          27.8714489
        ]
      },
      "id": "way/433204359"
    },
    {
      "type": "Feature",
      "properties": {
        "@id": "way/435007188",
        "amenity": "hospital",
        "name": "Hôpital",
        "@geometry": "center"
      },
      "geometry": {
        "type": "Point",
        "coordinates": [
          6.7442602,
          35.3190556
        ]
      },
      "id": "way/435007188"
    },
    {
      "type": "Feature",
      "properties": {
        "@id": "way/435214531",
        "amenity": "hospital",
        "name": "Centre psychopédagogique Salim Slima",
        "@geometry": "center"
      },
      "geometry": {
        "type": "Point",
        "coordinates": [
          2.9479931,
          36.6694589
        ]
      },
      "id": "way/435214531"
    },
    {
      "type": "Feature",
      "properties": {
        "@id": "way/435217513",
        "amenity": "hospital",
        "healthcare": "hospital",
        "name": "Maternité",
        "@geometry": "center"
      },
      "geometry": {
        "type": "Point",
        "coordinates": [
          2.9401528,
          36.6661425
        ]
      },
      "id": "way/435217513"
    },
    {
      "type": "Feature",
      "properties": {
        "@id": "way/437386418",
        "addr:city": "Aïn Tallout",
        "amenity": "hospital",
        "name": "Hôpital",
        "name:ar": "مستشفى",
        "@geometry": "center"
      },
      "geometry": {
        "type": "Point",
        "coordinates": [
          -0.9505869,
          34.9215751
        ]
      },
      "id": "way/437386418"
    },
    {
      "type": "Feature",
      "properties": {
        "@id": "way/437492829",
        "addr:city": "الشابة",
        "addr:postcode": "5170",
        "addr:street": "شارع الهادي شاكر",
        "addr:street:ar": "شارع الهادي شاكر",
        "addr:street:fr": "Avenue Hedi Chaker",
        "amenity": "hospital",
        "emergency": "yes",
        "fax": "+216 73 683 522",
        "healthcare": "hospital",
        "name": "مستشفى الشابة",
        "name:ar": "مستشفى الشابة",
        "name:fr": "Hôpital La Chebba",
        "phone": "+216 73 683 522",
        "@geometry": "center"
      },
      "geometry": {
        "type": "Point",
        "coordinates": [
          11.1145448,
          35.234635
        ]
      },
      "id": "way/437492829"
    },
    {
      "type": "Feature",
      "properties": {
        "@id": "way/437870336",
        "amenity": "hospital",
        "name": "Dispensaire",
        "@geometry": "center"
      },
      "geometry": {
        "type": "Point",
        "coordinates": [
          -0.9558268,
          34.9245832
        ]
      },
      "id": "way/437870336"
    },
    {
      "type": "Feature",
      "properties": {
        "@id": "way/438324669",
        "addr:city": "تين ظواتين",
        "addr:city:ar": "تين ظواتين",
        "addr:postcode": "11150",
        "amenity": "hospital",
        "healthcare": "hospital",
        "language:ar": "main",
        "name": "مستشفى",
        "name:ar": "مستشفى",
        "name:fr": "Epsp Tin Zaouatine",
        "opening_hours": "24/7",
        "@geometry": "center"
      },
      "geometry": {
        "type": "Point",
        "coordinates": [
          2.9640074,
          19.9549475
        ]
      },
      "id": "way/438324669"
    },
    {
      "type": "Feature",
      "properties": {
        "@id": "way/439164816",
        "amenity": "hospital",
        "ele": "8",
        "name": "عياط بالقاسم",
        "name:ar": "عياط بالقاسم",
        "@geometry": "center"
      },
      "geometry": {
        "type": "Point",
        "coordinates": [
          4.3007044,
          35.2139832
        ]
      },
      "id": "way/439164816"
    },
    {
      "type": "Feature",
      "properties": {
        "@id": "way/439365861",
        "addr:city": "Aïn El Turk",
        "amenity": "hospital",
        "healthcare": "hospital",
        "name": "Hôpital Medjber Tami",
        "name:en": "Medjber Tami Hospital",
        "name:fr": "Hôpital Medjber Tami",
        "@geometry": "center"
      },
      "geometry": {
        "type": "Point",
        "coordinates": [
          -0.7561074,
          35.7372623
        ]
      },
      "id": "way/439365861"
    },
    {
      "type": "Feature",
      "properties": {
        "@id": "node/439366773",
        "amenity": "hospital",
        "healthcare": "hospital",
        "name": "Hopital des spécialités Bougafer"
      },
      "geometry": {
        "type": "Point",
        "coordinates": [
          -6.9044736,
          30.9189287
        ]
      },
      "id": "node/439366773"
    },
    {
      "type": "Feature",
      "properties": {
        "@id": "way/439495565",
        "amenity": "hospital",
        "emergency": "yes",
        "name": "centre d'hemodialyse maghreb",
        "@geometry": "center"
      },
      "geometry": {
        "type": "Point",
        "coordinates": [
          6.1745968,
          36.1693144
        ]
      },
      "id": "way/439495565"
    },
    {
      "type": "Feature",
      "properties": {
        "@id": "way/439746215",
        "amenity": "hospital",
        "healthcare": "hospital",
        "name": "عيادة",
        "name:ar": "عيادة",
        "name:fr": "Clinique",
        "@geometry": "center"
      },
      "geometry": {
        "type": "Point",
        "coordinates": [
          5.4193142,
          31.9776214
        ]
      },
      "id": "way/439746215"
    },
    {
      "type": "Feature",
      "properties": {
        "@id": "way/439805387",
        "addr:city": "وادي تليلات",
        "addr:place": "حي 500 مسكن",
        "amenity": "hospital",
        "building:levels": "6",
        "healthcare": "hospital",
        "name": "مستوصف حي 500 مسكن",
        "name:ar": "مستوصف حي 500 مسكن",
        "name:fr": "Dispensaire quartier 500 logements",
        "@geometry": "center"
      },
      "geometry": {
        "type": "Point",
        "coordinates": [
          -0.4444968,
          35.5575753
        ]
      },
      "id": "way/439805387"
    },
    {
      "type": "Feature",
      "properties": {
        "@id": "way/440212137",
        "amenity": "hospital",
        "name": "Maternité",
        "@geometry": "center"
      },
      "geometry": {
        "type": "Point",
        "coordinates": [
          5.4343221,
          35.9643369
        ]
      },
      "id": "way/440212137"
    },
    {
      "type": "Feature",
      "properties": {
        "@id": "way/440382904",
        "amenity": "hospital",
        "name": "قاعة العلاج الكم",
        "name:ar": "قاعة العلاج الكم",
        "name:fr": "Centre de santé",
        "@geometry": "center"
      },
      "geometry": {
        "type": "Point",
        "coordinates": [
          5.3266852,
          32.2620475
        ]
      },
      "id": "way/440382904"
    },
    {
      "type": "Feature",
      "properties": {
        "@id": "way/440384932",
        "amenity": "hospital",
        "name": "عيادة متعددة الخدمات",
        "name:ar": "عيادة متعددة الخدمات",
        "name:fr": "Polyclinique",
        "@geometry": "center"
      },
      "geometry": {
        "type": "Point",
        "coordinates": [
          5.3465806,
          32.1697013
        ]
      },
      "id": "way/440384932"
    },
    {
      "type": "Feature",
      "properties": {
        "@id": "way/440386029",
        "amenity": "hospital",
        "name": "قاعة العلاج البور",
        "name:ar": "قاعة العلاج البور",
        "name:fr": "Centre de santé",
        "@geometry": "center"
      },
      "geometry": {
        "type": "Point",
        "coordinates": [
          5.34151,
          32.1622349
        ]
      },
      "id": "way/440386029"
    },
    {
      "type": "Feature",
      "properties": {
        "@id": "way/441285659",
        "amenity": "hospital",
        "building": "hospital",
        "name": "عيادة متعددة الخدمات سلمي احمد",
        "name:ar": "عيادة متعددة الخدمات سلمي احمد",
        "name:fr": "dispensaire",
        "@geometry": "center"
      },
      "geometry": {
        "type": "Point",
        "coordinates": [
          5.0623219,
          34.4483959
        ]
      },
      "id": "way/441285659"
    },
    {
      "type": "Feature",
      "properties": {
        "@id": "way/441586227",
        "amenity": "hospital",
        "healthcare": "hospital",
        "name": "Hopital (EPH) Akid Othmane",
        "name:ar": "مستشفى العقيد عثمان",
        "@geometry": "center"
      },
      "geometry": {
        "type": "Point",
        "coordinates": [
          -0.7587403,
          35.7406299
        ]
      },
      "id": "way/441586227"
    },
    {
      "type": "Feature",
      "properties": {
        "@id": "way/441587463",
        "addr:city": "Oran",
        "addr:street": "cité Yaghmoracene",
        "amenity": "hospital",
        "healthcare": "hospital",
        "healthcare:speciality": "general;dentistry;ophthalmology;dermatology",
        "name": "Polyclinique Yaghmoracene",
        "operator": "etatique",
        "operator:type": "public",
        "@geometry": "center"
      },
      "geometry": {
        "type": "Point",
        "coordinates": [
          -0.6601089,
          35.6737227
        ]
      },
      "id": "way/441587463"
    },
    {
      "type": "Feature",
      "properties": {
        "@id": "way/441588644",
        "addr:city": "Es Senia",
        "amenity": "hospital",
        "healthcare": "hospital",
        "name": "Polyclinique Es-Senia",
        "@geometry": "center"
      },
      "geometry": {
        "type": "Point",
        "coordinates": [
          -0.6149174,
          35.6527985
        ]
      },
      "id": "way/441588644"
    },
    {
      "type": "Feature",
      "properties": {
        "@id": "way/441598555",
        "amenity": "hospital",
        "name": "Polyclinique Hai Chouhadas",
        "@geometry": "center"
      },
      "geometry": {
        "type": "Point",
        "coordinates": [
          -0.6228397,
          35.6914116
        ]
      },
      "id": "way/441598555"
    },
    {
      "type": "Feature",
      "properties": {
        "@id": "way/441790189",
        "addr:city": "الدندان",
        "amenity": "hospital",
        "healthcare": "hospital",
        "name": "مستشفى الدندان",
        "name:ar": "مستشفى الدندان",
        "name:fr": "Hôpital Den Den",
        "@geometry": "center"
      },
      "geometry": {
        "type": "Point",
        "coordinates": [
          10.1101233,
          36.8018822
        ]
      },
      "id": "way/441790189"
    },
    {
      "type": "Feature",
      "properties": {
        "@id": "way/441884194",
        "addr:city": "oran",
        "addr:street": "hai bouamama",
        "amenity": "hospital",
        "healthcare": "hospital",
        "healthcare:speciality": "general",
        "name": "Polyclinique Hai Bouamama",
        "operator": "etatique",
        "operator:type": "public",
        "@geometry": "center"
      },
      "geometry": {
        "type": "Point",
        "coordinates": [
          -0.6993847,
          35.6620547
        ]
      },
      "id": "way/441884194"
    },
    {
      "type": "Feature",
      "properties": {
        "@id": "way/441933766",
        "amenity": "hospital",
        "emergency": "yes",
        "name": "Hôpital d'Hammamet",
        "@geometry": "center"
      },
      "geometry": {
        "type": "Point",
        "coordinates": [
          10.6156199,
          36.3998828
        ]
      },
      "id": "way/441933766"
    },
    {
      "type": "Feature",
      "properties": {
        "@id": "way/441945718",
        "amenity": "hospital",
        "healthcare": "hospital",
        "name": "Établissement Hospitalier Spécialisé en Rééducation Fonctionnelle à Ras Elma",
        "name:ar": "المؤسسة الإستشفائية المختصة في التأهيل و التكييف الوظيفي",
        "@geometry": "center"
      },
      "geometry": {
        "type": "Point",
        "coordinates": [
          5.5362371,
          36.1191726
        ]
      },
      "id": "way/441945718"
    },
    {
      "type": "Feature",
      "properties": {
        "@id": "way/442420630",
        "addr:city": "Sétif",
        "addr:postcode": "19000",
        "addr:street": "Rue des Frères Djemili",
        "amenity": "hospital",
        "description": "Medecine générale.\nGyneco-obstetrique.\nSuivi des femmes enceintes.\nEchographie abdomino-pelvienne",
        "emergency": "no",
        "name": "Cabinet médical Hamadache.H",
        "operator": "Hamadache.H",
        "@geometry": "center"
      },
      "geometry": {
        "type": "Point",
        "coordinates": [
          5.4183098,
          36.1909626
        ]
      },
      "id": "way/442420630"
    },
    {
      "type": "Feature",
      "properties": {
        "@id": "way/445398053",
        "addr:city": "Marbella",
        "amenity": "hospital",
        "building": "yes",
        "check_date": "2024-12-25",
        "healthcare": "hospital",
        "name": "Hospital Quironsalud Marbella",
        "operator": "Quironsalud",
        "wheelchair": "yes",
        "wikidata": "Q87762165",
        "@geometry": "center"
      },
      "geometry": {
        "type": "Point",
        "coordinates": [
          -4.8742789,
          36.5086939
        ]
      },
      "id": "way/445398053"
    },
    {
      "type": "Feature",
      "properties": {
        "@id": "way/447283881",
        "addr:city": "Oran",
        "addr:street": "Avenue Tarik Ibn Ziad",
        "amenity": "hospital",
        "healthcare": "hospital",
        "healthcare:speciality": "general",
        "name": "Polyclinique Soufi Zoubida",
        "operator": "etatique",
        "operator:type": "public",
        "@geometry": "center"
      },
      "geometry": {
        "type": "Point",
        "coordinates": [
          -0.655248,
          35.6808611
        ]
      },
      "id": "way/447283881"
    },
    {
      "type": "Feature",
      "properties": {
        "@id": "way/447895775",
        "addr:housenumber": "3",
        "addr:postcode": "41071",
        "addr:street": "Avenida Doctor Fedriani",
        "amenity": "hospital",
        "emergency": "yes",
        "healthcare": "hospital",
        "name": "Hospital Universitario Virgen Macarena",
        "operator:type": "public",
        "wikidata": "Q27892167",
        "wikimedia_commons": "Category:Hospital Universitario Virgen Macarena (Sevilla)",
        "wikipedia": "es:Hospital Universitario Virgen Macarena",
        "@geometry": "center"
      },
      "geometry": {
        "type": "Point",
        "coordinates": [
          -5.9867335,
          37.4067793
        ]
      },
      "id": "way/447895775"
    },
    {
      "type": "Feature",
      "properties": {
        "@id": "way/448576403",
        "amenity": "hospital",
        "healthcare": "hospital",
        "healthcare:speciality": "psychiatry",
        "name": "Hôpital psychiatrique",
        "@geometry": "center"
      },
      "geometry": {
        "type": "Point",
        "coordinates": [
          2.3873309,
          36.571003
        ]
      },
      "id": "way/448576403"
    },
    {
      "type": "Feature",
      "properties": {
        "@id": "way/448735001",
        "amenity": "hospital",
        "building:levels": "3",
        "healthcare": "hospital",
        "name": "Hôpital Neurologie cherchell",
        "@geometry": "center"
      },
      "geometry": {
        "type": "Point",
        "coordinates": [
          2.1752953,
          36.5968961
        ]
      },
      "id": "way/448735001"
    },
    {
      "type": "Feature",
      "properties": {
        "@id": "way/449038443",
        "amenity": "hospital",
        "healthcare": "hospital",
        "name": "Hôpital provincial de Midelt",
        "@geometry": "center"
      },
      "geometry": {
        "type": "Point",
        "coordinates": [
          -4.7587249,
          32.6991279
        ]
      },
      "id": "way/449038443"
    },
    {
      "type": "Feature",
      "properties": {
        "@id": "way/449075020",
        "addr:street": "Avenue Ibn Sina",
        "amenity": "hospital",
        "building": "yes",
        "emergency": "yes",
        "healthcare": "hospital",
        "name": "Clinique Agdal",
        "@geometry": "center"
      },
      "geometry": {
        "type": "Point",
        "coordinates": [
          -6.8510137,
          33.9956497
        ]
      },
      "id": "way/449075020"
    },
    {
      "type": "Feature",
      "properties": {
        "@id": "way/449588937",
        "amenity": "hospital",
        "healthcare": "hospital",
        "@geometry": "center"
      },
      "geometry": {
        "type": "Point",
        "coordinates": [
          0.7577205,
          35.7199843
        ]
      },
      "id": "way/449588937"
    },
    {
      "type": "Feature",
      "properties": {
        "@id": "way/451799188",
        "amenity": "hospital",
        "barrier": "fence",
        "healthcare": "hospital",
        "name": "Hopital provincial Errazi مستشفى الرازي",
        "name:ar": "مستشفى الرازي",
        "name:fr": "Hopital provincial Errazi",
        "@geometry": "center"
      },
      "geometry": {
        "type": "Point",
        "coordinates": [
          -7.5840815,
          33.2601336
        ]
      },
      "id": "way/451799188"
    },
    {
      "type": "Feature",
      "properties": {
        "@id": "way/451977575",
        "amenity": "hospital",
        "healthcare": "hospital",
        "name": "Hôpital EL IDRISSI",
        "phone": "+212 537 373111",
        "@geometry": "center"
      },
      "geometry": {
        "type": "Point",
        "coordinates": [
          -6.5782073,
          34.2483126
        ]
      },
      "id": "way/451977575"
    },
    {
      "type": "Feature",
      "properties": {
        "@id": "way/452692557",
        "amenity": "hospital",
        "emergency": "yes",
        "healthcare": "hospital",
        "name": "Centre de Santé",
        "@geometry": "center"
      },
      "geometry": {
        "type": "Point",
        "coordinates": [
          2.4553081,
          35.8270466
        ]
      },
      "id": "way/452692557"
    },
    {
      "type": "Feature",
      "properties": {
        "@id": "way/452738714",
        "amenity": "hospital",
        "healthcare": "hospital",
        "name": "Hopital",
        "@geometry": "center"
      },
      "geometry": {
        "type": "Point",
        "coordinates": [
          -6.5432781,
          34.2544386
        ]
      },
      "id": "way/452738714"
    },
    {
      "type": "Feature",
      "properties": {
        "@id": "way/452785489",
        "amenity": "hospital",
        "barrier": "wall",
        "name": "Centre Médical",
        "@geometry": "center"
      },
      "geometry": {
        "type": "Point",
        "coordinates": [
          2.4519429,
          35.8245282
        ]
      },
      "id": "way/452785489"
    },
    {
      "type": "Feature",
      "properties": {
        "@id": "way/453124655",
        "addr:city": "Figuig ⵉⴼⵉⵢⵢⵉⵢ فگيگ",
        "addr:street": "شارع ابن سينا",
        "amenity": "hospital",
        "healthcare": "hospital",
        "name": "Hôpital de Figuig مستشفى فكيك",
        "name:ar": "مستشفى فكيك",
        "name:fr": "Hôpital de Figuig",
        "operator": "وزارة الصحة Ministère de Santé",
        "@geometry": "center"
      },
      "geometry": {
        "type": "Point",
        "coordinates": [
          -1.2315885,
          32.1093804
        ]
      },
      "id": "way/453124655"
    },
    {
      "type": "Feature",
      "properties": {
        "@id": "way/454099601",
        "addr:city": "El Oued",
        "addr:postcode": "39000",
        "amenity": "hospital",
        "emergency": "yes",
        "healthcare": "hospital",
        "healthcare:speciality": "emergency",
        "name": "Centre hospitalier d'urgence le 8 mai 1945",
        "name:ar": "المستشفى الإستعجالي 8 ماي",
        "name:fr": "Centre hospitalier d'urgence le 8 mai 1945",
        "opening_hours": "24/7",
        "@geometry": "center"
      },
      "geometry": {
        "type": "Point",
        "coordinates": [
          6.8820426,
          33.3967289
        ]
      },
      "id": "way/454099601"
    },
    {
      "type": "Feature",
      "properties": {
        "@id": "way/454103312",
        "addr:city": "الوادي",
        "addr:city:ar": "الوادي",
        "amenity": "hospital",
        "healthcare": "hospital",
        "healthcare:speciality": "ophthalmology",
        "name": "مستشفى طب العيون صداقة الجزائر كوبا",
        "name:ar": "مستشفى طب العيون صداقة الجزائر كوبا",
        "name:fr": "Hôpital Ophtalmologique Amitié Algérie - Cuba d'El Oued",
        "@geometry": "center"
      },
      "geometry": {
        "type": "Point",
        "coordinates": [
          6.8756436,
          33.385875
        ]
      },
      "id": "way/454103312"
    },
    {
      "type": "Feature",
      "properties": {
        "@id": "way/454301034",
        "addr:city": "Khenchela",
        "addr:postcode": "40000",
        "addr:street": "Rue Ali Boushaba",
        "amenity": "hospital",
        "emergency": "yes",
        "healthcare": "hospital",
        "name": "مستشفى علي بو سحابة ⴰⵙⴱⵉⵟⴰⵔ ⵏ ⴰⵍⵉ ⴱⵓⵚⴰⵃⴰⴱⴰ",
        "name:ar": "مستشفى علي بو سحابة",
        "name:ber": "ⴰⵙⴱⵉⵟⴰⵔ ⵏ ⴰⵍⵉ ⴱⵓⵚⴰⵃⴰⴱⴰ",
        "name:fr": "Hôpital Ali Bou Sehaba",
        "@geometry": "center"
      },
      "geometry": {
        "type": "Point",
        "coordinates": [
          7.1499853,
          35.4324102
        ]
      },
      "id": "way/454301034"
    },
    {
      "type": "Feature",
      "properties": {
        "@id": "way/454454687",
        "addr:city": "Oued Zenati",
        "amenity": "hospital",
        "emergency": "yes",
        "name": "EPH de Oued Zenati",
        "@geometry": "center"
      },
      "geometry": {
        "type": "Point",
        "coordinates": [
          7.1619713,
          36.3148497
        ]
      },
      "id": "way/454454687"
    },
    {
      "type": "Feature",
      "properties": {
        "@id": "way/455303040",
        "addr:city": "Birine",
        "amenity": "hospital",
        "name:ar": "مستشفى 60 سرير",
        "name:fr": "Hôpital de Birine",
        "@geometry": "center"
      },
      "geometry": {
        "type": "Point",
        "coordinates": [
          3.2123834,
          35.6208962
        ]
      },
      "id": "way/455303040"
    },
    {
      "type": "Feature",
      "properties": {
        "@id": "way/455577053",
        "addr:city": "Mostaganem",
        "addr:postcode": "27000",
        "amenity": "hospital",
        "emergency": "yes",
        "healthcare": "hospital",
        "name": "Hôpital Ernesto Che Guevara",
        "@geometry": "center"
      },
      "geometry": {
        "type": "Point",
        "coordinates": [
          0.0941617,
          35.9346415
        ]
      },
      "id": "way/455577053"
    },
    {
      "type": "Feature",
      "properties": {
        "@id": "way/456778611",
        "amenity": "hospital",
        "name": "Dispensaire Hamma Bouziane",
        "@geometry": "center"
      },
      "geometry": {
        "type": "Point",
        "coordinates": [
          6.5990848,
          36.4215603
        ]
      },
      "id": "way/456778611"
    },
    {
      "type": "Feature",
      "properties": {
        "@id": "way/457242757",
        "addr:city": "Sebdou",
        "addr:postcode": "13006",
        "addr:street": "Rue Chahid Boubakkar Tahar",
        "amenity": "hospital",
        "emergency": "yes",
        "name": "Hopital Dr. Benzardjeb Benaouda",
        "operator": "Etablissement Public",
        "website": "http://www.eph-sebdou.dz/",
        "@geometry": "center"
      },
      "geometry": {
        "type": "Point",
        "coordinates": [
          -1.3241357,
          34.6439728
        ]
      },
      "id": "way/457242757"
    },
    {
      "type": "Feature",
      "properties": {
        "@id": "way/457969329",
        "amenity": "hospital",
        "healthcare": "hospital",
        "name": "Hôpital Hassan 2",
        "@geometry": "center"
      },
      "geometry": {
        "type": "Point",
        "coordinates": [
          -7.612642,
          32.9929474
        ]
      },
      "id": "way/457969329"
    },
    {
      "type": "Feature",
      "properties": {
        "@id": "way/458067627",
        "amenity": "hospital",
        "healthcare": "hospital",
        "name": "Disponsaire Smaâla",
        "@geometry": "center"
      },
      "geometry": {
        "type": "Point",
        "coordinates": [
          -7.622462,
          32.9994945
        ]
      },
      "id": "way/458067627"
    },
    {
      "type": "Feature",
      "properties": {
        "@id": "way/458090428",
        "amenity": "hospital",
        "name": "Hôpital Militaire Universitaire Spécialisé",
        "@geometry": "center"
      },
      "geometry": {
        "type": "Point",
        "coordinates": [
          2.8889614,
          36.7331461
        ]
      },
      "id": "way/458090428"
    },
    {
      "type": "Feature",
      "properties": {
        "@id": "way/458238398",
        "amenity": "hospital",
        "healthcare": "hospital",
        "name": "Dispensaire ElKheir",
        "@geometry": "center"
      },
      "geometry": {
        "type": "Point",
        "coordinates": [
          -7.6080169,
          32.9888331
        ]
      },
      "id": "way/458238398"
    },
    {
      "type": "Feature",
      "properties": {
        "@id": "way/458503590",
        "addr:city": "البياضة",
        "addr:suburb": "Lebama",
        "amenity": "hospital",
        "healthcare": "hospital",
        "name": "مستشفي العمومي بشير بلال",
        "name:ar": "مستشفي العمومي بشير بلال",
        "name:fr": "Hôpital communal Bachir Bilal",
        "@geometry": "center"
      },
      "geometry": {
        "type": "Point",
        "coordinates": [
          6.8997559,
          33.310998
        ]
      },
      "id": "way/458503590"
    },
    {
      "type": "Feature",
      "properties": {
        "@id": "way/459071311",
        "addr:city": "الرباح ROBBAH",
        "addr:country": "DZ",
        "addr:state": "EL OUED",
        "agglomération": "الـربــــــاح",
        "amenity": "hospital",
        "name": "Hôpital de Robbah",
        "name:ar": "مستشفى الرباح",
        "name:fr": "Hôpital de Robbah",
        "source": "مكتب الدراسات -بوبكر إلياس- (الجزائر)",
        "@geometry": "center"
      },
      "geometry": {
        "type": "Point",
        "coordinates": [
          6.9072868,
          33.2838441
        ]
      },
      "id": "way/459071311"
    },
    {
      "type": "Feature",
      "properties": {
        "@id": "way/459850980",
        "addr:city": "الطارف",
        "addr:city:ar": "الطارف",
        "addr:postcode": "36000",
        "amenity": "hospital",
        "healthcare": "hospital",
        "name": "مستشفى الطارف",
        "name:ar": "مستشفى الطارف",
        "name:fr": "Hôpital d'El Tarf",
        "@geometry": "center"
      },
      "geometry": {
        "type": "Point",
        "coordinates": [
          8.3243946,
          36.7631968
        ]
      },
      "id": "way/459850980"
    },
    {
      "type": "Feature",
      "properties": {
        "@id": "way/460188064",
        "amenity": "hospital",
        "healthcare": "hospital",
        "name": "Hôpital de Gériatrie de Zéralda",
        "@geometry": "center"
      },
      "geometry": {
        "type": "Point",
        "coordinates": [
          2.8450095,
          36.6977318
        ]
      },
      "id": "way/460188064"
    },
    {
      "type": "Feature",
      "properties": {
        "@id": "way/460216565",
        "addr:city": "القالة",
        "addr:city:ar": "القالة",
        "addr:postcode": "36002",
        "amenity": "hospital",
        "healthcare": "hospital",
        "name": "المؤسسة الاستشفائية للصحة الجوارية عمار بوزيد القالة",
        "name:ar": "المؤسسة الاستشفائية للصحة الجوارية عمار بوزيد القالة",
        "name:fr": "EPH Bouzid Ammar El Kala",
        "@geometry": "center"
      },
      "geometry": {
        "type": "Point",
        "coordinates": [
          8.4434873,
          36.8955648
        ]
      },
      "id": "way/460216565"
    },
    {
      "type": "Feature",
      "properties": {
        "@id": "way/460366533",
        "addr:city": "قالمة",
        "addr:postcode": "24000",
        "amenity": "hospital",
        "healthcare": "hospital",
        "name": "مستشفى ابن زهر",
        "name:ar": "مستشفى ابن زهر",
        "name:fr": "Hôpital Ibn Zohr",
        "@geometry": "center"
      },
      "geometry": {
        "type": "Point",
        "coordinates": [
          7.4284369,
          36.4632911
        ]
      },
      "id": "way/460366533"
    },
    {
      "type": "Feature",
      "properties": {
        "@id": "way/461623121",
        "addr:city": "Bir El Djir",
        "addr:street": "Rue 1 er Novembre",
        "amenity": "hospital",
        "healthcare": "hospital",
        "name": "Hôpital Régional de la Sûreté Nnationale",
        "name:ar": "المستشفى الجهوي للأمن الوطني",
        "name:fr": "Hôpital Régional de la Sûreté Nationale",
        "@geometry": "center"
      },
      "geometry": {
        "type": "Point",
        "coordinates": [
          -0.5861781,
          35.6948702
        ]
      },
      "id": "way/461623121"
    },
    {
      "type": "Feature",
      "properties": {
        "@id": "way/461876205",
        "amenity": "hospital",
        "healthcare": "hospital",
        "@geometry": "center"
      },
      "geometry": {
        "type": "Point",
        "coordinates": [
          -7.6079152,
          33.0078532
        ]
      },
      "id": "way/461876205"
    },
    {
      "type": "Feature",
      "properties": {
        "@id": "way/462421104",
        "addr:city": "El Oued",
        "addr:postcode": "39000",
        "amenity": "hospital",
        "healthcare": "hospital",
        "name": "Hôpital Cité Chouhada",
        "name:ar": "مستشفى حي الشهداء",
        "name:fr": "Hôpital Cité Chouhada",
        "@geometry": "center"
      },
      "geometry": {
        "type": "Point",
        "coordinates": [
          6.8721162,
          33.3423151
        ]
      },
      "id": "way/462421104"
    },
    {
      "type": "Feature",
      "properties": {
        "@id": "way/462851014",
        "addr:city": "Ras El Aioun",
        "alt_name": "EPH Ras El Aioun",
        "amenity": "hospital",
        "emergency": "yes",
        "name": "Hôpital de Ras El Aioun",
        "@geometry": "center"
      },
      "geometry": {
        "type": "Point",
        "coordinates": [
          5.6494811,
          35.6780618
        ]
      },
      "id": "way/462851014"
    },
    {
      "type": "Feature",
      "properties": {
        "@id": "way/462946560",
        "addr:city": "خنشلة",
        "addr:city:ar": "خنشلة",
        "addr:postcode": "40000",
        "amenity": "hospital",
        "barrier": "wall",
        "healthcare": "hospital",
        "name": "المؤسسة الاستشفائية للصحة الجوارية أحمد بن بلة",
        "name:ar": "المؤسسة الاستشفائية للصحة الجوارية أحمد بن بلة",
        "name:etymology": "أحمد بن بلة",
        "name:etymology:wikidata": "Q179908",
        "name:etymology:wikipedia": "ar:أحمد بن بلة",
        "name:fr": "EPH Ahmed Ben Bella",
        "@geometry": "center"
      },
      "geometry": {
        "type": "Point",
        "coordinates": [
          7.1189107,
          35.4500299
        ]
      },
      "id": "way/462946560"
    },
    {
      "type": "Feature",
      "properties": {
        "@id": "way/463053220",
        "addr:city": "تقرت",
        "addr:city:ar": "تقرت",
        "amenity": "hospital",
        "emergency": "yes",
        "healthcare": "hospital",
        "name": "مستشفى لبدوات",
        "name:ar": "مستشفى لبدوات",
        "name:fr": "Hôpital Lebdouat",
        "@geometry": "center"
      },
      "geometry": {
        "type": "Point",
        "coordinates": [
          6.0773575,
          33.1113597
        ]
      },
      "id": "way/463053220"
    },
    {
      "type": "Feature",
      "properties": {
        "@id": "way/463112913",
        "addr:city": "El Madher",
        "amenity": "hospital",
        "name": "مستشفى الأمراض العقلية الجديد",
        "name:ar": "مستشفى الأمراض العقلية الجديد",
        "name:en": "New psychiatry hospital",
        "name:fr": "Nouvel hôpital psychiatrique",
        "@geometry": "center"
      },
      "geometry": {
        "type": "Point",
        "coordinates": [
          6.3834431,
          35.6265423
        ]
      },
      "id": "way/463112913"
    },
    {
      "type": "Feature",
      "properties": {
        "@id": "way/463542754",
        "addr:city": "آفلو",
        "amenity": "hospital",
        "emergency": "yes",
        "healthcare": "hospital",
        "name": "مستشفى آفلو",
        "name:ar": "مستشفى آفلو",
        "name:fr": "Hôpital",
        "@geometry": "center"
      },
      "geometry": {
        "type": "Point",
        "coordinates": [
          2.0942763,
          34.1168677
        ]
      },
      "id": "way/463542754"
    },
    {
      "type": "Feature",
      "properties": {
        "@id": "way/464069374",
        "amenity": "hospital",
        "@geometry": "center"
      },
      "geometry": {
        "type": "Point",
        "coordinates": [
          1.3585224,
          36.147645
        ]
      },
      "id": "way/464069374"
    },
    {
      "type": "Feature",
      "properties": {
        "@id": "way/464200318",
        "addr:city": "Tipaza",
        "addr:postcode": "42000",
        "amenity": "hospital",
        "emergency": "yes",
        "healthcare": "hospital",
        "name": "Hôpital de Tipaza",
        "name:ar": "مستشفى تيبازة",
        "name:fr": "Hôpital de Tipaza",
        "@geometry": "center"
      },
      "geometry": {
        "type": "Point",
        "coordinates": [
          2.4621748,
          36.5865753
        ]
      },
      "id": "way/464200318"
    },
    {
      "type": "Feature",
      "properties": {
        "@id": "way/465442490",
        "addr:city": "حمام الضلعة",
        "addr:city:ar": "حمام الضلعة",
        "amenity": "hospital",
        "healthcare": "hospital",
        "language:ar": "main",
        "@geometry": "center"
      },
      "geometry": {
        "type": "Point",
        "coordinates": [
          4.3762187,
          35.9209951
        ]
      },
      "id": "way/465442490"
    },
    {
      "type": "Feature",
      "properties": {
        "@id": "way/465848487",
        "amenity": "hospital",
        "name": "dispensaire",
        "@geometry": "center"
      },
      "geometry": {
        "type": "Point",
        "coordinates": [
          -1.5698673,
          34.7756745
        ]
      },
      "id": "way/465848487"
    },
    {
      "type": "Feature",
      "properties": {
        "@id": "way/465992627",
        "addr:city": "قديل",
        "addr:postcode": "31260",
        "addr:street": "Boulevard Assas Mohammed 1941-2016",
        "amenity": "hospital",
        "healthcare": "hospital",
        "name": "المؤسسة العمومية الاستشفائية الدكتور فرادي محمد بن عمار",
        "name:ar": "المؤسسة العمومية الاستشفائية الدكتور فرادي محمد بن عمار",
        "name:arq": "المؤسسة العمومية الاستشفائية الدكتور فرادي محمد بن عمار",
        "name:fr": "Etablissement Public Hospitalier Dr Fradi Mohamed Ben Ammar",
        "@geometry": "center"
      },
      "geometry": {
        "type": "Point",
        "coordinates": [
          -0.4164109,
          35.7871738
        ]
      },
      "id": "way/465992627"
    },
    {
      "type": "Feature",
      "properties": {
        "@id": "way/467494528",
        "amenity": "hospital",
        "name": "مستشفى زوي",
        "name:ar": "مستشفى زوي",
        "name:fr": "Hôpital de Zoui",
        "@geometry": "center"
      },
      "geometry": {
        "type": "Point",
        "coordinates": [
          7.3556469,
          35.2902976
        ]
      },
      "id": "way/467494528"
    },
    {
      "type": "Feature",
      "properties": {
        "@id": "way/468688132",
        "addr:city": "Djelfa",
        "addr:postcode": "17000",
        "amenity": "hospital",
        "name": "EHS Mother and Child Hospital",
        "name:ar": "مؤسسة حماية الطفولة و الأمومة",
        "@geometry": "center"
      },
      "geometry": {
        "type": "Point",
        "coordinates": [
          3.2488217,
          34.6672956
        ]
      },
      "id": "way/468688132"
    },
    {
      "type": "Feature",
      "properties": {
        "@id": "way/469201625",
        "addr:city": "Aïn Bessam",
        "amenity": "hospital",
        "name": "Hôpital de Aïn Bessam",
        "@geometry": "center"
      },
      "geometry": {
        "type": "Point",
        "coordinates": [
          3.6759555,
          36.2966344
        ]
      },
      "id": "way/469201625"
    },
    {
      "type": "Feature",
      "properties": {
        "@id": "way/469220176",
        "amenity": "hospital",
        "@geometry": "center"
      },
      "geometry": {
        "type": "Point",
        "coordinates": [
          3.5839117,
          36.2650509
        ]
      },
      "id": "way/469220176"
    },
    {
      "type": "Feature",
      "properties": {
        "@id": "way/470060592",
        "addr:city": "عمي موسى",
        "addr:city:ar": "عمي موسى",
        "amenity": "hospital",
        "beds": "120",
        "healthcare": "hospital",
        "name": "مستشفى بسعة 120 سرير",
        "name:ar": "مستشفى بسعة 120 سرير",
        "@geometry": "center"
      },
      "geometry": {
        "type": "Point",
        "coordinates": [
          1.1023736,
          35.8749917
        ]
      },
      "id": "way/470060592"
    },
    {
      "type": "Feature",
      "properties": {
        "@id": "way/470341078",
        "amenity": "hospital",
        "emergency": "no",
        "healthcare": "hospital",
        "healthcare:speciality": "general",
        "@geometry": "center"
      },
      "geometry": {
        "type": "Point",
        "coordinates": [
          5.8818581,
          36.7269546
        ]
      },
      "id": "way/470341078"
    },
    {
      "type": "Feature",
      "properties": {
        "@id": "way/472145483",
        "amenity": "hospital",
        "healthcare": "hospital",
        "healthcare:speciality": "oncology",
        "name": "Centre anti-cancer pour enfants",
        "name:ar": "مستشفى سرطان الأطفال",
        "name:fr": "Centre anti-cancer pour enfants",
        "@geometry": "center"
      },
      "geometry": {
        "type": "Point",
        "coordinates": [
          -0.6939036,
          35.6578661
        ]
      },
      "id": "way/472145483"
    },
    {
      "type": "Feature",
      "properties": {
        "@id": "way/472995906",
        "addr:city": "Laghouat",
        "amenity": "hospital",
        "healthcare": "hospital",
        "name": "مركز مكافحة السرطان",
        "name:ar": "مركز مكافحة السرطان",
        "name:en": "Anti-Cancer Center",
        "name:fr": "Centre Anti-Cancer",
        "@geometry": "center"
      },
      "geometry": {
        "type": "Point",
        "coordinates": [
          2.8467579,
          33.7904379
        ]
      },
      "id": "way/472995906"
    },
    {
      "type": "Feature",
      "properties": {
        "@id": "way/473620152",
        "amenity": "hospital",
        "name": "centre medical",
        "@geometry": "center"
      },
      "geometry": {
        "type": "Point",
        "coordinates": [
          5.7161383,
          36.2623073
        ]
      },
      "id": "way/473620152"
    },
    {
      "type": "Feature",
      "properties": {
        "@id": "way/473839238",
        "addr:city": "Taoura",
        "amenity": "hospital",
        "name": "Hôpital de Taoura",
        "@geometry": "center"
      },
      "geometry": {
        "type": "Point",
        "coordinates": [
          8.0344591,
          36.1692217
        ]
      },
      "id": "way/473839238"
    },
    {
      "type": "Feature",
      "properties": {
        "@id": "way/473889987",
        "addr:city": "Had Sahary",
        "amenity": "hospital",
        "name": "Hôpital",
        "@geometry": "center"
      },
      "geometry": {
        "type": "Point",
        "coordinates": [
          3.3655958,
          35.3544756
        ]
      },
      "id": "way/473889987"
    },
    {
      "type": "Feature",
      "properties": {
        "@id": "way/475102376",
        "amenity": "hospital",
        "name": "Polyclinique Rais",
        "name:ar": "مستوصف رايس",
        "@geometry": "center"
      },
      "geometry": {
        "type": "Point",
        "coordinates": [
          3.1261236,
          36.6113736
        ]
      },
      "id": "way/475102376"
    },
    {
      "type": "Feature",
      "properties": {
        "@id": "way/475665966",
        "addr:city": "Tanger",
        "addr:street": "Rue Indonesie",
        "amenity": "hospital",
        "fax": "+212 6 01 41 99 90",
        "healthcare": "hospital",
        "name": "Hôpital Mohammed VI",
        "operator": "hopital",
        "operator:type": "private",
        "@geometry": "center"
      },
      "geometry": {
        "type": "Point",
        "coordinates": [
          -5.8283569,
          35.7509724
        ]
      },
      "id": "way/475665966"
    },
    {
      "type": "Feature",
      "properties": {
        "@id": "way/477096434",
        "addr:city": "قربة",
        "amenity": "hospital",
        "healthcare": "hospital",
        "name": "مستشفى قربة",
        "name:ar": "مستشفى قربة",
        "name:fr": "Hôpital de Korba",
        "@geometry": "center"
      },
      "geometry": {
        "type": "Point",
        "coordinates": [
          10.8536811,
          36.5699301
        ]
      },
      "id": "way/477096434"
    },
    {
      "type": "Feature",
      "properties": {
        "@id": "way/477325464",
        "addr:city": "Amizour",
        "addr:postcode": "06300",
        "amenity": "hospital",
        "healthcare": "hospital",
        "name": "Hôpital Ben Merad El Meki",
        "name:ar": "مستشفى بن مَرّاد المَكِّي",
        "name:fr": "Hôpital Ben Merad El Meki",
        "name:kab": "Sbitar Ben Merad Lmeki",
        "@geometry": "center"
      },
      "geometry": {
        "type": "Point",
        "coordinates": [
          4.8944789,
          36.6411738
        ]
      },
      "id": "way/477325464"
    },
    {
      "type": "Feature",
      "properties": {
        "@id": "way/477373398",
        "amenity": "hospital",
        "name": "Salle de soins",
        "name:ar": "قاعة العلاج",
        "@geometry": "center"
      },
      "geometry": {
        "type": "Point",
        "coordinates": [
          3.0506745,
          36.7214021
        ]
      },
      "id": "way/477373398"
    },
    {
      "type": "Feature",
      "properties": {
        "@id": "way/478314146",
        "amenity": "hospital",
        "healthcare": "hospital",
        "name": "Polyclinique Ahadaf",
        "@geometry": "center"
      },
      "geometry": {
        "type": "Point",
        "coordinates": [
          -5.2227346,
          33.4427162
        ]
      },
      "id": "way/478314146"
    },
    {
      "type": "Feature",
      "properties": {
        "@id": "way/478319866",
        "addr:city": "Guelma",
        "addr:postcode": "24000",
        "amenity": "hospital",
        "healthcare": "hospital",
        "name": "Nouvel Hôpital de Guelma",
        "@geometry": "center"
      },
      "geometry": {
        "type": "Point",
        "coordinates": [
          7.4428076,
          36.4516763
        ]
      },
      "id": "way/478319866"
    },
    {
      "type": "Feature",
      "properties": {
        "@id": "way/478960842",
        "amenity": "hospital",
        "healthcare": "hospital",
        "@geometry": "center"
      },
      "geometry": {
        "type": "Point",
        "coordinates": [
          -3.8405878,
          35.1037181
        ]
      },
      "id": "way/478960842"
    },
    {
      "type": "Feature",
      "properties": {
        "@id": "way/479279697",
        "amenity": "hospital",
        "name": "Polylinque Bali Mohamed",
        "@geometry": "center"
      },
      "geometry": {
        "type": "Point",
        "coordinates": [
          2.9230245,
          36.761564
        ]
      },
      "id": "way/479279697"
    },
    {
      "type": "Feature",
      "properties": {
        "@id": "way/479755251",
        "addr:postcode": "45000",
        "addr:street": "Hay Al Mouquama",
        "amenity": "hospital",
        "emergency": "no",
        "healthcare": "hospital",
        "name": "Al moukawama",
        "@geometry": "center"
      },
      "geometry": {
        "type": "Point",
        "coordinates": [
          -6.9227422,
          30.9265586
        ]
      },
      "id": "way/479755251"
    },
    {
      "type": "Feature",
      "properties": {
        "@id": "way/480207937",
        "amenity": "hospital",
        "healthcare": "hospital",
        "name": "Centre de santé",
        "@geometry": "center"
      },
      "geometry": {
        "type": "Point",
        "coordinates": [
          4.1857555,
          36.3379053
        ]
      },
      "id": "way/480207937"
    },
    {
      "type": "Feature",
      "properties": {
        "@id": "way/480407359",
        "amenity": "hospital",
        "name": "Sanatorium Lalla Setti",
        "@geometry": "center"
      },
      "geometry": {
        "type": "Point",
        "coordinates": [
          -1.3035279,
          34.8633415
        ]
      },
      "id": "way/480407359"
    },
    {
      "type": "Feature",
      "properties": {
        "@id": "way/480486110",
        "amenity": "hospital",
        "healthcare": "hospital",
        "name": "Ambulatorio de Nueva Andalucia.",
        "@geometry": "center"
      },
      "geometry": {
        "type": "Point",
        "coordinates": [
          -4.9749153,
          36.5011609
        ]
      },
      "id": "way/480486110"
    },
    {
      "type": "Feature",
      "properties": {
        "@id": "way/482573247",
        "amenity": "hospital",
        "healthcare": "hospital",
        "@geometry": "center"
      },
      "geometry": {
        "type": "Point",
        "coordinates": [
          -5.1167979,
          33.5361164
        ]
      },
      "id": "way/482573247"
    },
    {
      "type": "Feature",
      "properties": {
        "@id": "way/482709055",
        "amenity": "hospital",
        "name": "Polyclinique 66 lgts",
        "@geometry": "center"
      },
      "geometry": {
        "type": "Point",
        "coordinates": [
          2.8462302,
          36.7148538
        ]
      },
      "id": "way/482709055"
    },
    {
      "type": "Feature",
      "properties": {
        "@id": "way/482709087",
        "addr:city": "Zéralda",
        "amenity": "hospital",
        "healthcare": "hospital",
        "name": "EPSP Zéralda",
        "name:fr": "EPSP Zéralda",
        "@geometry": "center"
      },
      "geometry": {
        "type": "Point",
        "coordinates": [
          2.8443378,
          36.7090928
        ]
      },
      "id": "way/482709087"
    },
    {
      "type": "Feature",
      "properties": {
        "@id": "way/482745795",
        "amenity": "hospital",
        "designation": "Pediatric hospital",
        "emergency": "yes",
        "healthcare": "hospital",
        "name": "Hopital Des Enfants/ CHU Ibn Sina",
        "@geometry": "center"
      },
      "geometry": {
        "type": "Point",
        "coordinates": [
          -6.8545196,
          33.9867479
        ]
      },
      "id": "way/482745795"
    },
    {
      "type": "Feature",
      "properties": {
        "@id": "way/482939911",
        "amenity": "hospital",
        "name": "Salle de soins Mazafran",
        "@geometry": "center"
      },
      "geometry": {
        "type": "Point",
        "coordinates": [
          2.8351983,
          36.6992703
        ]
      },
      "id": "way/482939911"
    },
    {
      "type": "Feature",
      "properties": {
        "@id": "way/482940197",
        "amenity": "hospital",
        "healthcare": "hospital",
        "name": "Salle de soin",
        "@geometry": "center"
      },
      "geometry": {
        "type": "Point",
        "coordinates": [
          2.8349642,
          36.6760124
        ]
      },
      "id": "way/482940197"
    },
    {
      "type": "Feature",
      "properties": {
        "@id": "way/483051965",
        "addr:city": "Draâ El Mizan",
        "addr:city:ar": "ذراع الميزان",
        "amenity": "hospital",
        "healthcare": "hospital",
        "name": "Hôpital Krim Belkacem",
        "name:ar": "مستشفى كريم بلقاسم",
        "@geometry": "center"
      },
      "geometry": {
        "type": "Point",
        "coordinates": [
          3.8304304,
          36.5318343
        ]
      },
      "id": "way/483051965"
    },
    {
      "type": "Feature",
      "properties": {
        "@id": "way/483129334",
        "amenity": "hospital",
        "name": "Salle de Soin",
        "@geometry": "center"
      },
      "geometry": {
        "type": "Point",
        "coordinates": [
          2.9165682,
          36.7169905
        ]
      },
      "id": "way/483129334"
    },
    {
      "type": "Feature",
      "properties": {
        "@id": "way/483429622",
        "amenity": "hospital",
        "emergency": "yes",
        "name": "Hospital Hospiten de Estepona",
        "wikidata": "Q87762182",
        "@geometry": "center"
      },
      "geometry": {
        "type": "Point",
        "coordinates": [
          -5.0842368,
          36.4528265
        ]
      },
      "id": "way/483429622"
    },
    {
      "type": "Feature",
      "properties": {
        "@id": "way/483562437",
        "addr:street": "Boulevard Panoramique",
        "amenity": "hospital",
        "building": "commercial",
        "healthcare": "hospital",
        "name": "Ajial Hôpital Pédiatrique",
        "source": "Kaart Ground Survey 2018",
        "@geometry": "center"
      },
      "geometry": {
        "type": "Point",
        "coordinates": [
          -7.6082648,
          33.5521
        ]
      },
      "id": "way/483562437"
    },
    {
      "type": "Feature",
      "properties": {
        "@id": "way/484025889",
        "amenity": "hospital",
        "name": "Salle de soins",
        "@geometry": "center"
      },
      "geometry": {
        "type": "Point",
        "coordinates": [
          2.9702294,
          36.6977256
        ]
      },
      "id": "way/484025889"
    },
    {
      "type": "Feature",
      "properties": {
        "@id": "way/484204214",
        "addr:city": "Tétouan",
        "addr:street": "Av. Abdelkhalek Torres",
        "amenity": "hospital",
        "fax": "+212 5 35 99 87 50",
        "healthcare": "hospital",
        "name": "Hôpital Sanyat Rmel",
        "@geometry": "center"
      },
      "geometry": {
        "type": "Point",
        "coordinates": [
          -5.3556967,
          35.5732887
        ]
      },
      "id": "way/484204214"
    },
    {
      "type": "Feature",
      "properties": {
        "@id": "way/485023702",
        "amenity": "hospital",
        "healthcare": "hospital",
        "name": "Hospital Bouizamarn",
        "@geometry": "center"
      },
      "geometry": {
        "type": "Point",
        "coordinates": [
          -8.8819407,
          30.4750672
        ]
      },
      "id": "way/485023702"
    },
    {
      "type": "Feature",
      "properties": {
        "@id": "way/486225138",
        "amenity": "hospital",
        "building:levels": "2",
        "healthcare": "hospital",
        "name": "Dispensaire Slimani slimane",
        "@geometry": "center"
      },
      "geometry": {
        "type": "Point",
        "coordinates": [
          2.8940397,
          35.4492058
        ]
      },
      "id": "way/486225138"
    },
    {
      "type": "Feature",
      "properties": {
        "@id": "way/491000921",
        "amenity": "hospital",
        "building:levels": "1",
        "emergency": "yes",
        "@geometry": "center"
      },
      "geometry": {
        "type": "Point",
        "coordinates": [
          2.4393528,
          35.4186809
        ]
      },
      "id": "way/491000921"
    },
    {
      "type": "Feature",
      "properties": {
        "@id": "way/491009053",
        "amenity": "hospital",
        "name": "مستوصف",
        "name:ar": "مستوصف",
        "name:fr": "Dispensaire",
        "@geometry": "center"
      },
      "geometry": {
        "type": "Point",
        "coordinates": [
          2.4456939,
          35.3639121
        ]
      },
      "id": "way/491009053"
    },
    {
      "type": "Feature",
      "properties": {
        "@id": "way/491821368",
        "addr:housenumber": "حي 8 ماي 45",
        "amenity": "hospital",
        "name": "قاعة علاج",
        "name:ar": "قاعة علاج",
        "@geometry": "center"
      },
      "geometry": {
        "type": "Point",
        "coordinates": [
          4.1613187,
          34.8535581
        ]
      },
      "id": "way/491821368"
    },
    {
      "type": "Feature",
      "properties": {
        "@id": "way/496185749",
        "amenity": "hospital",
        "healthcare": "hospital",
        "name": "عيادة 500 مسكن",
        "name:ar": "عيادة 500 مسكن",
        "@geometry": "center"
      },
      "geometry": {
        "type": "Point",
        "coordinates": [
          4.5474873,
          35.7158289
        ]
      },
      "id": "way/496185749"
    },
    {
      "type": "Feature",
      "properties": {
        "@id": "way/499062097",
        "amenity": "hospital",
        "@geometry": "center"
      },
      "geometry": {
        "type": "Point",
        "coordinates": [
          10.1912732,
          36.9000249
        ]
      },
      "id": "way/499062097"
    },
    {
      "type": "Feature",
      "properties": {
        "@id": "way/500196389",
        "addr:district": "Taourirt",
        "amenity": "hospital",
        "emergency": "no",
        "healthcare": "hospital",
        "name": "centre hospitalier Ibn SINA",
        "@geometry": "center"
      },
      "geometry": {
        "type": "Point",
        "coordinates": [
          -2.9095017,
          34.4011923
        ]
      },
      "id": "way/500196389"
    },
    {
      "type": "Feature",
      "properties": {
        "@id": "way/500196390",
        "addr:district": "Taourirt",
        "amenity": "hospital",
        "emergency": "no",
        "healthcare": "hospital",
        "name": "centre Hemodialyse",
        "@geometry": "center"
      },
      "geometry": {
        "type": "Point",
        "coordinates": [
          -2.8884218,
          34.4028285
        ]
      },
      "id": "way/500196390"
    },
    {
      "type": "Feature",
      "properties": {
        "@id": "way/500196391",
        "addr:city": "Taourirt تاوريرت",
        "addr:district": "Taourirt",
        "amenity": "hospital",
        "emergency": "yes",
        "healthcare": "hospital",
        "name": "clinique privé Arrahma",
        "@geometry": "center"
      },
      "geometry": {
        "type": "Point",
        "coordinates": [
          -2.9165323,
          34.4150868
        ]
      },
      "id": "way/500196391"
    },
    {
      "type": "Feature",
      "properties": {
        "@id": "way/500196392",
        "addr:district": "Taourirt",
        "amenity": "hospital",
        "emergency": "no",
        "healthcare": "hospital",
        "name": "centre de diagnostique polyvalent",
        "@geometry": "center"
      },
      "geometry": {
        "type": "Point",
        "coordinates": [
          -2.8937858,
          34.4000945
        ]
      },
      "id": "way/500196392"
    },
    {
      "type": "Feature",
      "properties": {
        "@id": "way/500196393",
        "addr:district": "Taourirt",
        "amenity": "hospital",
        "emergency": "yes",
        "healthcare": "hospital",
        "name": "Moulay Ali Cherif",
        "@geometry": "center"
      },
      "geometry": {
        "type": "Point",
        "coordinates": [
          -2.8937186,
          34.3997009
        ]
      },
      "id": "way/500196393"
    },
    {
      "type": "Feature",
      "properties": {
        "@id": "way/500196394",
        "addr:city": "Taurirt",
        "addr:district": "Taourirt",
        "amenity": "hospital",
        "emergency": "yes",
        "healthcare": "hospital",
        "name": "Hopital Provincial Taourirt",
        "name:es": "Hospital Provincial de Taurirt",
        "@geometry": "center"
      },
      "geometry": {
        "type": "Point",
        "coordinates": [
          -2.8905053,
          34.4131147
        ]
      },
      "id": "way/500196394"
    },
    {
      "type": "Feature",
      "properties": {
        "@id": "way/500196395",
        "addr:district": "Taourirt",
        "amenity": "hospital",
        "emergency": "no",
        "healthcare": "hospital",
        "name": "hopital Assalam",
        "@geometry": "center"
      },
      "geometry": {
        "type": "Point",
        "coordinates": [
          -2.8816988,
          34.4007426
        ]
      },
      "id": "way/500196395"
    },
    {
      "type": "Feature",
      "properties": {
        "@id": "way/500196396",
        "addr:district": "Taourirt",
        "amenity": "hospital",
        "emergency": "no",
        "healthcare": "hospital",
        "name": "centre médical Moukhtar soussi",
        "@geometry": "center"
      },
      "geometry": {
        "type": "Point",
        "coordinates": [
          -2.899355,
          34.406813
        ]
      },
      "id": "way/500196396"
    },
    {
      "type": "Feature",
      "properties": {
        "@id": "way/500543675",
        "amenity": "hospital",
        "healthcare": "hospital",
        "name": "Dispensaire",
        "@geometry": "center"
      },
      "geometry": {
        "type": "Point",
        "coordinates": [
          9.7186461,
          36.7548306
        ]
      },
      "id": "way/500543675"
    },
    {
      "type": "Feature",
      "properties": {
        "@id": "way/502390473",
        "amenity": "hospital",
        "emergency": "yes",
        "healthcare": "hospital",
        "name": "مستشفى",
        "name:ar": "مستشفى",
        "@geometry": "center"
      },
      "geometry": {
        "type": "Point",
        "coordinates": [
          3.7768694,
          35.8766765
        ]
      },
      "id": "way/502390473"
    },
    {
      "type": "Feature",
      "properties": {
        "@id": "way/502749024",
        "amenity": "hospital",
        "@geometry": "center"
      },
      "geometry": {
        "type": "Point",
        "coordinates": [
          5.74121,
          34.8589888
        ]
      },
      "id": "way/502749024"
    },
    {
      "type": "Feature",
      "properties": {
        "@id": "way/504405670",
        "addr:city": "Mohammedia",
        "amenity": "hospital",
        "healthcare": "hospital",
        "name": "Polyclinique CNSS",
        "@geometry": "center"
      },
      "geometry": {
        "type": "Point",
        "coordinates": [
          -7.3982014,
          33.7012169
        ]
      },
      "id": "way/504405670"
    },
    {
      "type": "Feature",
      "properties": {
        "@id": "way/506799137",
        "addr:city": "مقرة",
        "addr:city:ar": "مقرة",
        "amenity": "hospital",
        "healthcare": "hospital",
        "@geometry": "center"
      },
      "geometry": {
        "type": "Point",
        "coordinates": [
          5.0843525,
          35.6167894
        ]
      },
      "id": "way/506799137"
    },
    {
      "type": "Feature",
      "properties": {
        "@id": "way/511059739",
        "addr:city": "Tanger",
        "addr:street": "Rue 14 زنقة",
        "amenity": "hospital",
        "fax": "+212 6 49 65 29 95",
        "healthcare": "hospital",
        "name": "Polyclinique CNSS",
        "@geometry": "center"
      },
      "geometry": {
        "type": "Point",
        "coordinates": [
          -5.770132,
          35.7753803
        ]
      },
      "id": "way/511059739"
    },
    {
      "type": "Feature",
      "properties": {
        "@id": "way/514045216",
        "amenity": "hospital",
        "healthcare": "hospital",
        "name": "Ammas n Tujjya d Tazmert Gerib Mulud",
        "@geometry": "center"
      },
      "geometry": {
        "type": "Point",
        "coordinates": [
          4.1173015,
          36.6053047
        ]
      },
      "id": "way/514045216"
    },
    {
      "type": "Feature",
      "properties": {
        "@id": "way/517916810",
        "amenity": "hospital",
        "healthcare": "hospital",
        "name": "Hopital Cheghoub Abdellah",
        "@geometry": "center"
      },
      "geometry": {
        "type": "Point",
        "coordinates": [
          5.4965122,
          36.3657124
        ]
      },
      "id": "way/517916810"
    },
    {
      "type": "Feature",
      "properties": {
        "@id": "way/517966809",
        "amenity": "hospital",
        "building": "yes",
        "name": "العيادة متعددة الخدمات مدريسة - الشهيد بوحفص محمود",
        "name:ar": "مستشفى",
        "@geometry": "center"
      },
      "geometry": {
        "type": "Point",
        "coordinates": [
          1.2398664,
          34.8958043
        ]
      },
      "id": "way/517966809"
    },
    {
      "type": "Feature",
      "properties": {
        "@id": "way/519061847",
        "amenity": "hospital",
        "healthcare": "hospital",
        "name": "Centre Hospitalier Préfectoral de Ben M'Sick",
        "@geometry": "center"
      },
      "geometry": {
        "type": "Point",
        "coordinates": [
          -7.5779945,
          33.5523382
        ]
      },
      "id": "way/519061847"
    },
    {
      "type": "Feature",
      "properties": {
        "@id": "way/519591128",
        "amenity": "hospital",
        "name": "Mohamed Echebouki",
        "@geometry": "center"
      },
      "geometry": {
        "type": "Point",
        "coordinates": [
          7.7478491,
          35.2610981
        ]
      },
      "id": "way/519591128"
    },
    {
      "type": "Feature",
      "properties": {
        "@id": "way/520555721",
        "amenity": "hospital",
        "healthcare": "hospital",
        "@geometry": "center"
      },
      "geometry": {
        "type": "Point",
        "coordinates": [
          -7.544044,
          33.5805795
        ]
      },
      "id": "way/520555721"
    },
    {
      "type": "Feature",
      "properties": {
        "@id": "way/521241282",
        "addr:city": "Kasserine",
        "amenity": "hospital",
        "healthcare": "hospital",
        "name": "المستشفى الجهوي بالقصرين",
        "name:ar": "المستشفى الجهوي بالقصرين",
        "name:fr": "Hôpital Régional de Kasserine",
        "phone": "+216 77 474 910",
        "@geometry": "center"
      },
      "geometry": {
        "type": "Point",
        "coordinates": [
          8.7923786,
          35.1760186
        ]
      },
      "id": "way/521241282"
    },
    {
      "type": "Feature",
      "properties": {
        "@id": "way/521476354",
        "addr:city": "Casablanca ⵜⴰⴷⴷⴰⵔⵜ ⵜⵓⵎⵍⵉⵍⵜ الدار البيضاء",
        "addr:street": "Boulevard d'Oued Oum Rabia",
        "amenity": "hospital",
        "healthcare": "hospital",
        "name": "Polyclinique CNSS Hay Hassani مصحة الضمان الإجتماعي الحي الحسني",
        "name:ar": "مصحة الضمان الإجتماعي الحي الحسني",
        "name:fr": "Polyclinique CNSS Hay Hassani",
        "operator": "CNSS",
        "operator:type": "public",
        "@geometry": "center"
      },
      "geometry": {
        "type": "Point",
        "coordinates": [
          -7.6685901,
          33.5669922
        ]
      },
      "id": "way/521476354"
    },
    {
      "type": "Feature",
      "properties": {
        "@id": "way/522218212",
        "amenity": "hospital",
        "name": "CSREF",
        "@geometry": "center"
      },
      "geometry": {
        "type": "Point",
        "coordinates": [
          1.8447169,
          19.349005
        ]
      },
      "id": "way/522218212"
    },
    {
      "type": "Feature",
      "properties": {
        "@id": "way/522407308",
        "addr:street": "الشرقية 1",
        "amenity": "hospital",
        "building": "hospital",
        "height": "32",
        "name": "مصحة باستور",
        "name:ar": "مصحة باستور",
        "name:en": "Clinic Pasteur",
        "name:fr": "Pasteur;Polyclinique pasteur",
        "@geometry": "center"
      },
      "geometry": {
        "type": "Point",
        "coordinates": [
          10.1986852,
          36.8492
        ]
      },
      "id": "way/522407308"
    },
    {
      "type": "Feature",
      "properties": {
        "@id": "way/527141171",
        "amenity": "hospital",
        "emergency": "yes",
        "name": "Hôpital Téboulba",
        "@geometry": "center"
      },
      "geometry": {
        "type": "Point",
        "coordinates": [
          10.9693569,
          35.6414277
        ]
      },
      "id": "way/527141171"
    },
    {
      "type": "Feature",
      "properties": {
        "@id": "way/527653931",
        "amenity": "hospital",
        "name": "مستوصف السكرين - الرحمة",
        "name:ar": "مستوصف السكرين - الرحمة",
        "@geometry": "center"
      },
      "geometry": {
        "type": "Point",
        "coordinates": [
          10.9490526,
          35.6519269
        ]
      },
      "id": "way/527653931"
    },
    {
      "type": "Feature",
      "properties": {
        "@id": "way/527684990",
        "amenity": "hospital",
        "healthcare": "hospital",
        "@geometry": "center"
      },
      "geometry": {
        "type": "Point",
        "coordinates": [
          10.1841868,
          24.9593767
        ]
      },
      "id": "way/527684990"
    },
    {
      "type": "Feature",
      "properties": {
        "@id": "way/530892959",
        "addr:city": "rue mohamed el hansali fes",
        "amenity": "hospital",
        "healthcare": "hospital",
        "name": "Croissant rouge marocain",
        "phone": "+212 5 35 62 40 42",
        "@geometry": "center"
      },
      "geometry": {
        "type": "Point",
        "coordinates": [
          -5.0006078,
          34.0382154
        ]
      },
      "id": "way/530892959"
    },
    {
      "type": "Feature",
      "properties": {
        "@id": "way/532932977",
        "addr:housenumber": "6",
        "addr:street": "Avenida Santa María de la Alhambra",
        "amenity": "hospital",
        "email": "international.granada@vithas.es",
        "healthcare": "hospital",
        "name": "Vithas Granada",
        "phone": "+34 958 80 88 80",
        "source": "https://vithas.es/Granada/home",
        "website": "https://vithas.es",
        "wikidata": "Q87761817",
        "@geometry": "center"
      },
      "geometry": {
        "type": "Point",
        "coordinates": [
          -3.5727364,
          37.1646963
        ]
      },
      "id": "way/532932977"
    },
    {
      "type": "Feature",
      "properties": {
        "@id": "way/533557005",
        "alt_name": "Hospital provincial",
        "amenity": "hospital",
        "building": "yes",
        "healthcare": "hospital",
        "name": "Centro de Alta Resolución Nicolás Salmerón",
        "phone": "+34 950 03 40 23",
        "wikidata": "Q109289151",
        "@geometry": "center"
      },
      "geometry": {
        "type": "Point",
        "coordinates": [
          -2.4680729,
          36.8369098
        ]
      },
      "id": "way/533557005"
    },
    {
      "type": "Feature",
      "properties": {
        "@id": "way/533688833",
        "amenity": "hospital",
        "healthcare": "hospital",
        "name": "مصلحة الولادة ⴰⵎⵎⴰⵙ ⵏ ⵜⵉⵎⵙⴻⵡⵜⵓⵜ",
        "name:ar": "مصلحة الولادة",
        "name:ber": "ⴰⵎⵎⴰⵙ ⵏ ⵜⵉⵎⵙⴻⵡⵜⵓⵜ",
        "name:fr": "Maternité",
        "@geometry": "center"
      },
      "geometry": {
        "type": "Point",
        "coordinates": [
          7.1421134,
          35.4302374
        ]
      },
      "id": "way/533688833"
    },
    {
      "type": "Feature",
      "properties": {
        "@id": "way/533829327",
        "addr:street": "Av Allal El Fassi Avenue de La Liberte, Fès, Maroc",
        "alt_name": "Hopital Bab Lahdid",
        "amenity": "hospital",
        "healthcare": "hospital",
        "name": "Hôpital Omar Drissi",
        "name:en": "Omar Drissi Hospital",
        "@geometry": "center"
      },
      "geometry": {
        "type": "Point",
        "coordinates": [
          -4.9814196,
          34.0573836
        ]
      },
      "id": "way/533829327"
    },
    {
      "type": "Feature",
      "properties": {
        "@id": "way/534630496",
        "addr:city": "Batna",
        "addr:postcode": "05000",
        "amenity": "hospital",
        "healthcare": "sanatorium",
        "name": "Sanatorium EPH Batna",
        "@geometry": "center"
      },
      "geometry": {
        "type": "Point",
        "coordinates": [
          6.182601,
          35.5558881
        ]
      },
      "id": "way/534630496"
    },
    {
      "type": "Feature",
      "properties": {
        "@id": "way/538380905",
        "amenity": "hospital",
        "healthcare": "hospital",
        "name": "L'Hôpital Mohamed V",
        "@geometry": "center"
      },
      "geometry": {
        "type": "Point",
        "coordinates": [
          -4.8360052,
          33.8269203
        ]
      },
      "id": "way/538380905"
    },
    {
      "type": "Feature",
      "properties": {
        "@id": "way/539418436",
        "amenity": "hospital",
        "healthcare": "hospital",
        "@geometry": "center"
      },
      "geometry": {
        "type": "Point",
        "coordinates": [
          10.573109,
          35.7369186
        ]
      },
      "id": "way/539418436"
    },
    {
      "type": "Feature",
      "properties": {
        "@id": "way/539615365",
        "amenity": "hospital",
        "healthcare": "hospital",
        "@geometry": "center"
      },
      "geometry": {
        "type": "Point",
        "coordinates": [
          10.5820345,
          35.7274707
        ]
      },
      "id": "way/539615365"
    },
    {
      "type": "Feature",
      "properties": {
        "@id": "way/539806962",
        "addr:city": "تنس",
        "addr:city:ar": "تنس",
        "addr:place": "الشعارير",
        "addr:place:ar": "الشعارير",
        "amenity": "hospital",
        "healthcare": "hospital",
        "name": "Polyclinique Chaarir قاعة العلاج الشعارير",
        "name:ar": "قاعة العلاج الشعارير",
        "name:fr": "Polyclinique Chaarir",
        "@geometry": "center"
      },
      "geometry": {
        "type": "Point",
        "coordinates": [
          1.2770103,
          36.5041052
        ]
      },
      "id": "way/539806962"
    },
    {
      "type": "Feature",
      "properties": {
        "@id": "way/539982933",
        "amenity": "hospital",
        "building": "hospital",
        "name": "المركز العلاجي الوسيط لامروج 2",
        "name:ar": "المركز العلاجي الوسيط لامروج 2",
        "name:fr": "Hopital intermediaire Mourouj 2",
        "@geometry": "center"
      },
      "geometry": {
        "type": "Point",
        "coordinates": [
          10.1970051,
          36.7419579
        ]
      },
      "id": "way/539982933"
    },
    {
      "type": "Feature",
      "properties": {
        "@id": "way/540711290",
        "amenity": "hospital",
        "healthcare": "hospital",
        "@geometry": "center"
      },
      "geometry": {
        "type": "Point",
        "coordinates": [
          10.581318,
          35.7221586
        ]
      },
      "id": "way/540711290"
    },
    {
      "type": "Feature",
      "properties": {
        "@id": "way/543923464",
        "amenity": "hospital",
        "healthcare": "hospital",
        "@geometry": "center"
      },
      "geometry": {
        "type": "Point",
        "coordinates": [
          2.9028759,
          35.4499603
        ]
      },
      "id": "way/543923464"
    },
    {
      "type": "Feature",
      "properties": {
        "@id": "way/546631427",
        "addr:city": "ﺗﻴﻤﻴﻤﻮن",
        "amenity": "hospital",
        "healthcare": "hospital",
        "@geometry": "center"
      },
      "geometry": {
        "type": "Point",
        "coordinates": [
          0.2274755,
          29.2616078
        ]
      },
      "id": "way/546631427"
    },
    {
      "type": "Feature",
      "properties": {
        "@id": "way/548814807",
        "amenity": "hospital",
        "@geometry": "center"
      },
      "geometry": {
        "type": "Point",
        "coordinates": [
          2.8883234,
          36.7311954
        ]
      },
      "id": "way/548814807"
    },
    {
      "type": "Feature",
      "properties": {
        "@id": "way/549578602",
        "amenity": "hospital",
        "healthcare": "hospital",
        "@geometry": "center"
      },
      "geometry": {
        "type": "Point",
        "coordinates": [
          5.7303831,
          34.8402927
        ]
      },
      "id": "way/549578602"
    },
    {
      "type": "Feature",
      "properties": {
        "@id": "way/549625981",
        "addr:city": "Aïn Témouchent",
        "addr:city:fr": "Aïn Témouchent",
        "addr:postcode": "46000",
        "addr:street": "Rue Ould Belaïd Mohamed",
        "addr:street:fr": "Rue Ould Belaïd Mohamed",
        "amenity": "hospital",
        "emergency": "yes",
        "healthcare": "hospital",
        "name": "UMC (Les urgences)",
        "name:fr": "UMC (Les urgences)",
        "operator": "Ministère de la Santé",
        "operator:fr": "Ministère de la Santé",
        "operator:type": "university",
        "operator:wikidata": "Q17639127",
        "operator:wikipedia": "fr:Ministère de la Santé (Algérie)",
        "@geometry": "center"
      },
      "geometry": {
        "type": "Point",
        "coordinates": [
          -1.1404674,
          35.3000381
        ]
      },
      "id": "way/549625981"
    },
    {
      "type": "Feature",
      "properties": {
        "@id": "way/550221583",
        "amenity": "hospital",
        "emergency": "no",
        "healthcare": "hospital",
        "@geometry": "center"
      },
      "geometry": {
        "type": "Point",
        "coordinates": [
          -1.1280521,
          35.2946947
        ]
      },
      "id": "way/550221583"
    },
    {
      "type": "Feature",
      "properties": {
        "@id": "way/550252471",
        "amenity": "hospital",
        "healthcare": "hospital",
        "name": "Centre médical",
        "name:fr": "Centre médical",
        "@geometry": "center"
      },
      "geometry": {
        "type": "Point",
        "coordinates": [
          -1.1526064,
          35.3007016
        ]
      },
      "id": "way/550252471"
    },
    {
      "type": "Feature",
      "properties": {
        "@id": "way/550314465",
        "amenity": "hospital",
        "building": "yes",
        "building:levels": "2",
        "name": "Centre médical de la police",
        "@geometry": "center"
      },
      "geometry": {
        "type": "Point",
        "coordinates": [
          3.8875107,
          36.3770573
        ]
      },
      "id": "way/550314465"
    },
    {
      "type": "Feature",
      "properties": {
        "@id": "way/550337582",
        "addr:city": "bouira",
        "amenity": "hospital",
        "emergency": "no",
        "healthcare": "dispensory",
        "healthcare:speciality": "general",
        "name": "Centre de santé",
        "@geometry": "center"
      },
      "geometry": {
        "type": "Point",
        "coordinates": [
          3.8827493,
          36.3759868
        ]
      },
      "id": "way/550337582"
    },
    {
      "type": "Feature",
      "properties": {
        "@id": "way/551526310",
        "addr:city": "Bouira",
        "addr:street": "Rue Amirouche Mouloud",
        "amenity": "hospital",
        "building": "yes",
        "building:levels": "4",
        "name": "Etablissement public de santé de proximité",
        "operator": "public",
        "@geometry": "center"
      },
      "geometry": {
        "type": "Point",
        "coordinates": [
          3.9005767,
          36.3812413
        ]
      },
      "id": "way/551526310"
    },
    {
      "type": "Feature",
      "properties": {
        "@id": "way/552167928",
        "amenity": "hospital",
        "healthcare": "hospital",
        "name": "مستشفى الشارف",
        "name:ar": "مستشفى الشارف",
        "@geometry": "center"
      },
      "geometry": {
        "type": "Point",
        "coordinates": [
          2.8069894,
          34.6188325
        ]
      },
      "id": "way/552167928"
    },
    {
      "type": "Feature",
      "properties": {
        "@id": "way/554235723",
        "amenity": "hospital",
        "name": "Polyclinique de Sebbala",
        "@geometry": "center"
      },
      "geometry": {
        "type": "Point",
        "coordinates": [
          3.013063,
          36.71496
        ]
      },
      "id": "way/554235723"
    },
    {
      "type": "Feature",
      "properties": {
        "@id": "way/558871122",
        "amenity": "hospital",
        "healthcare": "hospital",
        "name": "مستوصف الفاضلين",
        "name:ar": "مستوصف الفاضلين",
        "@geometry": "center"
      },
      "geometry": {
        "type": "Point",
        "coordinates": [
          10.9905104,
          35.6413449
        ]
      },
      "id": "way/558871122"
    },
    {
      "type": "Feature",
      "properties": {
        "@id": "way/560399388",
        "amenity": "hospital",
        "building": "yes",
        "building:levels": "6",
        "healthcare": "hospital",
        "name": "Centre Medicale",
        "@geometry": "center"
      },
      "geometry": {
        "type": "Point",
        "coordinates": [
          3.5956615,
          36.5664164
        ]
      },
      "id": "way/560399388"
    },
    {
      "type": "Feature",
      "properties": {
        "@id": "way/560399389",
        "amenity": "hospital",
        "building": "yes",
        "building:levels": "5",
        "healthcare": "hospital",
        "name": "Hoplital Lakhdaria",
        "@geometry": "center"
      },
      "geometry": {
        "type": "Point",
        "coordinates": [
          3.5963773,
          36.5670942
        ]
      },
      "id": "way/560399389"
    },
    {
      "type": "Feature",
      "properties": {
        "@id": "way/560399390",
        "amenity": "hospital",
        "building": "yes",
        "building:levels": "4",
        "healthcare": "hospital",
        "name": "Hoplital Lakhdaria",
        "@geometry": "center"
      },
      "geometry": {
        "type": "Point",
        "coordinates": [
          3.5960602,
          36.5668594
        ]
      },
      "id": "way/560399390"
    },
    {
      "type": "Feature",
      "properties": {
        "@id": "way/561184067",
        "addr:city": "فاس",
        "amenity": "hospital",
        "healthcare": "hospital",
        "name": "مستشفى ابن البتطار",
        "name:ar": "مستشفى ابن البتطار",
        "@geometry": "center"
      },
      "geometry": {
        "type": "Point",
        "coordinates": [
          -4.9847657,
          34.0425666
        ]
      },
      "id": "way/561184067"
    },
    {
      "type": "Feature",
      "properties": {
        "@id": "way/561771007",
        "addr:city": "Mostaganem",
        "amenity": "hospital",
        "healthcare": "hospital",
        "name": "Hôpital de Kharouba",
        "name:ar": "مستشفى خروبة",
        "name:fr": "Hôpital de Kharouba",
        "@geometry": "center"
      },
      "geometry": {
        "type": "Point",
        "coordinates": [
          0.1045488,
          35.9626168
        ]
      },
      "id": "way/561771007"
    },
    {
      "type": "Feature",
      "properties": {
        "@id": "way/561870393",
        "amenity": "hospital",
        "building": "yes",
        "building:levels": "3",
        "name": "Hôpital becheloul",
        "operator": "public",
        "@geometry": "center"
      },
      "geometry": {
        "type": "Point",
        "coordinates": [
          4.0684324,
          36.3128287
        ]
      },
      "id": "way/561870393"
    },
    {
      "type": "Feature",
      "properties": {
        "@id": "way/562426300",
        "amenity": "hospital",
        "building": "yes",
        "healthcare": "hospital",
        "name": "مستشفى",
        "name:ar": "مستشفى",
        "name:fr": "Hôpital",
        "@geometry": "center"
      },
      "geometry": {
        "type": "Point",
        "coordinates": [
          5.5276372,
          22.798148
        ]
      },
      "id": "way/562426300"
    },
    {
      "type": "Feature",
      "properties": {
        "@id": "way/564140925",
        "addr:city": "تونس",
        "addr:city:ar": "تونس",
        "addr:street": "شارع ابن الخطيب",
        "amenity": "hospital",
        "healthcare": "hospital",
        "name": "صيدلية الليل",
        "name:ar": "صيدلية الليل",
        "name:fr": "Pharmacie de nuit",
        "@geometry": "center"
      },
      "geometry": {
        "type": "Point",
        "coordinates": [
          10.1395882,
          36.824732
        ]
      },
      "id": "way/564140925"
    },
    {
      "type": "Feature",
      "properties": {
        "@id": "way/564140926",
        "addr:city": "تونس",
        "addr:city:ar": "تونس",
        "addr:street": "شارع ابن الخطيب",
        "amenity": "hospital",
        "healthcare": "hospital",
        "name": "صيدلية اليوم",
        "name:ar": "صيدلية اليوم",
        "name:fr": "Pharmacie du jour",
        "@geometry": "center"
      },
      "geometry": {
        "type": "Point",
        "coordinates": [
          10.1394206,
          36.8249191
        ]
      },
      "id": "way/564140926"
    },
    {
      "type": "Feature",
      "properties": {
        "@id": "way/564595560",
        "amenity": "hospital",
        "building": "yes",
        "building:levels": "3",
        "healthcare:speciality": "polyclinic",
        "name": "Hadiouch Saleh Polyclinic",
        "@geometry": "center"
      },
      "geometry": {
        "type": "Point",
        "coordinates": [
          3.6693993,
          36.2956248
        ]
      },
      "id": "way/564595560"
    },
    {
      "type": "Feature",
      "properties": {
        "@id": "way/564595564",
        "amenity": "hospital",
        "healthcare": "hospital",
        "name": "Polyclinique",
        "@geometry": "center"
      },
      "geometry": {
        "type": "Point",
        "coordinates": [
          3.6694024,
          36.2954699
        ]
      },
      "id": "way/564595564"
    },
    {
      "type": "Feature",
      "properties": {
        "@id": "way/564951388",
        "addr:city": "Tanger",
        "addr:street": "Rue Mahatma Gandi",
        "amenity": "hospital",
        "fax": "+212 6 90 45 11 76",
        "healthcare": "hospital",
        "name": "Hôpital Espagnol",
        "operator": "hopital",
        "operator:type": "public",
        "@geometry": "center"
      },
      "geometry": {
        "type": "Point",
        "coordinates": [
          -5.8225022,
          35.7782078
        ]
      },
      "id": "way/564951388"
    },
    {
      "type": "Feature",
      "properties": {
        "@id": "way/565137244",
        "amenity": "hospital",
        "healthcare": "hospital",
        "name": "Centre De Santé Aïn El Hadjar",
        "@geometry": "center"
      },
      "geometry": {
        "type": "Point",
        "coordinates": [
          3.8113091,
          36.3408463
        ]
      },
      "id": "way/565137244"
    },
    {
      "type": "Feature",
      "properties": {
        "@id": "way/570977315",
        "amenity": "hospital",
        "healthcare": "hospital",
        "healthcare:speciality": "psychiatry",
        "name": "Hôpital psychiatrique مستشفى الأمراض العقلية",
        "name:ar": "مستشفى الأمراض العقلية",
        "name:fr": "Hôpital psychiatrique",
        "@geometry": "center"
      },
      "geometry": {
        "type": "Point",
        "coordinates": [
          6.2884679,
          36.2501465
        ]
      },
      "id": "way/570977315"
    },
    {
      "type": "Feature",
      "properties": {
        "@id": "way/573277819",
        "addr:city": "Bouira",
        "addr:street": "Avenue Khalfa Boukarou",
        "amenity": "hospital",
        "barrier": "wall",
        "healthcare": "hospital",
        "height": "2.3",
        "operator": "public",
        "wall": "noise_barrier",
        "@geometry": "center"
      },
      "geometry": {
        "type": "Point",
        "coordinates": [
          3.9014041,
          36.3815662
        ]
      },
      "id": "way/573277819"
    },
    {
      "type": "Feature",
      "properties": {
        "@id": "way/573277820",
        "amenity": "hospital",
        "barrier": "wall",
        "healthcare": "hospital",
        "height": "2.4",
        "wall": "noise_barrier",
        "@geometry": "center"
      },
      "geometry": {
        "type": "Point",
        "coordinates": [
          3.9005412,
          36.3812922
        ]
      },
      "id": "way/573277820"
    },
    {
      "type": "Feature",
      "properties": {
        "@id": "way/574129320",
        "addr:city": "Foughala",
        "amenity": "hospital",
        "healthcare": "hospital",
        "name": "Hôpital de Foughala",
        "opening_hours": "24/7",
        "@geometry": "center"
      },
      "geometry": {
        "type": "Point",
        "coordinates": [
          5.324115,
          34.7296098
        ]
      },
      "id": "way/574129320"
    },
    {
      "type": "Feature",
      "properties": {
        "@id": "way/577155480",
        "amenity": "hospital",
        "healthcare": "hospital",
        "name:ar": "المؤسسة العمومية للصحة الجوارية غزال عمر",
        "name:fr": "EPSP Ghezal omar",
        "@geometry": "center"
      },
      "geometry": {
        "type": "Point",
        "coordinates": [
          2.891861,
          35.4420892
        ]
      },
      "id": "way/577155480"
    },
    {
      "type": "Feature",
      "properties": {
        "@id": "way/584242914",
        "addr:city": "عين البيضاء",
        "amenity": "hospital",
        "healthcare": "hospital",
        "healthcare:speciality": "general;orthopaedics;chiropractic",
        "name": "عيادة الامل",
        "name:ar": "عيادة الامل",
        "name:fr": "clinique el amel",
        "@geometry": "center"
      },
      "geometry": {
        "type": "Point",
        "coordinates": [
          7.3826148,
          35.7958849
        ]
      },
      "id": "way/584242914"
    },
    {
      "type": "Feature",
      "properties": {
        "@id": "way/584436482",
        "amenity": "hospital",
        "building": "yes",
        "healthcare": "hospital",
        "name": "Clinique Internationale de Marrakech",
        "website": "https://www.clinique-internationale-marrakech.com/",
        "@geometry": "center"
      },
      "geometry": {
        "type": "Point",
        "coordinates": [
          -7.9967519,
          31.6127853
        ]
      },
      "id": "way/584436482"
    },
    {
      "type": "Feature",
      "properties": {
        "@id": "way/587335799",
        "addr:city": "Tanger",
        "addr:street": "Chraka",
        "amenity": "hospital",
        "building": "hospital",
        "healthcare": "hospital",
        "name": "Centre Ahmad Bin Zayed Al Nahyan De Traitement des Cancers",
        "operator": "hopital",
        "operator:type": "public",
        "source": "Kaart Ground Survey 2018",
        "@geometry": "center"
      },
      "geometry": {
        "type": "Point",
        "coordinates": [
          -5.921976,
          35.6829906
        ]
      },
      "id": "way/587335799"
    },
    {
      "type": "Feature",
      "properties": {
        "@id": "way/588420477",
        "addr:city": "السند",
        "addr:city:ar": "السند",
        "addr:postcode": "2190",
        "addr:street": "Route de Tafertaset",
        "amenity": "hospital",
        "building": "hospital",
        "building:levels": "1",
        "name": "Hopital local de BIADHA",
        "@geometry": "center"
      },
      "geometry": {
        "type": "Point",
        "coordinates": [
          9.1718481,
          34.4783612
        ]
      },
      "id": "way/588420477"
    },
    {
      "type": "Feature",
      "properties": {
        "@id": "way/589906164",
        "addr:street": "Boulevard des Forces Auxiliaires",
        "amenity": "hospital",
        "building": "yes",
        "healthcare": "hospital",
        "name": "Clinique Al Amal",
        "name:ar": "مصحة الأمل",
        "source": "Kaart Ground Survey 2018",
        "@geometry": "center"
      },
      "geometry": {
        "type": "Point",
        "coordinates": [
          -7.5531631,
          33.5725535
        ]
      },
      "id": "way/589906164"
    },
    {
      "type": "Feature",
      "properties": {
        "@id": "way/589942599",
        "addr:street": "Avenue Ibn Sina",
        "amenity": "hospital",
        "building": "yes",
        "healthcare": "hospital",
        "name": "Centre Hospitalier Universitaire Mohammed VI",
        "source": "Kaart Ground Survey 2018",
        "@geometry": "center"
      },
      "geometry": {
        "type": "Point",
        "coordinates": [
          -7.995836,
          31.6647491
        ]
      },
      "id": "way/589942599"
    },
    {
      "type": "Feature",
      "properties": {
        "@id": "way/590862322",
        "addr:city": "بوسالم",
        "addr:housenumber": "1",
        "addr:postcode": "8170",
        "addr:street": "Rue Avicenne",
        "amenity": "hospital",
        "healthcare": "hospital",
        "name": "مستشفى بوسالم",
        "name:ar": "مستشفى بوسالم",
        "name:en": "Bou Salem Hospital",
        "name:fr": "Hôpital de Bou Salem",
        "@geometry": "center"
      },
      "geometry": {
        "type": "Point",
        "coordinates": [
          8.9673816,
          36.6073541
        ]
      },
      "id": "way/590862322"
    },
    {
      "type": "Feature",
      "properties": {
        "@id": "way/591102747",
        "amenity": "hospital",
        "healthcare": "hospital",
        "@geometry": "center"
      },
      "geometry": {
        "type": "Point",
        "coordinates": [
          -8.0382948,
          31.5950216
        ]
      },
      "id": "way/591102747"
    },
    {
      "type": "Feature",
      "properties": {
        "@id": "way/591440921",
        "amenity": "hospital",
        "healthcare": "hospital",
        "name": "Hopital Mohamed 5",
        "name:ar": "مستشفى محمد الخامس",
        "@geometry": "center"
      },
      "geometry": {
        "type": "Point",
        "coordinates": [
          -6.556364,
          32.8582311
        ]
      },
      "id": "way/591440921"
    },
    {
      "type": "Feature",
      "properties": {
        "@id": "way/591443010",
        "amenity": "hospital",
        "healthcare": "hospital",
        "@geometry": "center"
      },
      "geometry": {
        "type": "Point",
        "coordinates": [
          -6.5745951,
          32.8616633
        ]
      },
      "id": "way/591443010"
    },
    {
      "type": "Feature",
      "properties": {
        "@id": "way/591443017",
        "amenity": "hospital",
        "healthcare": "hospital",
        "@geometry": "center"
      },
      "geometry": {
        "type": "Point",
        "coordinates": [
          -6.5753414,
          32.862013
        ]
      },
      "id": "way/591443017"
    },
    {
      "type": "Feature",
      "properties": {
        "@id": "way/592116442",
        "addr:street": "Boulevard Panoramique",
        "amenity": "hospital",
        "building": "commercial",
        "healthcare": "hospital",
        "name": "Clinique Les Crêtes",
        "source": "Kaart Ground Survey 2018",
        "@geometry": "center"
      },
      "geometry": {
        "type": "Point",
        "coordinates": [
          -7.624092,
          33.5495136
        ]
      },
      "id": "way/592116442"
    },
    {
      "type": "Feature",
      "properties": {
        "@id": "way/592132673",
        "addr:street": "Boulevard de l'Atlantide",
        "amenity": "hospital",
        "building": "commercial",
        "healthcare": "hospital",
        "source": "Kaart Ground Survey 2018",
        "@geometry": "center"
      },
      "geometry": {
        "type": "Point",
        "coordinates": [
          -7.6110289,
          33.5543489
        ]
      },
      "id": "way/592132673"
    },
    {
      "type": "Feature",
      "properties": {
        "@id": "way/592872447",
        "amenity": "hospital",
        "healthcare": "hospital",
        "@geometry": "center"
      },
      "geometry": {
        "type": "Point",
        "coordinates": [
          -5.6715077,
          32.9336006
        ]
      },
      "id": "way/592872447"
    },
    {
      "type": "Feature",
      "properties": {
        "@id": "way/593873204",
        "amenity": "hospital",
        "healthcare": "hospital",
        "name": "Clinique Le Marrakech",
        "source": "Kaart Ground Survey 2018",
        "@geometry": "center"
      },
      "geometry": {
        "type": "Point",
        "coordinates": [
          -8.0508376,
          31.6536869
        ]
      },
      "id": "way/593873204"
    },
    {
      "type": "Feature",
      "properties": {
        "@id": "way/593873242",
        "amenity": "hospital",
        "emergency": "yes",
        "healthcare": "hospital",
        "healthcare:speciality": "cardiology",
        "name": "Urgences: Cardiologiques Centre de la Douleur",
        "source": "Kaart Ground Survey 2018",
        "@geometry": "center"
      },
      "geometry": {
        "type": "Point",
        "coordinates": [
          -8.0482927,
          31.6496813
        ]
      },
      "id": "way/593873242"
    },
    {
      "type": "Feature",
      "properties": {
        "@id": "way/594778096",
        "addr:city": "القيروان",
        "amenity": "hospital",
        "healthcare": "hospital",
        "name": "مستشفى ابن الجزار",
        "name:ar": "مستشفى ابن الجزار",
        "name:fr": "Hôpital Ibn El Jazzar",
        "@geometry": "center"
      },
      "geometry": {
        "type": "Point",
        "coordinates": [
          10.0952712,
          35.6839893
        ]
      },
      "id": "way/594778096"
    },
    {
      "type": "Feature",
      "properties": {
        "@id": "way/595188208",
        "addr:city": "Ksibet el mediouni",
        "amenity": "hospital",
        "emergency": "yes",
        "healthcare": "hospital",
        "healthcare:speciality": "general",
        "name:fr": "Hôpital Régional Mohamed Slama",
        "@geometry": "center"
      },
      "geometry": {
        "type": "Point",
        "coordinates": [
          10.8524031,
          35.6810815
        ]
      },
      "id": "way/595188208"
    },
    {
      "type": "Feature",
      "properties": {
        "@id": "way/598317750",
        "amenity": "hospital",
        "healthcare": "hospital",
        "name": "Hopital El marsa مستشفى المرسى",
        "name:ar": "Hopital El marsa مستشفى المرسى",
        "@geometry": "center"
      },
      "geometry": {
        "type": "Point",
        "coordinates": [
          0.9194703,
          36.4063223
        ]
      },
      "id": "way/598317750"
    },
    {
      "type": "Feature",
      "properties": {
        "@id": "way/604994248",
        "addr:city": "Mascara",
        "amenity": "hospital",
        "healthcare": "hospital",
        "name": "Hôpital Meslem Tayeb",
        "name:ar": "مستشفى مسلم الطيب",
        "name:fr": "Hôpital Meslem Tayeb",
        "@geometry": "center"
      },
      "geometry": {
        "type": "Point",
        "coordinates": [
          0.1588845,
          35.4000902
        ]
      },
      "id": "way/604994248"
    },
    {
      "type": "Feature",
      "properties": {
        "@id": "way/605727046",
        "amenity": "hospital",
        "healthcare": "hospital",
        "name": "Hospital Recoletas Salud Marbella",
        "phone": "+34 952899350",
        "website": "https://recoletasmarbella.com/es/",
        "@geometry": "center"
      },
      "geometry": {
        "type": "Point",
        "coordinates": [
          -4.8967149,
          36.5167762
        ]
      },
      "id": "way/605727046"
    },
    {
      "type": "Feature",
      "properties": {
        "@id": "way/607107945",
        "addr:city": "fez",
        "amenity": "hospital",
        "building": "yes",
        "healthcare": "hospital",
        "name": "مصحة الكوثر",
        "name:ar": "الكوثر",
        "@geometry": "center"
      },
      "geometry": {
        "type": "Point",
        "coordinates": [
          -4.9998494,
          34.0143665
        ]
      },
      "id": "way/607107945"
    },
    {
      "type": "Feature",
      "properties": {
        "@id": "way/607691168",
        "amenity": "hospital",
        "healthcare": "hospital",
        "name": "Consultations externes Mahres",
        "@geometry": "center"
      },
      "geometry": {
        "type": "Point",
        "coordinates": [
          10.4964356,
          34.5316952
        ]
      },
      "id": "way/607691168"
    },
    {
      "type": "Feature",
      "properties": {
        "@id": "way/610475940",
        "addr:postcode": "5130",
        "amenity": "hospital",
        "fax": "+216 73 698 070",
        "healthcare": "hospital",
        "name": "المستشفى الجهوي شربان",
        "name:ar": "المستشفى الجهوي شربان",
        "name:fr": "Hôpital Régional de Chorbane",
        "phone": "+216 73 698 070",
        "@geometry": "center"
      },
      "geometry": {
        "type": "Point",
        "coordinates": [
          10.3896164,
          35.28842
        ]
      },
      "id": "way/610475940"
    },
    {
      "type": "Feature",
      "properties": {
        "@id": "way/613779778",
        "amenity": "hospital",
        "healthcare": "hospital",
        "name": "المستشفى المحلي أم العرايس",
        "name:ar": "المستشفى المحلي أم العرايس",
        "operator": "Étatique",
        "@geometry": "center"
      },
      "geometry": {
        "type": "Point",
        "coordinates": [
          8.2993589,
          34.4809593
        ]
      },
      "id": "way/613779778"
    },
    {
      "type": "Feature",
      "properties": {
        "@id": "way/613872715",
        "addr:city": "المشرية",
        "addr:city:ar": "المشرية",
        "amenity": "hospital",
        "healthcare": "hospital",
        "@geometry": "center"
      },
      "geometry": {
        "type": "Point",
        "coordinates": [
          -0.2792244,
          33.5473814
        ]
      },
      "id": "way/613872715"
    },
    {
      "type": "Feature",
      "properties": {
        "@id": "way/613879138",
        "amenity": "hospital",
        "healthcare": "hospital",
        "name": "EPH Frères Chenafa",
        "name:ar": "مستشفى الإخوة شنافة",
        "@geometry": "center"
      },
      "geometry": {
        "type": "Point",
        "coordinates": [
          -0.2793316,
          33.5275966
        ]
      },
      "id": "way/613879138"
    },
    {
      "type": "Feature",
      "properties": {
        "@id": "way/613998431",
        "amenity": "hospital",
        "healthcare": "hospital",
        "name": "قاعة علاج",
        "name:ar": "قاعة علاج",
        "@geometry": "center"
      },
      "geometry": {
        "type": "Point",
        "coordinates": [
          6.5576491,
          37.0044201
        ]
      },
      "id": "way/613998431"
    },
    {
      "type": "Feature",
      "properties": {
        "@id": "way/617826292",
        "addr:city": "عنابة",
        "addr:city:ar": "عنابة",
        "addr:postcode": "23000",
        "amenity": "hospital",
        "healthcare": "hospital",
        "healthcare:speciality": "paediatrics",
        "name": "مستشفى أمراض الأطفال سان تيراس",
        "name:ar": "مستشفى أمراض الأطفال سان تيراس",
        "name:fr": "Hôpital Pediatrique Sainte Thérèse",
        "@geometry": "center"
      },
      "geometry": {
        "type": "Point",
        "coordinates": [
          7.7604144,
          36.9189504
        ]
      },
      "id": "way/617826292"
    },
    {
      "type": "Feature",
      "properties": {
        "@id": "way/621477049",
        "amenity": "hospital",
        "healthcare": "hospital",
        "name": "Salle de soin Hai Ennour",
        "@geometry": "center"
      },
      "geometry": {
        "type": "Point",
        "coordinates": [
          -0.6735688,
          35.6848939
        ]
      },
      "id": "way/621477049"
    },
    {
      "type": "Feature",
      "properties": {
        "@id": "way/622018246",
        "addr:city": "Draâ Ben Khedda",
        "addr:postcode": "15100",
        "amenity": "hospital",
        "healthcare": "hospital",
        "healthcare:speciality": "oncology",
        "name": "Centre Anti-Cancer",
        "@geometry": "center"
      },
      "geometry": {
        "type": "Point",
        "coordinates": [
          3.9698408,
          36.7293224
        ]
      },
      "id": "way/622018246"
    },
    {
      "type": "Feature",
      "properties": {
        "@id": "way/624053477",
        "amenity": "hospital",
        "healthcare": "hospital",
        "@geometry": "center"
      },
      "geometry": {
        "type": "Point",
        "coordinates": [
          -5.5641002,
          33.8974404
        ]
      },
      "id": "way/624053477"
    },
    {
      "type": "Feature",
      "properties": {
        "@id": "way/624185601",
        "addr:city": "Oum El Bouaghi",
        "addr:postcode": "04000",
        "addr:street": "نهج أول نوفمبر 1954",
        "amenity": "hospital",
        "building": "hospital",
        "height": "11.45",
        "name": "Ibn Sina",
        "operator": "Direction générale de santé",
        "roof:colour": "#dd7e6b",
        "roof:height": "2.62",
        "roof:shape": "hipped",
        "@geometry": "center"
      },
      "geometry": {
        "type": "Point",
        "coordinates": [
          7.1087326,
          35.8789831
        ]
      },
      "id": "way/624185601"
    },
    {
      "type": "Feature",
      "properties": {
        "@id": "way/629568659",
        "amenity": "hospital",
        "name": "centre de santé de base",
        "operator": "",
        "@geometry": "center"
      },
      "geometry": {
        "type": "Point",
        "coordinates": [
          10.0912749,
          36.8313162
        ]
      },
      "id": "way/629568659"
    },
    {
      "type": "Feature",
      "properties": {
        "@id": "way/629568660",
        "amenity": "hospital",
        "name": "centre de santé de base",
        "operator": "",
        "@geometry": "center"
      },
      "geometry": {
        "type": "Point",
        "coordinates": [
          10.0914279,
          36.8314124
        ]
      },
      "id": "way/629568660"
    },
    {
      "type": "Feature",
      "properties": {
        "@id": "way/629983883",
        "amenity": "hospital",
        "healthcare": "hospital",
        "healthcare:speciality": "neuropsychiatry",
        "name": "Hospital San Francisco de Asís",
        "wikidata": "Q87762159",
        "@geometry": "center"
      },
      "geometry": {
        "type": "Point",
        "coordinates": [
          -4.3689278,
          36.7288653
        ]
      },
      "id": "way/629983883"
    },
    {
      "type": "Feature",
      "properties": {
        "@id": "way/637506760",
        "amenity": "hospital",
        "barrier": "wall",
        "healthcare": "hospital",
        "name": "مستشفي رقدالين",
        "name:ar": "مستشفي رقدالين",
        "name:en": "Riqdalin Hospital",
        "name:fr": "Hôpital de Regdaline",
        "@geometry": "center"
      },
      "geometry": {
        "type": "Point",
        "coordinates": [
          11.9848194,
          32.8890835
        ]
      },
      "id": "way/637506760"
    },
    {
      "type": "Feature",
      "properties": {
        "@id": "way/641911824",
        "addr:city": "mekhadma",
        "addr:postcode": "07034",
        "addr:street": "Rue Rahmoun Belkacem",
        "amenity": "hospital",
        "emergency": "no",
        "healthcare": "hospital",
        "healthcare:speciality": "general",
        "name": "polyclénique mekhadma",
        "@geometry": "center"
      },
      "geometry": {
        "type": "Point",
        "coordinates": [
          5.4712112,
          34.6455257
        ]
      },
      "id": "way/641911824"
    },
    {
      "type": "Feature",
      "properties": {
        "@id": "way/642175468",
        "addr:city": "mekhadma",
        "addr:postcode": "07034",
        "amenity": "hospital",
        "emergency": "no",
        "healthcare": "hospital",
        "healthcare:speciality": "general",
        "name": "Polyclénique bent-essaleh",
        "@geometry": "center"
      },
      "geometry": {
        "type": "Point",
        "coordinates": [
          5.4718003,
          34.6502651
        ]
      },
      "id": "way/642175468"
    },
    {
      "type": "Feature",
      "properties": {
        "@id": "way/646505111",
        "amenity": "hospital",
        "building": "yes",
        "name": "Centro de Salud Mediterráneo - Torrecárdenas",
        "operator": "Junta de Andalucía",
        "operator:type": "government",
        "operator:wikidata": "Q2743342",
        "@geometry": "center"
      },
      "geometry": {
        "type": "Point",
        "coordinates": [
          -2.446,
          36.8572577
        ]
      },
      "id": "way/646505111"
    },
    {
      "type": "Feature",
      "properties": {
        "@id": "way/647628520",
        "amenity": "hospital",
        "healthcare": "hospital",
        "name": "SAMU 04 Garage",
        "operator": "Ministry of health",
        "@geometry": "center"
      },
      "geometry": {
        "type": "Point",
        "coordinates": [
          10.7063735,
          34.7378335
        ]
      },
      "id": "way/647628520"
    },
    {
      "type": "Feature",
      "properties": {
        "@id": "way/650064966",
        "addr:city": "Salé سلا",
        "addr:postcode": "11010",
        "addr:street": "Avenue Al Salwa",
        "amenity": "hospital",
        "healthcare": "hospital",
        "healthcare:speciality": "general",
        "name": "Cabinet Docteur Amar - Généraliste",
        "operator": "Dr.Fouad Amar",
        "@geometry": "center"
      },
      "geometry": {
        "type": "Point",
        "coordinates": [
          -6.7998223,
          34.0459802
        ]
      },
      "id": "way/650064966"
    },
    {
      "type": "Feature",
      "properties": {
        "@id": "way/655423785",
        "amenity": "hospital",
        "check_date": "2025-02-04",
        "emergency": "yes",
        "healthcare": "hospital",
        "name": "Hospital Particular do Algarve - Gambelas",
        "wheelchair": "yes",
        "@geometry": "center"
      },
      "geometry": {
        "type": "Point",
        "coordinates": [
          -7.9680755,
          37.0452107
        ]
      },
      "id": "way/655423785"
    },
    {
      "type": "Feature",
      "properties": {
        "@id": "way/656554164",
        "amenity": "hospital",
        "healthcare": "hospital",
        "name": "Hospital de São Camilo",
        "@geometry": "center"
      },
      "geometry": {
        "type": "Point",
        "coordinates": [
          -8.5453557,
          37.1387314
        ]
      },
      "id": "way/656554164"
    },
    {
      "type": "Feature",
      "properties": {
        "@id": "way/658753708",
        "amenity": "hospital",
        "healthcare": "hospital",
        "name": "مركز صحة أساسية الرقبة",
        "name:ar": "مركز صحة أساسية الرقبة",
        "name:fr": "centre de santé se base rogba",
        "@geometry": "center"
      },
      "geometry": {
        "type": "Point",
        "coordinates": [
          10.4218308,
          32.9062981
        ]
      },
      "id": "way/658753708"
    },
    {
      "type": "Feature",
      "properties": {
        "@id": "way/663295171",
        "amenity": "hospital",
        "healthcare": "hospital",
        "name": "Clinique Green Town",
        "@geometry": "center"
      },
      "geometry": {
        "type": "Point",
        "coordinates": [
          -7.5960642,
          33.4943367
        ]
      },
      "id": "way/663295171"
    },
    {
      "type": "Feature",
      "properties": {
        "@id": "way/664275290",
        "addr:city": "Moknine",
        "addr:postcode": "5050",
        "addr:street": "Rue Koubine",
        "amenity": "hospital",
        "name": "مستشفى الدكتور إمحمد بن صالح",
        "name:ar": "مستشفى الدكتور إمحمد بن صالح",
        "name:fr": "Hôpital Dr M'hamed BEN SALAH",
        "phone": "+216 73 476 508",
        "@geometry": "center"
      },
      "geometry": {
        "type": "Point",
        "coordinates": [
          10.9095137,
          35.6335685
        ]
      },
      "id": "way/664275290"
    },
    {
      "type": "Feature",
      "properties": {
        "@id": "way/665423831",
        "amenity": "hospital",
        "healthcare": "hospital",
        "name": "Barbarela",
        "@geometry": "center"
      },
      "geometry": {
        "type": "Point",
        "coordinates": [
          -4.4460666,
          36.7120907
        ]
      },
      "id": "way/665423831"
    },
    {
      "type": "Feature",
      "properties": {
        "@id": "way/666037281",
        "amenity": "hospital",
        "healthcare": "hospital",
        "name": "Hopital De Ain Berda",
        "@geometry": "center"
      },
      "geometry": {
        "type": "Point",
        "coordinates": [
          7.5900377,
          36.6510644
        ]
      },
      "id": "way/666037281"
    },
    {
      "type": "Feature",
      "properties": {
        "@id": "way/667055460",
        "amenity": "hospital",
        "healthcare": "hospital",
        "name": "médecine du travail",
        "@geometry": "center"
      },
      "geometry": {
        "type": "Point",
        "coordinates": [
          5.4047235,
          36.1810451
        ]
      },
      "id": "way/667055460"
    },
    {
      "type": "Feature",
      "properties": {
        "@id": "way/667694562",
        "amenity": "hospital",
        "building:levels": "1",
        "building:min_level": "1",
        "healthcare": "hospital",
        "name": "مركز صحة أساسية وادي القمح",
        "name:ar": "مركز صحة أساسية وادي القمح",
        "name:fr": "Disponceur wad el gameh",
        "@geometry": "center"
      },
      "geometry": {
        "type": "Point",
        "coordinates": [
          10.458635,
          32.9269555
        ]
      },
      "id": "way/667694562"
    },
    {
      "type": "Feature",
      "properties": {
        "@id": "way/668354883",
        "addr:city": "تبسة",
        "amenity": "hospital",
        "healthcare": "hospital",
        "@geometry": "center"
      },
      "geometry": {
        "type": "Point",
        "coordinates": [
          8.1203779,
          35.4034219
        ]
      },
      "id": "way/668354883"
    },
    {
      "type": "Feature",
      "properties": {
        "@id": "way/669742909",
        "amenity": "hospital",
        "healthcare": "hospital",
        "name": "Polyclinique Hammamet",
        "@geometry": "center"
      },
      "geometry": {
        "type": "Point",
        "coordinates": [
          10.5915454,
          36.4059671
        ]
      },
      "id": "way/669742909"
    },
    {
      "type": "Feature",
      "properties": {
        "@id": "way/672747764",
        "amenity": "hospital",
        "healthcare": "hospital",
        "name": "Hospital HLA Mediterráneo",
        "wikidata": "Q50036683",
        "@geometry": "center"
      },
      "geometry": {
        "type": "Point",
        "coordinates": [
          -2.4353175,
          36.8203659
        ]
      },
      "id": "way/672747764"
    },
    {
      "type": "Feature",
      "properties": {
        "@id": "way/672867831",
        "addr:street": "Rue Ali Ben Ayed",
        "amenity": "hospital",
        "healthcare": "hospital",
        "name": "مستشفى حبيب ثامر",
        "name:ar": "مستشفى حبيب ثامر",
        "name:fr": "Hôpital Habib Thameur",
        "phone": "+216 71 492 773",
        "wikidata": "Q12242598",
        "wikimedia_commons": "Category:Hôpital Habib Thameur",
        "@geometry": "center"
      },
      "geometry": {
        "type": "Point",
        "coordinates": [
          10.1771182,
          36.7862613
        ]
      },
      "id": "way/672867831"
    },
    {
      "type": "Feature",
      "properties": {
        "@id": "way/673937424",
        "addr:city": "Bizerte",
        "addr:postcode": "7000",
        "addr:street": "Rue Pasteur",
        "amenity": "hospital",
        "healthcare": "hospital",
        "name:fr": "Hôpital Régional Habib Bougatfa",
        "phone": "+216 72 460 284",
        "@geometry": "center"
      },
      "geometry": {
        "type": "Point",
        "coordinates": [
          9.8606593,
          37.2699119
        ]
      },
      "id": "way/673937424"
    },
    {
      "type": "Feature",
      "properties": {
        "@id": "way/673937425",
        "amenity": "hospital",
        "healthcare": "hospital",
        "landuse": "military",
        "name": "Hôpital Militaire de Bizerte",
        "wikidata": "Q16039686",
        "wikipedia": "ar:المستشفى العسكري ببنزرت",
        "@geometry": "center"
      },
      "geometry": {
        "type": "Point",
        "coordinates": [
          9.8619446,
          37.2717371
        ]
      },
      "id": "way/673937425"
    },
    {
      "type": "Feature",
      "properties": {
        "@id": "way/673937428",
        "amenity": "hospital",
        "healthcare": "hospital",
        "name": "Unité De Diagnostic Anténatal UDANB",
        "@geometry": "center"
      },
      "geometry": {
        "type": "Point",
        "coordinates": [
          9.8632926,
          37.2750094
        ]
      },
      "id": "way/673937428"
    },
    {
      "type": "Feature",
      "properties": {
        "@id": "way/674671129",
        "amenity": "hospital",
        "healthcare": "hospital",
        "name": "Polyclinique El Hakim",
        "@geometry": "center"
      },
      "geometry": {
        "type": "Point",
        "coordinates": [
          10.8477558,
          36.5542034
        ]
      },
      "id": "way/674671129"
    },
    {
      "type": "Feature",
      "properties": {
        "@id": "way/675202781",
        "access": "private",
        "addr:city": "Castilleja de la Cuesta",
        "addr:postcode": "41950",
        "addr:street": "Avenida Plácido Fernández Viagas",
        "amenity": "hospital",
        "emergency": "yes",
        "healthcare": "hospital",
        "name": "Hospital NISA Aljarafe",
        "operator": "Vithas",
        "wikidata": "Q87762522",
        "@geometry": "center"
      },
      "geometry": {
        "type": "Point",
        "coordinates": [
          -6.0618728,
          37.392339
        ]
      },
      "id": "way/675202781"
    },
    {
      "type": "Feature",
      "properties": {
        "@id": "way/676026048",
        "addr:city": "El Haouaria",
        "addr:street": "Rue du Festival",
        "amenity": "hospital",
        "healthcare": "hospital",
        "name": "Hôpital De Haouaria",
        "phone": "+216 72 297 054",
        "@geometry": "center"
      },
      "geometry": {
        "type": "Point",
        "coordinates": [
          11.0167741,
          37.052653
        ]
      },
      "id": "way/676026048"
    },
    {
      "type": "Feature",
      "properties": {
        "@id": "way/677450500",
        "addr:city": "Ben Arous",
        "addr:postcode": "2013",
        "addr:street": "Rue du 1er Mai",
        "alt_name": "Hôpital Mohamed Bouazizi",
        "amenity": "hospital",
        "emergency": "yes",
        "healthcare": "hospital",
        "healthcare:speciality": "intensive;emergency;dermatology",
        "name": "مركز الإصابات والحروق البليغة",
        "name:ar": "مركز الإصابات والحروق البليغة",
        "name:fr": "Centre de traumatologie et des grands brûlés",
        "operator": "Ministère de la Santé publique",
        "operator:type": "public",
        "source:alt_name": "Wikipedia",
        "wikidata": "Q4026962",
        "wikipedia": "fr:Centre de traumatologie et des grands brûlés",
        "@geometry": "center"
      },
      "geometry": {
        "type": "Point",
        "coordinates": [
          10.2142892,
          36.7473178
        ]
      },
      "id": "way/677450500"
    },
    {
      "type": "Feature",
      "properties": {
        "@id": "way/677450506",
        "amenity": "hospital",
        "healthcare": "hospital",
        "name": "SOS Animaux Tunisie",
        "@geometry": "center"
      },
      "geometry": {
        "type": "Point",
        "coordinates": [
          10.6998327,
          36.4835872
        ]
      },
      "id": "way/677450506"
    },
    {
      "type": "Feature",
      "properties": {
        "@id": "way/678157622",
        "addr:city": "Grombalia",
        "addr:street": "Avenue Farhat Hached",
        "amenity": "hospital",
        "healthcare": "hospital",
        "name:fr": "Hôpital Régional de Grombalia",
        "operator": "Ministère de la Santé publique",
        "operator:type": "public",
        "phone": "+216 72 255 212",
        "@geometry": "center"
      },
      "geometry": {
        "type": "Point",
        "coordinates": [
          10.4951381,
          36.5949325
        ]
      },
      "id": "way/678157622"
    },
    {
      "type": "Feature",
      "properties": {
        "@id": "way/678653585",
        "amenity": "hospital",
        "healthcare": "hospital",
        "name": "Hôpital de Soliman",
        "name:fr": "Hôpital de Soliman",
        "@geometry": "center"
      },
      "geometry": {
        "type": "Point",
        "coordinates": [
          10.4813737,
          36.7097823
        ]
      },
      "id": "way/678653585"
    },
    {
      "type": "Feature",
      "properties": {
        "@id": "way/679112991",
        "addr:city": "بن قردان",
        "addr:city:ar": "بنقردان",
        "addr:postcode": "4170",
        "alt_name": "مستشفى بن قردان الإقليمي",
        "alt_name:ar": "مستشفى بن قردان الإقليمي",
        "amenity": "hospital",
        "healthcare": "hospital",
        "language:ar": "main",
        "name": "المستشفى الجهوي ببن قردان",
        "name:ar": "المستشفى الجهوي ببن قردان",
        "name:de": "Regionalkrankenhaus Bin Qardān",
        "name:en": "Regional Hospital of Bin Qardān",
        "name:fr": "Hôpital Régional de Ben Guerdane",
        "phone": "+216 75 710 310",
        "@geometry": "center"
      },
      "geometry": {
        "type": "Point",
        "coordinates": [
          11.2187626,
          33.1352471
        ]
      },
      "id": "way/679112991"
    },
    {
      "type": "Feature",
      "properties": {
        "@id": "way/679124997",
        "amenity": "hospital",
        "healthcare": "hospital",
        "name": "Polyclinique Hammam-Lif",
        "@geometry": "center"
      },
      "geometry": {
        "type": "Point",
        "coordinates": [
          10.3405286,
          36.7260173
        ]
      },
      "id": "way/679124997"
    },
    {
      "type": "Feature",
      "properties": {
        "@id": "way/680776125",
        "addr:city": "ساقية سيدي يوسف",
        "amenity": "hospital",
        "healthcare": "hospital",
        "name": "مستشفى ساقية سيدي يوسف",
        "name:ar": "مستشفى ساقية سيدي يوسف",
        "name:fr": "Hôpital Sakiet Sidi Youssef",
        "@geometry": "center"
      },
      "geometry": {
        "type": "Point",
        "coordinates": [
          8.3583527,
          36.2248935
        ]
      },
      "id": "way/680776125"
    },
    {
      "type": "Feature",
      "properties": {
        "@id": "way/680989573",
        "addr:city": "المتلوي",
        "amenity": "hospital",
        "healthcare": "hospital",
        "name": "المستشفى الجهوي بالمتلوي",
        "name:ar": "المستشفى الجهوي بالمتلوي",
        "@geometry": "center"
      },
      "geometry": {
        "type": "Point",
        "coordinates": [
          8.3918215,
          34.3124132
        ]
      },
      "id": "way/680989573"
    },
    {
      "type": "Feature",
      "properties": {
        "@id": "way/681230216",
        "amenity": "hospital",
        "healthcare": "hospital",
        "name": "Polyclinique l'Excellence",
        "opening_hours": "24/7",
        "@geometry": "center"
      },
      "geometry": {
        "type": "Point",
        "coordinates": [
          11.0585161,
          35.4992636
        ]
      },
      "id": "way/681230216"
    },
    {
      "type": "Feature",
      "properties": {
        "@id": "way/682299042",
        "amenity": "hospital",
        "barrier": "wall",
        "emergency": "no",
        "healthcare": "hospital",
        "name": "مستوصف دار شعبان الفهري البلدي",
        "name:ar": "مستوصف دار شعبان الفهري البلدي",
        "name:fr": "Hôpital Municipal Dar Chaabane Al Fehri",
        "@geometry": "center"
      },
      "geometry": {
        "type": "Point",
        "coordinates": [
          10.7472208,
          36.4680101
        ]
      },
      "id": "way/682299042"
    },
    {
      "type": "Feature",
      "properties": {
        "@id": "way/682857137",
        "amenity": "hospital",
        "healthcare": "hospital",
        "healthcare:speciality": "general",
        "name": "Hopitale Molay Ali Cherrif errachidia",
        "operator": "l'etat",
        "@geometry": "center"
      },
      "geometry": {
        "type": "Point",
        "coordinates": [
          -4.418761,
          31.9406582
        ]
      },
      "id": "way/682857137"
    },
    {
      "type": "Feature",
      "properties": {
        "@id": "way/684386202",
        "amenity": "hospital",
        "healthcare": "hospital",
        "healthcare:speciality": "general;paediatrics",
        "name": "hopital d'errahma",
        "@geometry": "center"
      },
      "geometry": {
        "type": "Point",
        "coordinates": [
          -7.7326766,
          33.531623
        ]
      },
      "id": "way/684386202"
    },
    {
      "type": "Feature",
      "properties": {
        "@id": "way/684419464",
        "amenity": "hospital",
        "barrier": "wall",
        "healthcare": "hospital",
        "@geometry": "center"
      },
      "geometry": {
        "type": "Point",
        "coordinates": [
          -7.9344288,
          31.3593592
        ]
      },
      "id": "way/684419464"
    },
    {
      "type": "Feature",
      "properties": {
        "@id": "way/695848762",
        "addr:postcode": "06007",
        "amenity": "hospital",
        "healthcare": "hospital",
        "language:ar": "main",
        "name": "Hôpital d'Aokas",
        "name:ar": "مستشفى أوقاس",
        "@geometry": "center"
      },
      "geometry": {
        "type": "Point",
        "coordinates": [
          5.2404963,
          36.6375979
        ]
      },
      "id": "way/695848762"
    },
    {
      "type": "Feature",
      "properties": {
        "@id": "way/698795145",
        "addr:city": "midar",
        "addr:postcode": "62502",
        "addr:street": "Rue Al Jadida",
        "amenity": "hospital",
        "emergency": "yes",
        "healthcare": "hospital",
        "name": "Cabinet Medical",
        "@geometry": "center"
      },
      "geometry": {
        "type": "Point",
        "coordinates": [
          -3.5340123,
          34.9385895
        ]
      },
      "id": "way/698795145"
    },
    {
      "type": "Feature",
      "properties": {
        "@id": "way/698795156",
        "addr:city": "midar",
        "addr:postcode": "62502",
        "addr:street": "Rue Berkane",
        "amenity": "hospital",
        "emergency": "yes",
        "healthcare": "hospital",
        "name": "Cabinet Medical",
        "phone": "+212 5 36 36 42 00",
        "@geometry": "center"
      },
      "geometry": {
        "type": "Point",
        "coordinates": [
          -3.5343032,
          34.9383842
        ]
      },
      "id": "way/698795156"
    },
    {
      "type": "Feature",
      "properties": {
        "@id": "way/698979454",
        "amenity": "hospital",
        "building": "yes",
        "healthcare": "hospital",
        "name": "Hôpital Azzamouri",
        "@geometry": "center"
      },
      "geometry": {
        "type": "Point",
        "coordinates": [
          -6.5760036,
          34.24635
        ]
      },
      "id": "way/698979454"
    },
    {
      "type": "Feature",
      "properties": {
        "@id": "way/700327295",
        "addr:city": "Torremolinos",
        "addr:housenumber": "5",
        "addr:postcode": "29620",
        "addr:street": "Calle del Sanatorio",
        "amenity": "hospital",
        "emergency": "yes",
        "healthcare": "hospital",
        "name": "Hospital Marítimo de Torremolinos",
        "network": "Servicio Andaluz de Salud",
        "network:short": "SAS",
        "operator:type": "public",
        "phone": "+34 951032000",
        "toilets:wheelchair": "yes",
        "website": "https://www.huvv.es/hospital/centros-del-area-hospitalaria/hospital-maritimo-de-torremolinos",
        "wheelchair": "yes",
        "wikidata": "Q5902741",
        "@geometry": "center"
      },
      "geometry": {
        "type": "Point",
        "coordinates": [
          -4.4874551,
          36.6370776
        ]
      },
      "id": "way/700327295"
    },
    {
      "type": "Feature",
      "properties": {
        "@id": "way/700486655",
        "addr:city": "قسنطينة",
        "addr:city:ar": "قسنطينة",
        "addr:place": "حي الرياض",
        "addr:place:ar": "حي الرياض",
        "alt_name": "مستشفى جراحة القلب",
        "alt_name:ar": "مستشفى جراحة القلب",
        "amenity": "hospital",
        "emergency": "yes",
        "healthcare": "hospital",
        "healthcare:speciality": "cardiology",
        "language:ar": "main",
        "name": "مستشفى جراحة القلب الرياض بن شيكو",
        "name:ar": "مستشفى جراحة القلب الرياض بن شيكو",
        "name:fr": "Clinique Du Coeur EHS De Cardiologie Erriad Benchicou",
        "@geometry": "center"
      },
      "geometry": {
        "type": "Point",
        "coordinates": [
          6.6532618,
          36.3560293
        ]
      },
      "id": "way/700486655"
    },
    {
      "type": "Feature",
      "properties": {
        "@id": "way/709621699",
        "addr:city": "BEN-S'ROUR",
        "addr:postcode": "28215",
        "amenity": "hospital",
        "healthcare": "hospital",
        "healthcare:speciality": "general",
        "name": "HOPILA BENKHONATHA DIOUAHI",
        "operator": "ETAT",
        "operator:type": "public",
        "@geometry": "center"
      },
      "geometry": {
        "type": "Point",
        "coordinates": [
          4.5736803,
          35.0390993
        ]
      },
      "id": "way/709621699"
    },
    {
      "type": "Feature",
      "properties": {
        "@id": "way/714626902",
        "amenity": "hospital",
        "barrier": "all",
        "healthcare": "hospital",
        "name": "Polyclinique",
        "@geometry": "center"
      },
      "geometry": {
        "type": "Point",
        "coordinates": [
          -0.5451481,
          35.7254097
        ]
      },
      "id": "way/714626902"
    },
    {
      "type": "Feature",
      "properties": {
        "@id": "way/722867793",
        "addr:city": "sidi ameur",
        "addr:postcode": "28035",
        "amenity": "hospital",
        "emergency": "yes",
        "healthcare": "hospital",
        "healthcare:speciality": "emergency",
        "name": "عيادة متعددة الخدمات سيدي عامر المجاهد:جفال علي مزوز",
        "@geometry": "center"
      },
      "geometry": {
        "type": "Point",
        "coordinates": [
          3.9089642,
          35.3770937
        ]
      },
      "id": "way/722867793"
    },
    {
      "type": "Feature",
      "properties": {
        "@id": "way/724673804",
        "amenity": "hospital",
        "healthcare": "hospital",
        "name": "Centre Medical 3eme RM",
        "@geometry": "center"
      },
      "geometry": {
        "type": "Point",
        "coordinates": [
          -2.2323869,
          31.5991114
        ]
      },
      "id": "way/724673804"
    },
    {
      "type": "Feature",
      "properties": {
        "@id": "way/726854216",
        "amenity": "hospital",
        "healthcare": "hospital",
        "name": "Ṣṣbiṭaṛ Meɣnem Lunes",
        "name:ar": "مستشفى مغنم لونس",
        "name:kab": "Ṣṣbitar Meɣnem Lunes",
        "@geometry": "center"
      },
      "geometry": {
        "type": "Point",
        "coordinates": [
          4.3893341,
          36.7597063
        ]
      },
      "id": "way/726854216"
    },
    {
      "type": "Feature",
      "properties": {
        "@id": "way/736805477",
        "addr:city": "Saadina",
        "addr:street": "Route principale de Saddina",
        "amenity": "hospital",
        "healthcare": "hospital",
        "name": "Centre De sante Saadina",
        "@geometry": "center"
      },
      "geometry": {
        "type": "Point",
        "coordinates": [
          -5.4499269,
          35.6066966
        ]
      },
      "id": "way/736805477"
    },
    {
      "type": "Feature",
      "properties": {
        "@id": "way/737744536",
        "addr:city": "Tétouan",
        "addr:street": "Avenue Jbel Boukhafer",
        "amenity": "hospital",
        "healthcare": "hospital",
        "name": "Centre Médical Boujarrah",
        "@geometry": "center"
      },
      "geometry": {
        "type": "Point",
        "coordinates": [
          -5.3517106,
          35.5901009
        ]
      },
      "id": "way/737744536"
    },
    {
      "type": "Feature",
      "properties": {
        "@id": "way/737752781",
        "addr:city": "Tétouan",
        "addr:street": "Av. Cheikh Ben Laarbi Alaoui",
        "amenity": "hospital",
        "healthcare": "hospital",
        "healthcare:speciality": "general",
        "name": "Centre de Sante Touila",
        "operator:type": "public",
        "@geometry": "center"
      },
      "geometry": {
        "type": "Point",
        "coordinates": [
          -5.3624421,
          35.5809744
        ]
      },
      "id": "way/737752781"
    },
    {
      "type": "Feature",
      "properties": {
        "@id": "way/738345429",
        "addr:city": "الطالب العربي",
        "addr:postcode": "39000",
        "amenity": "hospital",
        "healthcare": "hospital",
        "name": "المؤسسة العمومية للصحة الجوارية الطالب العربي",
        "name:ar": "المؤسسة العمومية للصحة الجوارية الطالب العربي",
        "phone": "+213 32 10 72 25",
        "@geometry": "center"
      },
      "geometry": {
        "type": "Point",
        "coordinates": [
          7.5172512,
          33.7294884
        ]
      },
      "id": "way/738345429"
    },
    {
      "type": "Feature",
      "properties": {
        "@id": "way/738368993",
        "addr:city": "Témara تمارة",
        "amenity": "hospital",
        "emergency": "yes",
        "healthcare": "hospital",
        "healthcare:speciality": "general",
        "name": "Hospital sidi lahcen",
        "operator": "Public",
        "@geometry": "center"
      },
      "geometry": {
        "type": "Point",
        "coordinates": [
          -6.9383922,
          33.9044385
        ]
      },
      "id": "way/738368993"
    },
    {
      "type": "Feature",
      "properties": {
        "@id": "way/741742076",
        "amenity": "hospital",
        "building": "yes",
        "@geometry": "center"
      },
      "geometry": {
        "type": "Point",
        "coordinates": [
          1.2547126,
          35.3951053
        ]
      },
      "id": "way/741742076"
    },
    {
      "type": "Feature",
      "properties": {
        "@id": "way/745643960",
        "amenity": "hospital",
        "healthcare": "hospital",
        "@geometry": "center"
      },
      "geometry": {
        "type": "Point",
        "coordinates": [
          -6.8186826,
          33.9751527
        ]
      },
      "id": "way/745643960"
    },
    {
      "type": "Feature",
      "properties": {
        "@id": "way/745980491",
        "amenity": "hospital",
        "healthcare": "hospital",
        "name": "المؤسسة العمومية للصحة الجوارية\"سايج يحي\"",
        "name:ar": "المؤسسة العمومية للصحة الجوارية\"سايج يحي\"",
        "@geometry": "center"
      },
      "geometry": {
        "type": "Point",
        "coordinates": [
          -0.5718621,
          34.7874554
        ]
      },
      "id": "way/745980491"
    },
    {
      "type": "Feature",
      "properties": {
        "@id": "way/752847599",
        "amenity": "hospital",
        "healthcare": "hospital",
        "name": "قاعة العلاج خلوفة",
        "name:ar": "قاعة العلاج خلوفة",
        "@geometry": "center"
      },
      "geometry": {
        "type": "Point",
        "coordinates": [
          1.4944452,
          36.4811665
        ]
      },
      "id": "way/752847599"
    },
    {
      "type": "Feature",
      "properties": {
        "@id": "way/762442414",
        "addr:city": "ميدون",
        "amenity": "hospital",
        "healthcare": "hospital",
        "name": "مستشفى",
        "name:ar": "مستشفى",
        "name:fr": "Hôpital",
        "@geometry": "center"
      },
      "geometry": {
        "type": "Point",
        "coordinates": [
          10.9914518,
          33.8132061
        ]
      },
      "id": "way/762442414"
    },
    {
      "type": "Feature",
      "properties": {
        "@id": "way/763756662",
        "amenity": "hospital",
        "building": "yes",
        "emergency": "yes",
        "healthcare": "hospital",
        "layer": "1",
        "name": "Urgencias hospital San Carlos",
        "operator": "Junta de Andalucía",
        "operator:type": "government",
        "operator:wikidata": "Q2743342",
        "website": "https://www.sspa.juntadeandalucia.es/servicioandaluzdesalud/el-sas/servicios-y-centros/informacion-por-centros/31415",
        "wikidata": "Q3277335",
        "wikipedia": "es:Hospital Militar de San Carlos",
        "@geometry": "center"
      },
      "geometry": {
        "type": "Point",
        "coordinates": [
          -6.1954057,
          36.4802935
        ]
      },
      "id": "way/763756662"
    },
    {
      "type": "Feature",
      "properties": {
        "@id": "way/771472150",
        "amenity": "hospital",
        "healthcare": "hospital",
        "@geometry": "center"
      },
      "geometry": {
        "type": "Point",
        "coordinates": [
          11.3341933,
          31.8355102
        ]
      },
      "id": "way/771472150"
    },
    {
      "type": "Feature",
      "properties": {
        "@id": "way/771891429",
        "amenity": "hospital",
        "healthcare": "hospital",
        "@geometry": "center"
      },
      "geometry": {
        "type": "Point",
        "coordinates": [
          -2.4513318,
          36.8492664
        ]
      },
      "id": "way/771891429"
    },
    {
      "type": "Feature",
      "properties": {
        "@id": "way/778818343",
        "amenity": "hospital",
        "healthcare": "hospital",
        "@geometry": "center"
      },
      "geometry": {
        "type": "Point",
        "coordinates": [
          4.6864172,
          36.5515492
        ]
      },
      "id": "way/778818343"
    },
    {
      "type": "Feature",
      "properties": {
        "@id": "way/782420850",
        "amenity": "hospital",
        "description": "Hospital",
        "healthcare": "hospital",
        "@geometry": "center"
      },
      "geometry": {
        "type": "Point",
        "coordinates": [
          4.8916201,
          36.4076614
        ]
      },
      "id": "way/782420850"
    },
    {
      "type": "Feature",
      "properties": {
        "@id": "way/782736531",
        "amenity": "hospital",
        "healthcare": "hospital",
        "name": "Polyclinque d'Assa",
        "@geometry": "center"
      },
      "geometry": {
        "type": "Point",
        "coordinates": [
          -1.7834353,
          35.0413839
        ]
      },
      "id": "way/782736531"
    },
    {
      "type": "Feature",
      "properties": {
        "@id": "way/782742124",
        "amenity": "hospital",
        "healthcare": "hospital",
        "name": "Hôpital Arassa",
        "@geometry": "center"
      },
      "geometry": {
        "type": "Point",
        "coordinates": [
          4.8242014,
          36.4246109
        ]
      },
      "id": "way/782742124"
    },
    {
      "type": "Feature",
      "properties": {
        "@id": "way/782747424",
        "amenity": "hospital",
        "healthcare": "hospital",
        "@geometry": "center"
      },
      "geometry": {
        "type": "Point",
        "coordinates": [
          5.7121099,
          35.2163966
        ]
      },
      "id": "way/782747424"
    },
    {
      "type": "Feature",
      "properties": {
        "@id": "way/782747919",
        "amenity": "hospital",
        "healthcare": "hospital",
        "name": "Centre de Santé",
        "@geometry": "center"
      },
      "geometry": {
        "type": "Point",
        "coordinates": [
          4.5362567,
          36.4644518
        ]
      },
      "id": "way/782747919"
    },
    {
      "type": "Feature",
      "properties": {
        "@id": "way/782757798",
        "amenity": "hospital",
        "healthcare": "hospital",
        "name": "Centre de soins Tiliouacadi",
        "name:ar": "مركز رعاية ثلواقاضي",
        "name:kab": "Ammas n udawi n Telwaqaḍi",
        "@geometry": "center"
      },
      "geometry": {
        "type": "Point",
        "coordinates": [
          4.631398,
          36.6023927
        ]
      },
      "id": "way/782757798"
    },
    {
      "type": "Feature",
      "properties": {
        "@id": "way/782758647",
        "amenity": "hospital",
        "healthcare": "hospital",
        "name": "Centre de Soin Illilten",
        "@geometry": "center"
      },
      "geometry": {
        "type": "Point",
        "coordinates": [
          4.420723,
          36.5128079
        ]
      },
      "id": "way/782758647"
    },
    {
      "type": "Feature",
      "properties": {
        "@id": "way/782759372",
        "amenity": "hospital",
        "healthcare": "hospital",
        "name": "Hôpital Dellys",
        "@geometry": "center"
      },
      "geometry": {
        "type": "Point",
        "coordinates": [
          3.8951593,
          36.9166966
        ]
      },
      "id": "way/782759372"
    },
    {
      "type": "Feature",
      "properties": {
        "@id": "way/782759890",
        "amenity": "hospital",
        "healthcare": "hospital",
        "name": "Urgences",
        "@geometry": "center"
      },
      "geometry": {
        "type": "Point",
        "coordinates": [
          3.8948525,
          36.9171594
        ]
      },
      "id": "way/782759890"
    },
    {
      "type": "Feature",
      "properties": {
        "@id": "way/782760619",
        "addr:city": "سيدي بلعباس",
        "addr:city:ar": "سيدي بلعباس",
        "amenity": "hospital",
        "healthcare": "hospital",
        "name": "Clinique d'hémodialyse",
        "@geometry": "center"
      },
      "geometry": {
        "type": "Point",
        "coordinates": [
          -0.6428742,
          35.1844296
        ]
      },
      "id": "way/782760619"
    },
    {
      "type": "Feature",
      "properties": {
        "@id": "way/782769557",
        "amenity": "hospital",
        "healthcare": "hospital",
        "@geometry": "center"
      },
      "geometry": {
        "type": "Point",
        "coordinates": [
          9.4244695,
          29.9667167
        ]
      },
      "id": "way/782769557"
    },
    {
      "type": "Feature",
      "properties": {
        "@id": "way/782772403",
        "amenity": "hospital",
        "healthcare": "hospital",
        "name": "عيادة متعددة الخدمات أحمد ساسي",
        "@geometry": "center"
      },
      "geometry": {
        "type": "Point",
        "coordinates": [
          5.1056423,
          35.8103182
        ]
      },
      "id": "way/782772403"
    },
    {
      "type": "Feature",
      "properties": {
        "@id": "way/782773830",
        "amenity": "hospital",
        "healthcare": "hospital",
        "@geometry": "center"
      },
      "geometry": {
        "type": "Point",
        "coordinates": [
          3.3351013,
          36.6746289
        ]
      },
      "id": "way/782773830"
    },
    {
      "type": "Feature",
      "properties": {
        "@id": "way/782776469",
        "amenity": "hospital",
        "healthcare": "hospital",
        "name": "Centre de reéducation fonctionnelle",
        "@geometry": "center"
      },
      "geometry": {
        "type": "Point",
        "coordinates": [
          3.247116,
          34.6821633
        ]
      },
      "id": "way/782776469"
    },
    {
      "type": "Feature",
      "properties": {
        "@id": "way/782776803",
        "addr:city": "Alger-Centre",
        "addr:city:fr": "Alger-Centre",
        "amenity": "hospital",
        "check_date": "2026-03-18",
        "healthcare": "hospital",
        "name": "Hôpital des brûlés",
        "name:fr": "Hôpital des brûlés",
        "@geometry": "center"
      },
      "geometry": {
        "type": "Point",
        "coordinates": [
          3.0564528,
          36.7722282
        ]
      },
      "id": "way/782776803"
    },
    {
      "type": "Feature",
      "properties": {
        "@id": "way/782777219",
        "amenity": "hospital",
        "healthcare": "hospital",
        "name": "Centre Hospitalier",
        "@geometry": "center"
      },
      "geometry": {
        "type": "Point",
        "coordinates": [
          0.0624792,
          35.6550335
        ]
      },
      "id": "way/782777219"
    },
    {
      "type": "Feature",
      "properties": {
        "@id": "way/782777393",
        "amenity": "hospital",
        "healthcare": "hospital",
        "name": "EPH Sougueur",
        "@geometry": "center"
      },
      "geometry": {
        "type": "Point",
        "coordinates": [
          1.4917559,
          35.1866152
        ]
      },
      "id": "way/782777393"
    },
    {
      "type": "Feature",
      "properties": {
        "@id": "way/782778746",
        "amenity": "hospital",
        "healthcare": "hospital",
        "@geometry": "center"
      },
      "geometry": {
        "type": "Point",
        "coordinates": [
          4.378259,
          35.9256916
        ]
      },
      "id": "way/782778746"
    },
    {
      "type": "Feature",
      "properties": {
        "@id": "way/782779199",
        "addr:city": "Tablat",
        "amenity": "hospital",
        "building": "hospital",
        "healthcare": "hospital",
        "name": "Hôpital",
        "@geometry": "center"
      },
      "geometry": {
        "type": "Point",
        "coordinates": [
          3.3096418,
          36.4157217
        ]
      },
      "id": "way/782779199"
    },
    {
      "type": "Feature",
      "properties": {
        "@id": "way/782779420",
        "amenity": "hospital",
        "healthcare": "hospital",
        "@geometry": "center"
      },
      "geometry": {
        "type": "Point",
        "coordinates": [
          5.022896,
          35.8829527
        ]
      },
      "id": "way/782779420"
    },
    {
      "type": "Feature",
      "properties": {
        "@id": "way/782780778",
        "addr:city": "جانت",
        "amenity": "hospital",
        "healthcare": "hospital",
        "name": "المستشفى المحلي L'hôpital local",
        "name:ar": "المستشفى المحلي",
        "name:fr": "L'hôpital local",
        "@geometry": "center"
      },
      "geometry": {
        "type": "Point",
        "coordinates": [
          9.4840001,
          24.5534919
        ]
      },
      "id": "way/782780778"
    },
    {
      "type": "Feature",
      "properties": {
        "@id": "way/782781229",
        "addr:city": "مديونة",
        "addr:city:ar": "مديونة",
        "amenity": "hospital",
        "healthcare": "hospital",
        "@geometry": "center"
      },
      "geometry": {
        "type": "Point",
        "coordinates": [
          0.7442362,
          36.1222385
        ]
      },
      "id": "way/782781229"
    },
    {
      "type": "Feature",
      "properties": {
        "@id": "way/782781423",
        "amenity": "hospital",
        "healthcare": "hospital",
        "@geometry": "center"
      },
      "geometry": {
        "type": "Point",
        "coordinates": [
          2.7662587,
          36.3599346
        ]
      },
      "id": "way/782781423"
    },
    {
      "type": "Feature",
      "properties": {
        "@id": "way/782781878",
        "amenity": "hospital",
        "healthcare": "hospital",
        "@geometry": "center"
      },
      "geometry": {
        "type": "Point",
        "coordinates": [
          -1.1392738,
          35.0695389
        ]
      },
      "id": "way/782781878"
    },
    {
      "type": "Feature",
      "properties": {
        "@id": "way/782782263",
        "amenity": "hospital",
        "healthcare": "hospital",
        "name": "مصلحة الامومة الريفية",
        "name:ar": "مصلحة الامومة الريفية",
        "name:fr": "Service maternité rurale",
        "@geometry": "center"
      },
      "geometry": {
        "type": "Point",
        "coordinates": [
          0.7208537,
          29.7082616
        ]
      },
      "id": "way/782782263"
    },
    {
      "type": "Feature",
      "properties": {
        "@id": "way/782782501",
        "amenity": "hospital",
        "healthcare": "hospital",
        "name": "Dispensaire Ammour Ahmed",
        "@geometry": "center"
      },
      "geometry": {
        "type": "Point",
        "coordinates": [
          -1.1316301,
          35.3003559
        ]
      },
      "id": "way/782782501"
    },
    {
      "type": "Feature",
      "properties": {
        "@id": "way/782809622",
        "amenity": "hospital",
        "healthcare": "hospital",
        "name": "مستشفى نالوت المركزي",
        "name:ar": "مستشفى نالوت المركزي",
        "name:en": "NALUT Central Hospital",
        "@geometry": "center"
      },
      "geometry": {
        "type": "Point",
        "coordinates": [
          10.9882748,
          31.8562102
        ]
      },
      "id": "way/782809622"
    },
    {
      "type": "Feature",
      "properties": {
        "@id": "way/782811801",
        "addr:city": "نالوت",
        "amenity": "hospital",
        "healthcare": "hospital",
        "healthcare:speciality": "general;stomatology",
        "name": "المركز الصحي نالوت (مستشفى قديم سابقا)",
        "name:ar": "المركز الصحي نالوت (مستشفى قديم سابقا)",
        "name:en": "HealthCare -Old Hospital",
        "@geometry": "center"
      },
      "geometry": {
        "type": "Point",
        "coordinates": [
          10.9831619,
          31.8623228
        ]
      },
      "id": "way/782811801"
    },
    {
      "type": "Feature",
      "properties": {
        "@id": "way/782977301",
        "amenity": "hospital",
        "healthcare": "hospital",
        "@geometry": "center"
      },
      "geometry": {
        "type": "Point",
        "coordinates": [
          11.4163969,
          31.8541499
        ]
      },
      "id": "way/782977301"
    },
    {
      "type": "Feature",
      "properties": {
        "@id": "way/782986915",
        "addr:city": "El Madher",
        "amenity": "hospital",
        "healthcare": "hospital",
        "name": "Hôpital psychiatrique d'El Madher",
        "name:ar": "مستشفى الأمراض العقلية سابقا",
        "name:en": "Old psychiatry",
        "@geometry": "center"
      },
      "geometry": {
        "type": "Point",
        "coordinates": [
          6.3691313,
          35.6239309
        ]
      },
      "id": "way/782986915"
    },
    {
      "type": "Feature",
      "properties": {
        "@id": "way/782988321",
        "amenity": "hospital",
        "healthcare": "hospital",
        "@geometry": "center"
      },
      "geometry": {
        "type": "Point",
        "coordinates": [
          -0.4253145,
          27.9634347
        ]
      },
      "id": "way/782988321"
    },
    {
      "type": "Feature",
      "properties": {
        "@id": "way/782988680",
        "amenity": "hospital",
        "healthcare": "hospital",
        "name": "Centre médical",
        "@geometry": "center"
      },
      "geometry": {
        "type": "Point",
        "coordinates": [
          0.2098315,
          35.8095057
        ]
      },
      "id": "way/782988680"
    },
    {
      "type": "Feature",
      "properties": {
        "@id": "way/782994058",
        "amenity": "hospital",
        "healthcare": "hospital",
        "name": "Centre de soin Afir",
        "name:ar": "مركز رعاية أعفير",
        "@geometry": "center"
      },
      "geometry": {
        "type": "Point",
        "coordinates": [
          4.1695394,
          36.8098895
        ]
      },
      "id": "way/782994058"
    },
    {
      "type": "Feature",
      "properties": {
        "@id": "way/782994211",
        "amenity": "hospital",
        "healthcare": "hospital",
        "name": "centre de santé",
        "@geometry": "center"
      },
      "geometry": {
        "type": "Point",
        "coordinates": [
          1.3071838,
          36.1558075
        ]
      },
      "id": "way/782994211"
    },
    {
      "type": "Feature",
      "properties": {
        "@id": "way/782994504",
        "amenity": "hospital",
        "healthcare": "hospital",
        "name": "مصحة بلعرج",
        "name:ar": "مصحة بلعرج",
        "name:fr": "Clinique Belaredj",
        "@geometry": "center"
      },
      "geometry": {
        "type": "Point",
        "coordinates": [
          3.0649343,
          36.7426837
        ]
      },
      "id": "way/782994504"
    },
    {
      "type": "Feature",
      "properties": {
        "@id": "way/783000814",
        "amenity": "hospital",
        "healthcare": "hospital",
        "@geometry": "center"
      },
      "geometry": {
        "type": "Point",
        "coordinates": [
          0.1876666,
          35.7798067
        ]
      },
      "id": "way/783000814"
    },
    {
      "type": "Feature",
      "properties": {
        "@id": "way/783003391",
        "amenity": "hospital",
        "healthcare": "hospital",
        "name": "Hôpital de Aïn Touta",
        "name:ar": "المستشفى",
        "name:fr": "Hôpital de Aïn Touta",
        "@geometry": "center"
      },
      "geometry": {
        "type": "Point",
        "coordinates": [
          5.8972064,
          35.3797246
        ]
      },
      "id": "way/783003391"
    },
    {
      "type": "Feature",
      "properties": {
        "@id": "way/783003902",
        "amenity": "hospital",
        "healthcare": "hospital",
        "name": "Dispensaire",
        "@geometry": "center"
      },
      "geometry": {
        "type": "Point",
        "coordinates": [
          1.1239294,
          36.0719045
        ]
      },
      "id": "way/783003902"
    },
    {
      "type": "Feature",
      "properties": {
        "@id": "way/783004268",
        "amenity": "hospital",
        "healthcare": "hospital",
        "name": "EPSP",
        "@geometry": "center"
      },
      "geometry": {
        "type": "Point",
        "coordinates": [
          5.2931877,
          35.9167765
        ]
      },
      "id": "way/783004268"
    },
    {
      "type": "Feature",
      "properties": {
        "@id": "way/783004472",
        "addr:city": "تاوريرت آغيل",
        "addr:city:ar": "تاوريرت آغيل",
        "amenity": "hospital",
        "healthcare": "hospital",
        "name": "مستشفى تاوريرت آغيل",
        "name:ar": "مستشفى تاوريرت آغيل",
        "name:en": "Taourirt Ighil Hospital",
        "name:fr": "Hôpital Taourirt Ighil",
        "@geometry": "center"
      },
      "geometry": {
        "type": "Point",
        "coordinates": [
          4.6966253,
          36.6997432
        ]
      },
      "id": "way/783004472"
    },
    {
      "type": "Feature",
      "properties": {
        "@id": "way/783007476",
        "amenity": "hospital",
        "healthcare": "hospital",
        "name": "Polyclinique",
        "@geometry": "center"
      },
      "geometry": {
        "type": "Point",
        "coordinates": [
          6.1729546,
          36.1636155
        ]
      },
      "id": "way/783007476"
    },
    {
      "type": "Feature",
      "properties": {
        "@id": "way/783008755",
        "amenity": "hospital",
        "healthcare": "hospital",
        "@geometry": "center"
      },
      "geometry": {
        "type": "Point",
        "coordinates": [
          4.6233738,
          36.0665888
        ]
      },
      "id": "way/783008755"
    },
    {
      "type": "Feature",
      "properties": {
        "@id": "way/783008895",
        "amenity": "hospital",
        "healthcare": "hospital",
        "name": "Hôpital",
        "@geometry": "center"
      },
      "geometry": {
        "type": "Point",
        "coordinates": [
          0.9659076,
          36.15959
        ]
      },
      "id": "way/783008895"
    },
    {
      "type": "Feature",
      "properties": {
        "@id": "way/783009072",
        "amenity": "hospital",
        "healthcare": "hospital",
        "@geometry": "center"
      },
      "geometry": {
        "type": "Point",
        "coordinates": [
          0.965613,
          36.1621347
        ]
      },
      "id": "way/783009072"
    },
    {
      "type": "Feature",
      "properties": {
        "@id": "way/783010148",
        "amenity": "hospital",
        "healthcare": "hospital",
        "name": "Polyclinique Douera",
        "@geometry": "center"
      },
      "geometry": {
        "type": "Point",
        "coordinates": [
          2.9395905,
          36.6686226
        ]
      },
      "id": "way/783010148"
    },
    {
      "type": "Feature",
      "properties": {
        "@id": "way/783010394",
        "amenity": "hospital",
        "healthcare": "hospital",
        "name": "EPH Belhi Abdelhamid",
        "@geometry": "center"
      },
      "geometry": {
        "type": "Point",
        "coordinates": [
          5.9803787,
          36.1200757
        ]
      },
      "id": "way/783010394"
    },
    {
      "type": "Feature",
      "properties": {
        "@id": "way/783012784",
        "amenity": "hospital",
        "healthcare": "hospital",
        "name": "مستشفى الأمومة والتوليد",
        "name:ar": "مستشفى الأمومة والتوليد",
        "name:fr": "Hôpital de maternité et d'obstétrique",
        "@geometry": "center"
      },
      "geometry": {
        "type": "Point",
        "coordinates": [
          7.3943559,
          35.7949972
        ]
      },
      "id": "way/783012784"
    },
    {
      "type": "Feature",
      "properties": {
        "@id": "way/783013626",
        "amenity": "hospital",
        "healthcare": "hospital",
        "@geometry": "center"
      },
      "geometry": {
        "type": "Point",
        "coordinates": [
          -0.1881108,
          35.5304624
        ]
      },
      "id": "way/783013626"
    },
    {
      "type": "Feature",
      "properties": {
        "@id": "way/783014705",
        "amenity": "hospital",
        "healthcare": "hospital",
        "name": "المستشفى القديم",
        "@geometry": "center"
      },
      "geometry": {
        "type": "Point",
        "coordinates": [
          7.3908763,
          35.7915882
        ]
      },
      "id": "way/783014705"
    },
    {
      "type": "Feature",
      "properties": {
        "@id": "way/783019304",
        "amenity": "hospital",
        "healthcare": "hospital",
        "name": "مستشفى عين غار",
        "name:ar": "مستشفى عين غار",
        "name:fr": "Hôpital In Ghar",
        "@geometry": "center"
      },
      "geometry": {
        "type": "Point",
        "coordinates": [
          1.9098396,
          27.1071186
        ]
      },
      "id": "way/783019304"
    },
    {
      "type": "Feature",
      "properties": {
        "@id": "way/783028829",
        "amenity": "hospital",
        "healthcare": "hospital",
        "name": "عيادة الصندوق الوطني للتوفير والاحتياط",
        "name:ar": "عيادة الصندوق الوطني للتوفير والاحتياط",
        "@geometry": "center"
      },
      "geometry": {
        "type": "Point",
        "coordinates": [
          1.0249919,
          33.6741466
        ]
      },
      "id": "way/783028829"
    },
    {
      "type": "Feature",
      "properties": {
        "@id": "way/783028970",
        "amenity": "hospital",
        "healthcare": "hospital",
        "name": "مستشفى سريانة",
        "name:ar": "مستشفى سريانة",
        "name:fr": "Hôpital de Seriana",
        "@geometry": "center"
      },
      "geometry": {
        "type": "Point",
        "coordinates": [
          6.1846172,
          35.6899842
        ]
      },
      "id": "way/783028970"
    },
    {
      "type": "Feature",
      "properties": {
        "@id": "way/783029547",
        "amenity": "hospital",
        "healthcare": "hospital",
        "name": "مستشفى حاسي مسعود",
        "name:ar": "مستشفى حاسي مسعود",
        "name:fr": "Hôpital Hassi Messaoud",
        "@geometry": "center"
      },
      "geometry": {
        "type": "Point",
        "coordinates": [
          6.0642626,
          31.6903595
        ]
      },
      "id": "way/783029547"
    },
    {
      "type": "Feature",
      "properties": {
        "@id": "way/783031560",
        "amenity": "hospital",
        "healthcare": "hospital",
        "name": "عيادة تصفية الدم",
        "name:ar": "عيادة تصفية الدم",
        "@geometry": "center"
      },
      "geometry": {
        "type": "Point",
        "coordinates": [
          3.0223611,
          35.0876953
        ]
      },
      "id": "way/783031560"
    },
    {
      "type": "Feature",
      "properties": {
        "@id": "way/783031975",
        "amenity": "hospital",
        "healthcare": "hospital",
        "name": "Polyclinique Souk El Tenine",
        "name:fr": "Polyclinique Souk-El-Tenine",
        "@geometry": "center"
      },
      "geometry": {
        "type": "Point",
        "coordinates": [
          5.3361529,
          36.6262547
        ]
      },
      "id": "way/783031975"
    },
    {
      "type": "Feature",
      "properties": {
        "@id": "way/783032259",
        "amenity": "hospital",
        "healthcare": "hospital",
        "name": "Hôpital",
        "@geometry": "center"
      },
      "geometry": {
        "type": "Point",
        "coordinates": [
          6.3259149,
          36.3982047
        ]
      },
      "id": "way/783032259"
    },
    {
      "type": "Feature",
      "properties": {
        "@id": "way/783037177",
        "amenity": "hospital",
        "healthcare": "hospital",
        "name": "المؤسسة العمومية للصحة الجوارية",
        "name:ar": "المؤسسة العمومية للصحة الجوارية",
        "@geometry": "center"
      },
      "geometry": {
        "type": "Point",
        "coordinates": [
          0.9607444,
          21.3311213
        ]
      },
      "id": "way/783037177"
    },
    {
      "type": "Feature",
      "properties": {
        "@id": "way/783037335",
        "amenity": "hospital",
        "healthcare": "hospital",
        "name": "مستشفى تاجموت",
        "name:ar": "مستشفى تاجموت",
        "@geometry": "center"
      },
      "geometry": {
        "type": "Point",
        "coordinates": [
          2.5272309,
          33.8806037
        ]
      },
      "id": "way/783037335"
    },
    {
      "type": "Feature",
      "properties": {
        "@id": "way/783037577",
        "amenity": "hospital",
        "healthcare": "hospital",
        "@geometry": "center"
      },
      "geometry": {
        "type": "Point",
        "coordinates": [
          3.1386337,
          33.7888831
        ]
      },
      "id": "way/783037577"
    },
    {
      "type": "Feature",
      "properties": {
        "@id": "way/783037698",
        "addr:city": "ششار",
        "addr:city:ar": "ششار",
        "amenity": "hospital",
        "healthcare": "hospital",
        "internet_access": "wlan",
        "@geometry": "center"
      },
      "geometry": {
        "type": "Point",
        "coordinates": [
          7.0019715,
          35.0401673
        ]
      },
      "id": "way/783037698"
    },
    {
      "type": "Feature",
      "properties": {
        "@id": "way/783037996",
        "amenity": "hospital",
        "healthcare": "hospital",
        "name": "Hopital Selmane",
        "@geometry": "center"
      },
      "geometry": {
        "type": "Point",
        "coordinates": [
          4.7700384,
          35.6909758
        ]
      },
      "id": "way/783037996"
    },
    {
      "type": "Feature",
      "properties": {
        "@id": "way/783038243",
        "amenity": "hospital",
        "healthcare": "hospital",
        "name": "المؤسسة العمومية الاستشفائية هواري بومدين",
        "name:ar": "المؤسسة العمومية الاستشفائية هواري بومدين",
        "name:fr": "EPHP Houari Boumediene",
        "@geometry": "center"
      },
      "geometry": {
        "type": "Point",
        "coordinates": [
          7.5335262,
          36.1319483
        ]
      },
      "id": "way/783038243"
    },
    {
      "type": "Feature",
      "properties": {
        "@id": "way/783038492",
        "amenity": "hospital",
        "healthcare": "hospital",
        "name": "المستشفى القديم",
        "name:ar": "المستشفى القديم",
        "@geometry": "center"
      },
      "geometry": {
        "type": "Point",
        "coordinates": [
          7.5301547,
          36.1323737
        ]
      },
      "id": "way/783038492"
    },
    {
      "type": "Feature",
      "properties": {
        "@id": "way/783038602",
        "amenity": "hospital",
        "check_date": "2024-09-17",
        "healthcare": "hospital",
        "name:ar": "مستشفى الشرطة",
        "name:en": "Police Hospital",
        "name:fr": "Hôpital Police",
        "note": "Private: Access exclusive to members of the police.",
        "operator": "Algérie Police",
        "operator:type": "government",
        "@geometry": "center"
      },
      "geometry": {
        "type": "Point",
        "coordinates": [
          6.1904586,
          35.5405483
        ]
      },
      "id": "way/783038602"
    },
    {
      "type": "Feature",
      "properties": {
        "@id": "way/783038656",
        "amenity": "hospital",
        "healthcare": "hospital",
        "@geometry": "center"
      },
      "geometry": {
        "type": "Point",
        "coordinates": [
          4.2798166,
          35.2220361
        ]
      },
      "id": "way/783038656"
    },
    {
      "type": "Feature",
      "properties": {
        "@id": "way/783038955",
        "amenity": "hospital",
        "healthcare": "hospital",
        "name": "policlinique Diar Zarga",
        "@geometry": "center"
      },
      "geometry": {
        "type": "Point",
        "coordinates": [
          7.9713787,
          36.2873276
        ]
      },
      "id": "way/783038955"
    },
    {
      "type": "Feature",
      "properties": {
        "@id": "way/783039579",
        "amenity": "hospital",
        "healthcare": "hospital",
        "name": "قاعة العلاج . حاسي الفحل",
        "name:ar": "قاعة العلاج . حاسي الفحل",
        "name:fr": "Centre de santé",
        "@geometry": "center"
      },
      "geometry": {
        "type": "Point",
        "coordinates": [
          3.6774208,
          31.6052855
        ]
      },
      "id": "way/783039579"
    },
    {
      "type": "Feature",
      "properties": {
        "@id": "way/783039820",
        "amenity": "hospital",
        "healthcare": "hospital",
        "name": "مستوصف",
        "name:ar": "مستوصف",
        "name:fr": "Dispensaire",
        "@geometry": "center"
      },
      "geometry": {
        "type": "Point",
        "coordinates": [
          5.6157028,
          35.122105
        ]
      },
      "id": "way/783039820"
    },
    {
      "type": "Feature",
      "properties": {
        "@id": "way/783039982",
        "addr:city": "chaib mekla",
        "addr:street": "route CW150",
        "amenity": "hospital",
        "healthcare": "hospital",
        "name": "Etablissement hospitalier privé les Amandiers",
        "phone": "026 37 00 02",
        "@geometry": "center"
      },
      "geometry": {
        "type": "Point",
        "coordinates": [
          4.2394763,
          36.7026504
        ]
      },
      "id": "way/783039982"
    },
    {
      "type": "Feature",
      "properties": {
        "@id": "way/783040800",
        "amenity": "hospital",
        "healthcare": "hospital",
        "name": "المركز الصحي الجواري 5 جويلية",
        "name:ar": "المركز الصحي الجواري 5 جويلية",
        "name:fr": "EPSP",
        "@geometry": "center"
      },
      "geometry": {
        "type": "Point",
        "coordinates": [
          4.7443789,
          36.0721605
        ]
      },
      "id": "way/783040800"
    },
    {
      "type": "Feature",
      "properties": {
        "@id": "way/783041002",
        "amenity": "hospital",
        "healthcare": "hospital",
        "name": "Clinique Mouhannad Amqran",
        "name:ar": "عيادة محند امقران",
        "name:fr": "Clinique Mouhannad Amqran",
        "@geometry": "center"
      },
      "geometry": {
        "type": "Point",
        "coordinates": [
          3.0014148,
          36.7678267
        ]
      },
      "id": "way/783041002"
    },
    {
      "type": "Feature",
      "properties": {
        "@id": "way/783041257",
        "amenity": "hospital",
        "healthcare": "hospital",
        "name": "Maillot",
        "@geometry": "center"
      },
      "geometry": {
        "type": "Point",
        "coordinates": [
          3.0461873,
          36.7899631
        ]
      },
      "id": "way/783041257"
    },
    {
      "type": "Feature",
      "properties": {
        "@id": "way/783042598",
        "amenity": "hospital",
        "healthcare": "hospital",
        "@geometry": "center"
      },
      "geometry": {
        "type": "Point",
        "coordinates": [
          5.9062481,
          34.7552446
        ]
      },
      "id": "way/783042598"
    },
    {
      "type": "Feature",
      "properties": {
        "@id": "way/783044197",
        "amenity": "hospital",
        "healthcare": "hospital",
        "@geometry": "center"
      },
      "geometry": {
        "type": "Point",
        "coordinates": [
          -0.6739198,
          35.6364273
        ]
      },
      "id": "way/783044197"
    },
    {
      "type": "Feature",
      "properties": {
        "@id": "way/783044237",
        "amenity": "hospital",
        "healthcare": "hospital",
        "name": "عيادة رمزي صايم",
        "name:ar": "عيادة رمزي صايم",
        "@geometry": "center"
      },
      "geometry": {
        "type": "Point",
        "coordinates": [
          7.4011254,
          35.7908073
        ]
      },
      "id": "way/783044237"
    },
    {
      "type": "Feature",
      "properties": {
        "@id": "way/783044476",
        "addr:city": "حجاج",
        "addr:city:ar": "حجاج",
        "amenity": "hospital",
        "healthcare": "hospital",
        "name": "المؤسسة الصحة العامة حجاج",
        "name:ar": "المؤسسة الصحة العامة حجاج",
        "name:fr": "Entreprise publique de la santé publique Hadjadj",
        "@geometry": "center"
      },
      "geometry": {
        "type": "Point",
        "coordinates": [
          0.3251296,
          36.0961042
        ]
      },
      "id": "way/783044476"
    },
    {
      "type": "Feature",
      "properties": {
        "@id": "way/783048837",
        "addr:city": "تيارت",
        "addr:city:ar": "تيارت",
        "amenity": "hospital",
        "healthcare": "hospital",
        "name": "بلفرحات",
        "name:ar": "بلفرحات",
        "@geometry": "center"
      },
      "geometry": {
        "type": "Point",
        "coordinates": [
          1.318781,
          35.3697872
        ]
      },
      "id": "way/783048837"
    },
    {
      "type": "Feature",
      "properties": {
        "@id": "way/783049171",
        "amenity": "hospital",
        "healthcare": "hospital",
        "name": "Sbitar",
        "@geometry": "center"
      },
      "geometry": {
        "type": "Point",
        "coordinates": [
          2.1884336,
          36.6056306
        ]
      },
      "id": "way/783049171"
    },
    {
      "type": "Feature",
      "properties": {
        "@id": "way/783049883",
        "amenity": "hospital",
        "healthcare": "hospital",
        "name": "العربي سلامي",
        "name:ar": "العربي سلامي",
        "name:fr": "Larbi Sellami",
        "@geometry": "center"
      },
      "geometry": {
        "type": "Point",
        "coordinates": [
          5.1271948,
          36.2722227
        ]
      },
      "id": "way/783049883"
    },
    {
      "type": "Feature",
      "properties": {
        "@id": "way/783050169",
        "amenity": "hospital",
        "healthcare": "hospital",
        "name": "صيدلية بوجاهم",
        "name:ar": "صيدلية بوجاهم",
        "@geometry": "center"
      },
      "geometry": {
        "type": "Point",
        "coordinates": [
          7.5299193,
          36.3703813
        ]
      },
      "id": "way/783050169"
    },
    {
      "type": "Feature",
      "properties": {
        "@id": "way/783050562",
        "amenity": "hospital",
        "healthcare": "hospital",
        "@geometry": "center"
      },
      "geometry": {
        "type": "Point",
        "coordinates": [
          8.0479385,
          36.1644476
        ]
      },
      "id": "way/783050562"
    },
    {
      "type": "Feature",
      "properties": {
        "@id": "way/783051248",
        "amenity": "hospital",
        "healthcare": "hospital",
        "language:ar": "main",
        "name": "مستشفى أولاد ميمون",
        "name:ar": "مستشفى أولاد ميمون",
        "name:fr": "Hôpital",
        "@geometry": "center"
      },
      "geometry": {
        "type": "Point",
        "coordinates": [
          -1.0328629,
          34.9050334
        ]
      },
      "id": "way/783051248"
    },
    {
      "type": "Feature",
      "properties": {
        "@id": "way/783051776",
        "amenity": "hospital",
        "healthcare": "hospital",
        "name": "Nouveau Centre de santé (non encore achevé)",
        "@geometry": "center"
      },
      "geometry": {
        "type": "Point",
        "coordinates": [
          4.0372967,
          36.257423
        ]
      },
      "id": "way/783051776"
    },
    {
      "type": "Feature",
      "properties": {
        "@id": "way/783052102",
        "amenity": "hospital",
        "healthcare": "hospital",
        "@geometry": "center"
      },
      "geometry": {
        "type": "Point",
        "coordinates": [
          1.9546052,
          36.2598463
        ]
      },
      "id": "way/783052102"
    },
    {
      "type": "Feature",
      "properties": {
        "@id": "way/783052505",
        "addr:city": "خنشلة",
        "addr:city:ar": "خنشلة",
        "amenity": "hospital",
        "healthcare": "hospital",
        "@geometry": "center"
      },
      "geometry": {
        "type": "Point",
        "coordinates": [
          7.1239357,
          35.4495008
        ]
      },
      "id": "way/783052505"
    },
    {
      "type": "Feature",
      "properties": {
        "@id": "way/783054336",
        "amenity": "hospital",
        "healthcare": "hospital",
        "name": "Polyclinique",
        "@geometry": "center"
      },
      "geometry": {
        "type": "Point",
        "coordinates": [
          6.626251,
          35.4825313
        ]
      },
      "id": "way/783054336"
    },
    {
      "type": "Feature",
      "properties": {
        "@id": "way/783054824",
        "amenity": "hospital",
        "healthcare": "hospital",
        "name": "Hôpital de Bormadia",
        "@geometry": "center"
      },
      "geometry": {
        "type": "Point",
        "coordinates": [
          0.5743677,
          35.7063541
        ]
      },
      "id": "way/783054824"
    },
    {
      "type": "Feature",
      "properties": {
        "@id": "way/783056585",
        "amenity": "hospital",
        "healthcare": "hospital",
        "name": "C.R.M.T ASL",
        "@geometry": "center"
      },
      "geometry": {
        "type": "Point",
        "coordinates": [
          9.5739302,
          28.0393734
        ]
      },
      "id": "way/783056585"
    },
    {
      "type": "Feature",
      "properties": {
        "@id": "way/783058695",
        "amenity": "hospital",
        "healthcare": "hospital",
        "name": "Polyclinique",
        "@geometry": "center"
      },
      "geometry": {
        "type": "Point",
        "coordinates": [
          2.7520036,
          35.8863252
        ]
      },
      "id": "way/783058695"
    },
    {
      "type": "Feature",
      "properties": {
        "@id": "way/783059238",
        "amenity": "hospital",
        "healthcare": "hospital",
        "name": "المؤسسة العمومية للصحة الجوارية",
        "name:ar": "المؤسسة العمومية للصحة الجوارية",
        "name:fr": "EPSP",
        "@geometry": "center"
      },
      "geometry": {
        "type": "Point",
        "coordinates": [
          4.4534491,
          34.1837756
        ]
      },
      "id": "way/783059238"
    },
    {
      "type": "Feature",
      "properties": {
        "@id": "way/783059461",
        "addr:street": "عين صالح",
        "amenity": "hospital",
        "healthcare": "hospital",
        "name": "المركز الطبي البيداغوجي للأطفال المعاقين ذهنيا",
        "name:ar": "المركز الطبي البيداغوجي للأطفال المعاقين ذهنيا",
        "name:fr": "Centre Médico-Pédagogique pour Enfants Handicapés Mentaux",
        "@geometry": "center"
      },
      "geometry": {
        "type": "Point",
        "coordinates": [
          2.4912282,
          27.1831613
        ]
      },
      "id": "way/783059461"
    },
    {
      "type": "Feature",
      "properties": {
        "@id": "way/783059684",
        "amenity": "hospital",
        "healthcare": "hospital",
        "@geometry": "center"
      },
      "geometry": {
        "type": "Point",
        "coordinates": [
          3.0087918,
          36.5786686
        ]
      },
      "id": "way/783059684"
    },
    {
      "type": "Feature",
      "properties": {
        "@id": "way/783081061",
        "amenity": "hospital",
        "healthcare": "hospital",
        "name": "مركز صحي",
        "name:ar": "مركز صحي",
        "@geometry": "center"
      },
      "geometry": {
        "type": "Point",
        "coordinates": [
          0.5767665,
          35.7538109
        ]
      },
      "id": "way/783081061"
    },
    {
      "type": "Feature",
      "properties": {
        "@id": "way/783081273",
        "amenity": "hospital",
        "healthcare": "hospital",
        "name": "Polyclinique",
        "@geometry": "center"
      },
      "geometry": {
        "type": "Point",
        "coordinates": [
          5.2142114,
          35.7586555
        ]
      },
      "id": "way/783081273"
    },
    {
      "type": "Feature",
      "properties": {
        "@id": "way/783081628",
        "addr:street": "الشريط",
        "amenity": "hospital",
        "healthcare": "hospital",
        "name": "العيادة المتعددة الخدمات الجديدة عين صالح",
        "name:ar": "العيادة المتعددة الخدمات الجديدة عين صالح",
        "name:fr": "Polyclinique In Salah",
        "@geometry": "center"
      },
      "geometry": {
        "type": "Point",
        "coordinates": [
          2.4903237,
          27.1851202
        ]
      },
      "id": "way/783081628"
    },
    {
      "type": "Feature",
      "properties": {
        "@id": "way/783081790",
        "amenity": "hospital",
        "healthcare": "hospital",
        "healthcare:speciality": "multi_speciality",
        "language:ar": "yes",
        "@geometry": "center"
      },
      "geometry": {
        "type": "Point",
        "coordinates": [
          5.2761375,
          36.5478992
        ]
      },
      "id": "way/783081790"
    },
    {
      "type": "Feature",
      "properties": {
        "@id": "way/783082108",
        "amenity": "hospital",
        "healthcare": "hospital",
        "name": "مستوصف",
        "name:ar": "مستوصف",
        "name:fr": "Clinique",
        "@geometry": "center"
      },
      "geometry": {
        "type": "Point",
        "coordinates": [
          -2.1687462,
          30.1281329
        ]
      },
      "id": "way/783082108"
    },
    {
      "type": "Feature",
      "properties": {
        "@id": "way/783082278",
        "amenity": "hospital",
        "healthcare": "hospital",
        "@geometry": "center"
      },
      "geometry": {
        "type": "Point",
        "coordinates": [
          7.2935634,
          36.8584326
        ]
      },
      "id": "way/783082278"
    },
    {
      "type": "Feature",
      "properties": {
        "@id": "way/783082683",
        "amenity": "hospital",
        "healthcare": "hospital",
        "name": "Centre de santé Souk El Tenine",
        "@geometry": "center"
      },
      "geometry": {
        "type": "Point",
        "coordinates": [
          -1.5055831,
          35.2273355
        ]
      },
      "id": "way/783082683"
    },
    {
      "type": "Feature",
      "properties": {
        "@id": "way/783082851",
        "amenity": "hospital",
        "healthcare": "hospital",
        "name": "عيادة متعددة الخدمات بني شبانة",
        "name:ar": "عيادة متعددة الخدمات بني شبانة",
        "name:fr": "Polyclinique Beni Chebana",
        "@geometry": "center"
      },
      "geometry": {
        "type": "Point",
        "coordinates": [
          4.8671597,
          36.4688501
        ]
      },
      "id": "way/783082851"
    },
    {
      "type": "Feature",
      "properties": {
        "@id": "way/783083242",
        "amenity": "hospital",
        "healthcare": "hospital",
        "@geometry": "center"
      },
      "geometry": {
        "type": "Point",
        "coordinates": [
          3.3041742,
          36.7748688
        ]
      },
      "id": "way/783083242"
    },
    {
      "type": "Feature",
      "properties": {
        "@id": "way/783083342",
        "amenity": "hospital",
        "emergency": "yes",
        "healthcare": "hospital",
        "language:ar": "main",
        "@geometry": "center"
      },
      "geometry": {
        "type": "Point",
        "coordinates": [
          5.1635792,
          36.6149609
        ]
      },
      "id": "way/783083342"
    },
    {
      "type": "Feature",
      "properties": {
        "@id": "way/783083847",
        "amenity": "hospital",
        "healthcare": "hospital",
        "name": "بوصيدة كسال",
        "name:ar": "بوصيدة كسال",
        "@geometry": "center"
      },
      "geometry": {
        "type": "Point",
        "coordinates": [
          4.8896716,
          35.9027194
        ]
      },
      "id": "way/783083847"
    },
    {
      "type": "Feature",
      "properties": {
        "@id": "way/783084081",
        "amenity": "hospital",
        "healthcare": "hospital",
        "@geometry": "center"
      },
      "geometry": {
        "type": "Point",
        "coordinates": [
          5.102094,
          34.5969025
        ]
      },
      "id": "way/783084081"
    },
    {
      "type": "Feature",
      "properties": {
        "@id": "way/783084296",
        "amenity": "hospital",
        "healthcare": "hospital",
        "name": "Maternité",
        "@geometry": "center"
      },
      "geometry": {
        "type": "Point",
        "coordinates": [
          0.096135,
          35.9247826
        ]
      },
      "id": "way/783084296"
    },
    {
      "type": "Feature",
      "properties": {
        "@id": "way/783084933",
        "amenity": "hospital",
        "healthcare": "hospital",
        "name": "عيادة متعددة الخدمات",
        "name:ar": "عيادة متعددة الخدمات",
        "name:fr": "Clinique multi-services",
        "@geometry": "center"
      },
      "geometry": {
        "type": "Point",
        "coordinates": [
          5.9946343,
          34.9454777
        ]
      },
      "id": "way/783084933"
    },
    {
      "type": "Feature",
      "properties": {
        "@id": "way/783085368",
        "amenity": "hospital",
        "healthcare": "hospital",
        "name": "قاعة علاج",
        "name:ar": "قاعة علاج",
        "@geometry": "center"
      },
      "geometry": {
        "type": "Point",
        "coordinates": [
          6.010029,
          34.9511494
        ]
      },
      "id": "way/783085368"
    },
    {
      "type": "Feature",
      "properties": {
        "@id": "way/783085450",
        "amenity": "hospital",
        "healthcare": "hospital",
        "name": "Centre d'imagerie médicale mahmoudi",
        "@geometry": "center"
      },
      "geometry": {
        "type": "Point",
        "coordinates": [
          4.0393588,
          36.7008896
        ]
      },
      "id": "way/783085450"
    },
    {
      "type": "Feature",
      "properties": {
        "@id": "way/783085816",
        "amenity": "hospital",
        "healthcare": "hospital",
        "@geometry": "center"
      },
      "geometry": {
        "type": "Point",
        "coordinates": [
          6.8264483,
          33.403429
        ]
      },
      "id": "way/783085816"
    },
    {
      "type": "Feature",
      "properties": {
        "@id": "way/783088425",
        "amenity": "hospital",
        "healthcare": "hospital",
        "name": "مستشفى الرقيبة",
        "name:ar": "مستشفى الرقيبة",
        "name:fr": "Hôpital Reguiba",
        "@geometry": "center"
      },
      "geometry": {
        "type": "Point",
        "coordinates": [
          6.7152088,
          33.5637415
        ]
      },
      "id": "way/783088425"
    },
    {
      "type": "Feature",
      "properties": {
        "@id": "way/783089740",
        "amenity": "hospital",
        "healthcare": "hospital",
        "@geometry": "center"
      },
      "geometry": {
        "type": "Point",
        "coordinates": [
          6.1730922,
          35.561352
        ]
      },
      "id": "way/783089740"
    },
    {
      "type": "Feature",
      "properties": {
        "@id": "way/783091381",
        "addr:street": "Rue Larbi Tebessi",
        "amenity": "hospital",
        "building": "hospital",
        "healthcare": "hospital",
        "name": "Larbi tebssi",
        "name:ar": "العربي التبسي",
        "@geometry": "center"
      },
      "geometry": {
        "type": "Point",
        "coordinates": [
          3.0574894,
          36.7544279
        ]
      },
      "id": "way/783091381"
    },
    {
      "type": "Feature",
      "properties": {
        "@id": "way/783091825",
        "amenity": "hospital",
        "healthcare": "hospital",
        "@geometry": "center"
      },
      "geometry": {
        "type": "Point",
        "coordinates": [
          1.6779249,
          36.2749466
        ]
      },
      "id": "way/783091825"
    },
    {
      "type": "Feature",
      "properties": {
        "@id": "way/783093423",
        "amenity": "hospital",
        "healthcare": "hospital",
        "name": "مستشفى الدويس",
        "name:ar": "مستشفى الدويس",
        "@geometry": "center"
      },
      "geometry": {
        "type": "Point",
        "coordinates": [
          2.7022815,
          34.3699442
        ]
      },
      "id": "way/783093423"
    },
    {
      "type": "Feature",
      "properties": {
        "@id": "way/783094022",
        "addr:city": "Biskra",
        "addr:postcode": "07000",
        "addr:street": "route sidi okba",
        "amenity": "hospital",
        "healthcare": "hospital",
        "name": "المؤسسة الإستشفائية المتخصصة في طب النساء و التوليد",
        "name:ar": "المؤسسة الإستشفائية المتخصصة في طب النساء و التوليد",
        "@geometry": "center"
      },
      "geometry": {
        "type": "Point",
        "coordinates": [
          5.7424728,
          34.8497932
        ]
      },
      "id": "way/783094022"
    },
    {
      "type": "Feature",
      "properties": {
        "@id": "way/783094439",
        "amenity": "hospital",
        "healthcare": "hospital",
        "name": "مستوصف",
        "name:ar": "مستوصف",
        "name:fr": "Clinique",
        "@geometry": "center"
      },
      "geometry": {
        "type": "Point",
        "coordinates": [
          3.0347114,
          36.2623457
        ]
      },
      "id": "way/783094439"
    },
    {
      "type": "Feature",
      "properties": {
        "@id": "way/783094818",
        "amenity": "hospital",
        "healthcare": "hospital",
        "@geometry": "center"
      },
      "geometry": {
        "type": "Point",
        "coordinates": [
          3.0364888,
          36.2630091
        ]
      },
      "id": "way/783094818"
    },
    {
      "type": "Feature",
      "properties": {
        "@id": "way/783097720",
        "amenity": "hospital",
        "healthcare": "hospital",
        "@geometry": "center"
      },
      "geometry": {
        "type": "Point",
        "coordinates": [
          5.7105685,
          35.2161115
        ]
      },
      "id": "way/783097720"
    },
    {
      "type": "Feature",
      "properties": {
        "@id": "way/783103561",
        "amenity": "hospital",
        "healthcare": "hospital",
        "name": "عيادة مشرع الصفاء",
        "name:ar": "عيادة مشرع الصفاء",
        "@geometry": "center"
      },
      "geometry": {
        "type": "Point",
        "coordinates": [
          1.0569734,
          35.3821329
        ]
      },
      "id": "way/783103561"
    },
    {
      "type": "Feature",
      "properties": {
        "@id": "way/783103765",
        "amenity": "hospital",
        "healthcare": "hospital",
        "name": "قاعة العلاج الطاحونتين",
        "name:ar": "قاعة العلاج الطاحونتين",
        "name:fr": "Salle de Soin Deux Moulins",
        "@geometry": "center"
      },
      "geometry": {
        "type": "Point",
        "coordinates": [
          3.0294931,
          36.8115761
        ]
      },
      "id": "way/783103765"
    },
    {
      "type": "Feature",
      "properties": {
        "@id": "way/783103998",
        "amenity": "hospital",
        "healthcare": "hospital",
        "name": "المركز الطبي البيداغوجي",
        "name:ar": "المركز الطبي البيداغوجي",
        "@geometry": "center"
      },
      "geometry": {
        "type": "Point",
        "coordinates": [
          2.8925861,
          35.4590772
        ]
      },
      "id": "way/783103998"
    },
    {
      "type": "Feature",
      "properties": {
        "@id": "way/783104326",
        "amenity": "hospital",
        "healthcare": "hospital",
        "name": "المركز الصحي شيمينو",
        "name:ar": "المركز الصحي شيمينو",
        "name:fr": "Centre de santé Cheminot",
        "@geometry": "center"
      },
      "geometry": {
        "type": "Point",
        "coordinates": [
          5.4207502,
          36.191487
        ]
      },
      "id": "way/783104326"
    },
    {
      "type": "Feature",
      "properties": {
        "@id": "way/783104651",
        "amenity": "hospital",
        "healthcare": "hospital",
        "name": "Salle de soins Aberouak",
        "name:ar": "قاعة العلاج ابرواق",
        "name:en": "Aberouak treatment room",
        "name:fr": "Salle de soins Aberouak",
        "@geometry": "center"
      },
      "geometry": {
        "type": "Point",
        "coordinates": [
          5.0006724,
          36.6992209
        ]
      },
      "id": "way/783104651"
    },
    {
      "type": "Feature",
      "properties": {
        "@id": "way/783105389",
        "amenity": "hospital",
        "healthcare": "hospital",
        "name": "استعجالات طبية طواهرية",
        "name:ar": "استعجالات طبية طواهرية",
        "name:fr": "Urgences médicales",
        "@geometry": "center"
      },
      "geometry": {
        "type": "Point",
        "coordinates": [
          6.886525,
          33.3318803
        ]
      },
      "id": "way/783105389"
    },
    {
      "type": "Feature",
      "properties": {
        "@id": "way/783106322",
        "amenity": "hospital",
        "healthcare": "hospital",
        "name": "Hôpital Dellys",
        "@geometry": "center"
      },
      "geometry": {
        "type": "Point",
        "coordinates": [
          3.8951899,
          36.916762
        ]
      },
      "id": "way/783106322"
    },
    {
      "type": "Feature",
      "properties": {
        "@id": "way/783111252",
        "amenity": "hospital",
        "healthcare": "hospital",
        "name": "عميرة عكوش",
        "name:ar": "عميرة عكوش",
        "@geometry": "center"
      },
      "geometry": {
        "type": "Point",
        "coordinates": [
          2.9988374,
          33.7502244
        ]
      },
      "id": "way/783111252"
    },
    {
      "type": "Feature",
      "properties": {
        "@id": "way/783111550",
        "amenity": "hospital",
        "healthcare": "hospital",
        "name": "مركز للصحة الجوارية",
        "name:ar": "مركز للصحة الجوارية",
        "@geometry": "center"
      },
      "geometry": {
        "type": "Point",
        "coordinates": [
          4.1722081,
          34.8398465
        ]
      },
      "id": "way/783111550"
    },
    {
      "type": "Feature",
      "properties": {
        "@id": "way/783114984",
        "amenity": "hospital",
        "healthcare": "hospital",
        "name": "مستشفى متعدد الخدمات",
        "name:ar": "مستشفى متعدد الخدمات",
        "@geometry": "center"
      },
      "geometry": {
        "type": "Point",
        "coordinates": [
          4.3739893,
          36.1209769
        ]
      },
      "id": "way/783114984"
    },
    {
      "type": "Feature",
      "properties": {
        "@id": "way/783115053",
        "amenity": "hospital",
        "healthcare": "hospital",
        "name": "قاعة الاستعجالات",
        "name:ar": "قاعة الاستعجالات",
        "@geometry": "center"
      },
      "geometry": {
        "type": "Point",
        "coordinates": [
          5.8982564,
          35.3800131
        ]
      },
      "id": "way/783115053"
    },
    {
      "type": "Feature",
      "properties": {
        "@id": "way/783115531",
        "addr:street": "Voie rapide Batna-Biskra",
        "amenity": "hospital",
        "healthcare": "hospital",
        "name": "مشفى",
        "name:ar": "مشفى",
        "name:en": "Hôpital",
        "name:fr": "Hôpital",
        "@geometry": "center"
      },
      "geometry": {
        "type": "Point",
        "coordinates": [
          5.5901477,
          35.0321472
        ]
      },
      "id": "way/783115531"
    },
    {
      "type": "Feature",
      "properties": {
        "@id": "way/783118013",
        "amenity": "hospital",
        "healthcare": "hospital",
        "@geometry": "center"
      },
      "geometry": {
        "type": "Point",
        "coordinates": [
          -0.2328703,
          35.2382923
        ]
      },
      "id": "way/783118013"
    },
    {
      "type": "Feature",
      "properties": {
        "@id": "way/783566412",
        "amenity": "hospital",
        "barrier": "wall",
        "healthcare": "yes",
        "name": "المستشفى الجهوي بدقاش",
        "name:ar": "المستشفى الجهوي بدقاش",
        "name:fr": "Hôpital Régional de Dgueche",
        "@geometry": "center"
      },
      "geometry": {
        "type": "Point",
        "coordinates": [
          8.2037202,
          33.9900653
        ]
      },
      "id": "way/783566412"
    },
    {
      "type": "Feature",
      "properties": {
        "@id": "way/783839378",
        "amenity": "hospital",
        "healthcare": "hospital",
        "name": "مستوصف طبي",
        "name:ar": "مستوصف طبي",
        "@geometry": "center"
      },
      "geometry": {
        "type": "Point",
        "coordinates": [
          6.5449753,
          35.2172977
        ]
      },
      "id": "way/783839378"
    },
    {
      "type": "Feature",
      "properties": {
        "@id": "way/783839513",
        "amenity": "hospital",
        "healthcare": "hospital",
        "name": "عيادة الإحسان لجراحة الأسنان ⵜⴰⵙⵏⴰⵊⵢⴰ ⵏ ⵜⵓⵖⵎⴰⵙ ⵏ ⵉⵃⵙⴰⵏ",
        "name:ar": "عيادة الإحسان لجراحة الأسنان",
        "name:en": "Al-Ihsan Dental Surgery Clinic",
        "name:fr": "Clinique de chirurgie dentaire Al-Ihsan",
        "name:kab": "Taklinikt n tuɣmas n Iḥsan",
        "@geometry": "center"
      },
      "geometry": {
        "type": "Point",
        "coordinates": [
          6.258398,
          35.481654
        ]
      },
      "id": "way/783839513"
    },
    {
      "type": "Feature",
      "properties": {
        "@id": "way/783841103",
        "amenity": "hospital",
        "healthcare": "hospital",
        "name": "Polyclinique sidi chaibq",
        "@geometry": "center"
      },
      "geometry": {
        "type": "Point",
        "coordinates": [
          -0.5509522,
          34.5928905
        ]
      },
      "id": "way/783841103"
    },
    {
      "type": "Feature",
      "properties": {
        "@id": "way/783841277",
        "amenity": "hospital",
        "healthcare": "hospital",
        "@geometry": "center"
      },
      "geometry": {
        "type": "Point",
        "coordinates": [
          3.7542117,
          36.0005693
        ]
      },
      "id": "way/783841277"
    },
    {
      "type": "Feature",
      "properties": {
        "@id": "way/783846909",
        "amenity": "hospital",
        "healthcare": "hospital",
        "name": "المؤسسة العمومية الاستشفائية لحي القدس",
        "name:ar": "المؤسسة العمومية الاستشفائية لحي القدس",
        "name:fr": "EPH",
        "@geometry": "center"
      },
      "geometry": {
        "type": "Point",
        "coordinates": [
          3.5025769,
          34.1735014
        ]
      },
      "id": "way/783846909"
    },
    {
      "type": "Feature",
      "properties": {
        "@id": "way/783848057",
        "amenity": "hospital",
        "healthcare": "hospital",
        "@geometry": "center"
      },
      "geometry": {
        "type": "Point",
        "coordinates": [
          0.136749,
          35.4024101
        ]
      },
      "id": "way/783848057"
    },
    {
      "type": "Feature",
      "properties": {
        "@id": "way/783848553",
        "amenity": "hospital",
        "healthcare": "hospital",
        "name": "مستشفى بشير منتوري - الميلية",
        "name:ar": "مستشفى بشير منتوري - الميلية",
        "name:fr": "Hôpital Bachir Mentouri;Hôpital Bachir Mentouri - El milia",
        "opening_hours": "24/7",
        "@geometry": "center"
      },
      "geometry": {
        "type": "Point",
        "coordinates": [
          6.2851121,
          36.7589102
        ]
      },
      "id": "way/783848553"
    },
    {
      "type": "Feature",
      "properties": {
        "@id": "way/783848922",
        "amenity": "hospital",
        "healthcare": "hospital",
        "name": "Maternité",
        "@geometry": "center"
      },
      "geometry": {
        "type": "Point",
        "coordinates": [
          6.3560717,
          35.2553702
        ]
      },
      "id": "way/783848922"
    },
    {
      "type": "Feature",
      "properties": {
        "@id": "way/783850006",
        "amenity": "hospital",
        "healthcare": "hospital",
        "name": "Hôpital EPH Remchi",
        "name:fr": "Hôpital EPH Remchi",
        "@geometry": "center"
      },
      "geometry": {
        "type": "Point",
        "coordinates": [
          -1.4260035,
          35.047817
        ]
      },
      "id": "way/783850006"
    },
    {
      "type": "Feature",
      "properties": {
        "@id": "way/783850447",
        "amenity": "hospital",
        "healthcare": "hospital",
        "name": "Etablissement hospitalier Nedjma",
        "@geometry": "center"
      },
      "geometry": {
        "type": "Point",
        "coordinates": [
          -0.5690796,
          35.6568507
        ]
      },
      "id": "way/783850447"
    },
    {
      "type": "Feature",
      "properties": {
        "@id": "way/783850606",
        "amenity": "hospital",
        "healthcare": "hospital",
        "name": "المصحة الكوبية الجزائرية لقرح القدم",
        "name:ar": "المصحة الكوبية الجزائرية لقرح القدم",
        "name:fr": "Clinique cubaine algérienne des ulcères du pied",
        "@geometry": "center"
      },
      "geometry": {
        "type": "Point",
        "coordinates": [
          3.0573634,
          36.7350486
        ]
      },
      "id": "way/783850606"
    },
    {
      "type": "Feature",
      "properties": {
        "@id": "way/783851436",
        "amenity": "hospital",
        "healthcare": "hospital",
        "@geometry": "center"
      },
      "geometry": {
        "type": "Point",
        "coordinates": [
          2.9287998,
          36.1330701
        ]
      },
      "id": "way/783851436"
    },
    {
      "type": "Feature",
      "properties": {
        "@id": "way/783851946",
        "amenity": "hospital",
        "healthcare": "hospital",
        "@geometry": "center"
      },
      "geometry": {
        "type": "Point",
        "coordinates": [
          6.3287211,
          36.5207049
        ]
      },
      "id": "way/783851946"
    },
    {
      "type": "Feature",
      "properties": {
        "@id": "way/783862354",
        "amenity": "hospital",
        "healthcare": "hospital",
        "@geometry": "center"
      },
      "geometry": {
        "type": "Point",
        "coordinates": [
          7.4604417,
          36.8337168
        ]
      },
      "id": "way/783862354"
    },
    {
      "type": "Feature",
      "properties": {
        "@id": "way/783862892",
        "amenity": "hospital",
        "healthcare": "hospital",
        "name": "دكتورة غلاتي أ",
        "name:ar": "دكتورة غلاتي أ",
        "name:fr": "Ghalati A",
        "@geometry": "center"
      },
      "geometry": {
        "type": "Point",
        "coordinates": [
          3.0527444,
          36.7252357
        ]
      },
      "id": "way/783862892"
    },
    {
      "type": "Feature",
      "properties": {
        "@id": "way/783862893",
        "addr:city": "صالح باي",
        "addr:city:ar": "صالح باي",
        "addr:postcode": "19013",
        "amenity": "hospital",
        "healthcare": "hospital",
        "language:ar": "yes",
        "name": "مستشفى بليليطة",
        "name:ar": "مستشفى بليليطة",
        "name:fr": "Hôpital Blilita",
        "@geometry": "center"
      },
      "geometry": {
        "type": "Point",
        "coordinates": [
          5.2824228,
          35.8524102
        ]
      },
      "id": "way/783862893"
    },
    {
      "type": "Feature",
      "properties": {
        "@id": "way/783867972",
        "amenity": "hospital",
        "healthcare": "hospital",
        "name": "الدكتور عبد اللطيف توفيق الامراض الباطنية وأمراض النساء",
        "name:ar": "الدكتور عبد اللطيف توفيق الامراض الباطنية وأمراض النساء",
        "@geometry": "center"
      },
      "geometry": {
        "type": "Point",
        "coordinates": [
          4.1593134,
          35.2371038
        ]
      },
      "id": "way/783867972"
    },
    {
      "type": "Feature",
      "properties": {
        "@id": "way/783868134",
        "amenity": "hospital",
        "healthcare": "hospital",
        "@geometry": "center"
      },
      "geometry": {
        "type": "Point",
        "coordinates": [
          4.6845749,
          35.9457075
        ]
      },
      "id": "way/783868134"
    },
    {
      "type": "Feature",
      "properties": {
        "@id": "way/783868205",
        "amenity": "hospital",
        "healthcare": "hospital",
        "name": "Hôpital bouteldja",
        "@geometry": "center"
      },
      "geometry": {
        "type": "Point",
        "coordinates": [
          8.1952008,
          36.7888438
        ]
      },
      "id": "way/783868205"
    },
    {
      "type": "Feature",
      "properties": {
        "@id": "way/783868283",
        "amenity": "hospital",
        "healthcare": "hospital",
        "name": "طبيب عام",
        "name:ar": "طبيب عام",
        "@geometry": "center"
      },
      "geometry": {
        "type": "Point",
        "coordinates": [
          4.1560062,
          35.1886954
        ]
      },
      "id": "way/783868283"
    },
    {
      "type": "Feature",
      "properties": {
        "@id": "way/783868531",
        "amenity": "hospital",
        "healthcare": "hospital",
        "name": "عيادة متعددة الخدمات",
        "name:ar": "عيادة متعددة الخدمات",
        "name:fr": "Polyclinique",
        "@geometry": "center"
      },
      "geometry": {
        "type": "Point",
        "coordinates": [
          6.0219757,
          36.6662853
        ]
      },
      "id": "way/783868531"
    },
    {
      "type": "Feature",
      "properties": {
        "@id": "way/783868637",
        "amenity": "hospital",
        "healthcare": "hospital",
        "@geometry": "center"
      },
      "geometry": {
        "type": "Point",
        "coordinates": [
          6.3865266,
          36.1829895
        ]
      },
      "id": "way/783868637"
    },
    {
      "type": "Feature",
      "properties": {
        "@id": "way/783868821",
        "amenity": "hospital",
        "healthcare": "hospital",
        "name": "Centre de santé",
        "@geometry": "center"
      },
      "geometry": {
        "type": "Point",
        "coordinates": [
          -1.1406852,
          35.2954898
        ]
      },
      "id": "way/783868821"
    },
    {
      "type": "Feature",
      "properties": {
        "@id": "way/783869010",
        "amenity": "hospital",
        "healthcare": "hospital",
        "@geometry": "center"
      },
      "geometry": {
        "type": "Point",
        "coordinates": [
          3.6016347,
          36.5766093
        ]
      },
      "id": "way/783869010"
    },
    {
      "type": "Feature",
      "properties": {
        "@id": "way/783869231",
        "amenity": "hospital",
        "healthcare": "hospital",
        "@geometry": "center"
      },
      "geometry": {
        "type": "Point",
        "coordinates": [
          0.4900775,
          35.3725035
        ]
      },
      "id": "way/783869231"
    },
    {
      "type": "Feature",
      "properties": {
        "@id": "way/783869318",
        "amenity": "hospital",
        "healthcare": "hospital",
        "name": "عيادة الأمير",
        "name:ar": "عيادة الأمير",
        "name:en": "Clinique Amir",
        "@geometry": "center"
      },
      "geometry": {
        "type": "Point",
        "coordinates": [
          7.3918992,
          35.8013925
        ]
      },
      "id": "way/783869318"
    },
    {
      "type": "Feature",
      "properties": {
        "@id": "way/783869492",
        "amenity": "hospital",
        "healthcare": "hospital",
        "name": "القطاع الصحي سيدي سليمان",
        "name:ar": "القطاع الصحي سيدي سليمان",
        "@geometry": "center"
      },
      "geometry": {
        "type": "Point",
        "coordinates": [
          4.156128,
          35.1906975
        ]
      },
      "id": "way/783869492"
    },
    {
      "type": "Feature",
      "properties": {
        "@id": "way/783870534",
        "amenity": "hospital",
        "healthcare": "hospital",
        "@geometry": "center"
      },
      "geometry": {
        "type": "Point",
        "coordinates": [
          2.3014562,
          33.7983307
        ]
      },
      "id": "way/783870534"
    },
    {
      "type": "Feature",
      "properties": {
        "@id": "way/783871541",
        "amenity": "hospital",
        "healthcare": "hospital",
        "name": "Hôpital Psychiatrique",
        "@geometry": "center"
      },
      "geometry": {
        "type": "Point",
        "coordinates": [
          5.7650093,
          36.8154767
        ]
      },
      "id": "way/783871541"
    },
    {
      "type": "Feature",
      "properties": {
        "@id": "way/783872634",
        "amenity": "hospital",
        "healthcare": "hospital",
        "name:en": "Hôpital",
        "@geometry": "center"
      },
      "geometry": {
        "type": "Point",
        "coordinates": [
          0.9622527,
          36.1585903
        ]
      },
      "id": "way/783872634"
    },
    {
      "type": "Feature",
      "properties": {
        "@id": "way/783872975",
        "amenity": "hospital",
        "healthcare": "hospital",
        "name": "مستشفى سوقر قرميط ناصر",
        "name:ar": "مستشفى سوقر قرميط ناصر",
        "@geometry": "center"
      },
      "geometry": {
        "type": "Point",
        "coordinates": [
          1.4919147,
          35.1863283
        ]
      },
      "id": "way/783872975"
    },
    {
      "type": "Feature",
      "properties": {
        "@id": "way/783874682",
        "amenity": "hospital",
        "healthcare": "hospital",
        "name": "مستوصف",
        "name:ar": "مستوصف",
        "name:fr": "Polyclinique",
        "@geometry": "center"
      },
      "geometry": {
        "type": "Point",
        "coordinates": [
          2.9181084,
          36.6292377
        ]
      },
      "id": "way/783874682"
    },
    {
      "type": "Feature",
      "properties": {
        "@id": "way/783876753",
        "amenity": "hospital",
        "healthcare": "hospital",
        "name": "المؤسسة العمومية الاستشفائية برقان",
        "name:ar": "المؤسسة العمومية الاستشفائية برقان",
        "name:fr": "EPH",
        "@geometry": "center"
      },
      "geometry": {
        "type": "Point",
        "coordinates": [
          0.170011,
          26.7215337
        ]
      },
      "id": "way/783876753"
    },
    {
      "type": "Feature",
      "properties": {
        "@id": "way/783877144",
        "amenity": "hospital",
        "healthcare": "hospital",
        "name": "Hôpital d'El Atteuf",
        "@geometry": "center"
      },
      "geometry": {
        "type": "Point",
        "coordinates": [
          3.7443405,
          32.4804453
        ]
      },
      "id": "way/783877144"
    },
    {
      "type": "Feature",
      "properties": {
        "@id": "way/783877345",
        "amenity": "hospital",
        "healthcare": "hospital",
        "name": "Clinique de Bir morad rais",
        "@geometry": "center"
      },
      "geometry": {
        "type": "Point",
        "coordinates": [
          3.0344027,
          36.7347425
        ]
      },
      "id": "way/783877345"
    },
    {
      "type": "Feature",
      "properties": {
        "@id": "way/783877820",
        "amenity": "hospital",
        "healthcare": "hospital",
        "name": "مصحة المنظر الجميل",
        "name:ar": "مصحة المنظر الجميل",
        "name:fr": "Clinique Bellevue",
        "@geometry": "center"
      },
      "geometry": {
        "type": "Point",
        "coordinates": [
          7.7469129,
          36.9081847
        ]
      },
      "id": "way/783877820"
    },
    {
      "type": "Feature",
      "properties": {
        "@id": "way/783879214",
        "amenity": "hospital",
        "healthcare": "hospital",
        "name": "محمد الصادق بن يحي",
        "@geometry": "center"
      },
      "geometry": {
        "type": "Point",
        "coordinates": [
          6.202335,
          35.5266589
        ]
      },
      "id": "way/783879214"
    },
    {
      "type": "Feature",
      "properties": {
        "@id": "way/783880306",
        "amenity": "hospital",
        "healthcare": "hospital",
        "name": "عيادة متعددة الخدمات الصحية محفوظي العمري",
        "name:ar": "عيادة متعددة الخدمات الصحية محفوظي العمري",
        "@geometry": "center"
      },
      "geometry": {
        "type": "Point",
        "coordinates": [
          5.0794081,
          36.1304933
        ]
      },
      "id": "way/783880306"
    },
    {
      "type": "Feature",
      "properties": {
        "@id": "way/783881399",
        "amenity": "hospital",
        "healthcare": "hospital",
        "name": "urgence médicale",
        "@geometry": "center"
      },
      "geometry": {
        "type": "Point",
        "coordinates": [
          -1.2230554,
          35.0785484
        ]
      },
      "id": "way/783881399"
    },
    {
      "type": "Feature",
      "properties": {
        "@id": "way/783881502",
        "amenity": "hospital",
        "healthcare": "hospital",
        "name": "centre hospitalier",
        "@geometry": "center"
      },
      "geometry": {
        "type": "Point",
        "coordinates": [
          -1.2256411,
          35.0733124
        ]
      },
      "id": "way/783881502"
    },
    {
      "type": "Feature",
      "properties": {
        "@id": "way/783883079",
        "amenity": "hospital",
        "healthcare": "hospital",
        "name": "مركز الصحة",
        "name:ar": "مركز الصحة",
        "@geometry": "center"
      },
      "geometry": {
        "type": "Point",
        "coordinates": [
          -0.3587782,
          35.1918801
        ]
      },
      "id": "way/783883079"
    },
    {
      "type": "Feature",
      "properties": {
        "@id": "way/783883233",
        "amenity": "hospital",
        "healthcare": "hospital",
        "name": "المؤسسة العمومية للصحة الجوارية",
        "name:ar": "المؤسسة العمومية للصحة الجوارية",
        "name:fr": "Établissements publics de santé et la proximité",
        "short_name:fr": "EPSP",
        "@geometry": "center"
      },
      "geometry": {
        "type": "Point",
        "coordinates": [
          5.7705549,
          19.5735393
        ]
      },
      "id": "way/783883233"
    },
    {
      "type": "Feature",
      "properties": {
        "@id": "way/783883438",
        "amenity": "hospital",
        "healthcare": "hospital",
        "name": "dispensaire",
        "@geometry": "center"
      },
      "geometry": {
        "type": "Point",
        "coordinates": [
          3.9876429,
          36.8432973
        ]
      },
      "id": "way/783883438"
    },
    {
      "type": "Feature",
      "properties": {
        "@id": "way/783894518",
        "amenity": "hospital",
        "healthcare": "hospital",
        "name": "الحكيمة بوعروج",
        "name:ar": "الحكيمة بوعروج",
        "name:fr": "Bouaroudj",
        "@geometry": "center"
      },
      "geometry": {
        "type": "Point",
        "coordinates": [
          6.2647433,
          36.448365
        ]
      },
      "id": "way/783894518"
    },
    {
      "type": "Feature",
      "properties": {
        "@id": "way/783894929",
        "addr:city": "Aïn Azel",
        "addr:postcode": "19007",
        "amenity": "hospital",
        "healthcare": "hospital",
        "healthcare:speciality": "physiotherapy",
        "name": "عيادة شياد حمزة للعلاج الطبيعي",
        "name:ar": "عيادة شياد حمزة للعلاج الطبيعي",
        "name:en": "Physiotherapist",
        "name:fr": "Cabinet de rééducation fonctionnelle CHIAD",
        "phone": "00213772779636",
        "@geometry": "center"
      },
      "geometry": {
        "type": "Point",
        "coordinates": [
          5.5167348,
          35.8173511
        ]
      },
      "id": "way/783894929"
    },
    {
      "type": "Feature",
      "properties": {
        "@id": "way/783895009",
        "amenity": "hospital",
        "healthcare": "hospital",
        "name": "Adhkhchim",
        "@geometry": "center"
      },
      "geometry": {
        "type": "Point",
        "coordinates": [
          3.9176922,
          36.5037136
        ]
      },
      "id": "way/783895009"
    },
    {
      "type": "Feature",
      "properties": {
        "@id": "way/783897428",
        "amenity": "hospital",
        "healthcare": "hospital",
        "name": "Centre médical Boudjemâa Moghni",
        "name:fr": "Centre médical Boudjemâa Moghni",
        "@geometry": "center"
      },
      "geometry": {
        "type": "Point",
        "coordinates": [
          3.0983849,
          36.7403263
        ]
      },
      "id": "way/783897428"
    },
    {
      "type": "Feature",
      "properties": {
        "@id": "way/783897876",
        "amenity": "hospital",
        "healthcare": "hospital",
        "name": "Urgences médicale",
        "@geometry": "center"
      },
      "geometry": {
        "type": "Point",
        "coordinates": [
          4.1266275,
          36.8922865
        ]
      },
      "id": "way/783897876"
    },
    {
      "type": "Feature",
      "properties": {
        "@id": "way/783898286",
        "amenity": "hospital",
        "healthcare": "hospital",
        "name": "cabinet CARDIOLOGUE DR BELKHIR",
        "@geometry": "center"
      },
      "geometry": {
        "type": "Point",
        "coordinates": [
          3.3066404,
          36.2285059
        ]
      },
      "id": "way/783898286"
    },
    {
      "type": "Feature",
      "properties": {
        "@id": "way/783898287",
        "amenity": "hospital",
        "healthcare": "hospital",
        "name": "قاعة علاج",
        "name:ar": "قاعة علاج",
        "@geometry": "center"
      },
      "geometry": {
        "type": "Point",
        "coordinates": [
          3.646895,
          36.235597
        ]
      },
      "id": "way/783898287"
    },
    {
      "type": "Feature",
      "properties": {
        "@id": "way/783898439",
        "addr:postcode": "47000",
        "addr:street": "حي الحاج مسعود",
        "amenity": "hospital",
        "healthcare": "hospital",
        "name": "مركز تصفية الدم",
        "name:ar": "مركز تصفية الدم",
        "name:fr": "Dialise",
        "@geometry": "center"
      },
      "geometry": {
        "type": "Point",
        "coordinates": [
          3.6831426,
          32.492615
        ]
      },
      "id": "way/783898439"
    },
    {
      "type": "Feature",
      "properties": {
        "@id": "way/783898529",
        "amenity": "hospital",
        "healthcare": "hospital",
        "@geometry": "center"
      },
      "geometry": {
        "type": "Point",
        "coordinates": [
          8.012997,
          35.6703349
        ]
      },
      "id": "way/783898529"
    },
    {
      "type": "Feature",
      "properties": {
        "@id": "way/783898640",
        "amenity": "hospital",
        "healthcare": "hospital",
        "name": "طبيبة عامة دحماني",
        "name:ar": "طبيبة عامة دحماني",
        "@geometry": "center"
      },
      "geometry": {
        "type": "Point",
        "coordinates": [
          3.6488644,
          36.2345038
        ]
      },
      "id": "way/783898640"
    },
    {
      "type": "Feature",
      "properties": {
        "@id": "way/783899209",
        "addr:housenumber": "907/10",
        "addr:postcode": "28002",
        "addr:street": "Cité Sidi Slimane",
        "amenity": "hospital",
        "email": "mekidecheadel@gmail.com",
        "healthcare": "hospital",
        "internet_access": "wlan",
        "name": "عيادة القابلة منادي .س",
        "name:ar": "عيادة القابلة منادي .س",
        "name:en": "Cabinet de sage femme",
        "name:fr": "Cabinet de sage femme",
        "opening_hours": "24/7",
        "phone": "0667659105",
        "@geometry": "center"
      },
      "geometry": {
        "type": "Point",
        "coordinates": [
          4.1587902,
          35.1972163
        ]
      },
      "id": "way/783899209"
    },
    {
      "type": "Feature",
      "properties": {
        "@id": "way/783900063",
        "amenity": "hospital",
        "healthcare": "hospital",
        "name": "Dr LOUAHCHI Gynecologue",
        "@geometry": "center"
      },
      "geometry": {
        "type": "Point",
        "coordinates": [
          3.8942038,
          36.9176274
        ]
      },
      "id": "way/783900063"
    },
    {
      "type": "Feature",
      "properties": {
        "@id": "way/783900358",
        "addr:housenumber": "036404815",
        "amenity": "hospital",
        "healthcare": "hospital",
        "name": "عيادة بني موحلي",
        "name:ar": "عيادة بني موحلي",
        "name:fr": "polyclinique Béni Mouhli",
        "opening_hours": "24/7",
        "phone": "036404815",
        "@geometry": "center"
      },
      "geometry": {
        "type": "Point",
        "coordinates": [
          4.9065768,
          36.5169232
        ]
      },
      "id": "way/783900358"
    },
    {
      "type": "Feature",
      "properties": {
        "@id": "way/783900874",
        "amenity": "hospital",
        "@geometry": "center"
      },
      "geometry": {
        "type": "Point",
        "coordinates": [
          5.3390171,
          36.6289608
        ]
      },
      "id": "way/783900874"
    },
    {
      "type": "Feature",
      "properties": {
        "@id": "way/783901110",
        "amenity": "hospital",
        "healthcare": "hospital",
        "name": "Polyclinique",
        "@geometry": "center"
      },
      "geometry": {
        "type": "Point",
        "coordinates": [
          3.8488587,
          35.9574174
        ]
      },
      "id": "way/783901110"
    },
    {
      "type": "Feature",
      "properties": {
        "@id": "way/783901208",
        "amenity": "hospital",
        "healthcare": "hospital",
        "name": "مشفى",
        "name:ar": "مشفى",
        "name:fr": "Hôpital de Tadjenanet",
        "@geometry": "center"
      },
      "geometry": {
        "type": "Point",
        "coordinates": [
          5.9687955,
          36.117753
        ]
      },
      "id": "way/783901208"
    },
    {
      "type": "Feature",
      "properties": {
        "@id": "way/783902178",
        "amenity": "hospital",
        "healthcare": "hospital",
        "name": "عيادة الحكيم فراجي",
        "name:ar": "عيادة الحكيم فراجي",
        "@geometry": "center"
      },
      "geometry": {
        "type": "Point",
        "coordinates": [
          0.9491481,
          21.3305526
        ]
      },
      "id": "way/783902178"
    },
    {
      "type": "Feature",
      "properties": {
        "@id": "way/783902299",
        "addr:city": "سيدي بلعباس",
        "addr:city:ar": "سيدي بلعباس",
        "addr:postcode": "22000",
        "amenity": "hospital",
        "healthcare": "hospital",
        "name": "المؤسسة الاستشفائية للأمن الوطني",
        "name:ar": "المؤسسة الاستشفائية للأمن الوطني",
        "name:fr": "EHSN SBA",
        "@geometry": "center"
      },
      "geometry": {
        "type": "Point",
        "coordinates": [
          -0.6420235,
          35.1887442
        ]
      },
      "id": "way/783902299"
    },
    {
      "type": "Feature",
      "properties": {
        "@id": "way/783902574",
        "addr:city": "oran",
        "addr:street": "les Planteurs",
        "amenity": "hospital",
        "healthcare": "hospital",
        "healthcare:speciality": "paediatrics;gynaecology;maternity",
        "name": "EHS Les Pins (Les Planteurs)",
        "operator": "etatique",
        "operator:type": "public",
        "@geometry": "center"
      },
      "geometry": {
        "type": "Point",
        "coordinates": [
          -0.6590343,
          35.7013266
        ]
      },
      "id": "way/783902574"
    },
    {
      "type": "Feature",
      "properties": {
        "@id": "way/783902826",
        "amenity": "hospital",
        "healthcare": "hospital",
        "name": "مركز تحقين الدم",
        "name:ar": "مركز تحقين الدم",
        "@geometry": "center"
      },
      "geometry": {
        "type": "Point",
        "coordinates": [
          4.0382276,
          36.7127375
        ]
      },
      "id": "way/783902826"
    },
    {
      "type": "Feature",
      "properties": {
        "@id": "way/783903235",
        "amenity": "hospital",
        "healthcare": "hospital",
        "name": "Clinique Nabti",
        "@geometry": "center"
      },
      "geometry": {
        "type": "Point",
        "coordinates": [
          5.4074833,
          36.1758795
        ]
      },
      "id": "way/783903235"
    },
    {
      "type": "Feature",
      "properties": {
        "@id": "way/783903301",
        "amenity": "hospital",
        "healthcare": "hospital",
        "@geometry": "center"
      },
      "geometry": {
        "type": "Point",
        "coordinates": [
          5.9927427,
          33.5791786
        ]
      },
      "id": "way/783903301"
    },
    {
      "type": "Feature",
      "properties": {
        "@id": "way/783903935",
        "amenity": "hospital",
        "healthcare": "hospital",
        "@geometry": "center"
      },
      "geometry": {
        "type": "Point",
        "coordinates": [
          -0.6362913,
          35.1947367
        ]
      },
      "id": "way/783903935"
    },
    {
      "type": "Feature",
      "properties": {
        "@id": "way/783904004",
        "amenity": "hospital",
        "healthcare": "hospital",
        "name": "العيادة المتعددة الخدمات غليزان",
        "name:ar": "العيادة المتعددة الخدمات غليزان",
        "@geometry": "center"
      },
      "geometry": {
        "type": "Point",
        "coordinates": [
          0.5605567,
          35.7320426
        ]
      },
      "id": "way/783904004"
    },
    {
      "type": "Feature",
      "properties": {
        "@id": "way/783904046",
        "amenity": "hospital",
        "healthcare": "hospital",
        "@geometry": "center"
      },
      "geometry": {
        "type": "Point",
        "coordinates": [
          7.850772,
          36.7066126
        ]
      },
      "id": "way/783904046"
    },
    {
      "type": "Feature",
      "properties": {
        "@id": "way/783904232",
        "amenity": "hospital",
        "healthcare": "hospital",
        "@geometry": "center"
      },
      "geometry": {
        "type": "Point",
        "coordinates": [
          2.8817363,
          30.5802482
        ]
      },
      "id": "way/783904232"
    },
    {
      "type": "Feature",
      "properties": {
        "@id": "way/783904500",
        "amenity": "hospital",
        "healthcare": "hospital",
        "@geometry": "center"
      },
      "geometry": {
        "type": "Point",
        "coordinates": [
          6.5507616,
          36.9054166
        ]
      },
      "id": "way/783904500"
    },
    {
      "type": "Feature",
      "properties": {
        "@id": "way/783904621",
        "addr:city": "الرابوني",
        "addr:city:ar": "الرابوني",
        "amenity": "hospital",
        "healthcare": "hospital",
        "language:ar": "main",
        "name": "عيادة خارجية مستشفى الرابوني",
        "name:ar": "عيادة خارجية مستشفى الرابوني",
        "@geometry": "center"
      },
      "geometry": {
        "type": "Point",
        "coordinates": [
          -8.0815484,
          27.4820442
        ]
      },
      "id": "way/783904621"
    },
    {
      "type": "Feature",
      "properties": {
        "@id": "way/788268199",
        "amenity": "hospital",
        "healthcare": "hospital",
        "name": "المستشفى الجهوي بئر علي بن خليفة",
        "name:ar": "المستشفى الجهوي بئر علي بن خليفة",
        "name:fr": "Hôpital Régional Bir Ali Ben Khelifa",
        "@geometry": "center"
      },
      "geometry": {
        "type": "Point",
        "coordinates": [
          10.1086227,
          34.7457448
        ]
      },
      "id": "way/788268199"
    },
    {
      "type": "Feature",
      "properties": {
        "@id": "way/789166411",
        "addr:city": "Tanger",
        "addr:street": "Rue Sidi Bourqia",
        "amenity": "hospital",
        "fax": "+212 5 39 93 12 88",
        "healthcare": "hospital",
        "name": "Hopital Italien المستشفى الإيطالي",
        "operator": "hopital",
        "operator:type": "public",
        "@geometry": "center"
      },
      "geometry": {
        "type": "Point",
        "coordinates": [
          -5.8212436,
          35.7845305
        ]
      },
      "id": "way/789166411"
    },
    {
      "type": "Feature",
      "properties": {
        "@id": "way/789173050",
        "amenity": "hospital",
        "emergency": "yes",
        "healthcare": "hospital",
        "name": "Clinique Mersultan",
        "@geometry": "center"
      },
      "geometry": {
        "type": "Point",
        "coordinates": [
          -7.6138098,
          33.5806851
        ]
      },
      "id": "way/789173050"
    },
    {
      "type": "Feature",
      "properties": {
        "@id": "way/789173399",
        "amenity": "hospital",
        "healthcare": "hospital",
        "name": "hopital hassani",
        "@geometry": "center"
      },
      "geometry": {
        "type": "Point",
        "coordinates": [
          -7.6873549,
          33.5584555
        ]
      },
      "id": "way/789173399"
    },
    {
      "type": "Feature",
      "properties": {
        "@id": "way/789174103",
        "addr:city": "Al Hoceima",
        "addr:street": "Rue Irak",
        "amenity": "hospital",
        "healthcare": "hospital",
        "name": "Hôpital Mohamed V",
        "operator": "hopital",
        "operator:type": "public",
        "@geometry": "center"
      },
      "geometry": {
        "type": "Point",
        "coordinates": [
          -3.9390368,
          35.238852
        ]
      },
      "id": "way/789174103"
    },
    {
      "type": "Feature",
      "properties": {
        "@id": "way/789174628",
        "amenity": "hospital",
        "healthcare": "hospital",
        "@geometry": "center"
      },
      "geometry": {
        "type": "Point",
        "coordinates": [
          -2.7355618,
          34.942334
        ]
      },
      "id": "way/789174628"
    },
    {
      "type": "Feature",
      "properties": {
        "@id": "way/789174876",
        "amenity": "hospital",
        "emergency": "no",
        "healthcare": "hospital",
        "name": "Centre de santé Tafersit",
        "@geometry": "center"
      },
      "geometry": {
        "type": "Point",
        "coordinates": [
          -3.5459293,
          35.0074096
        ]
      },
      "id": "way/789174876"
    },
    {
      "type": "Feature",
      "properties": {
        "@id": "way/789176305",
        "amenity": "hospital",
        "designation": "Specialized hospital Head and neck",
        "emergency": "yes",
        "healthcare": "hospital",
        "name": "Hopital Des Spécialités / HCU Ibn Sina",
        "@geometry": "center"
      },
      "geometry": {
        "type": "Point",
        "coordinates": [
          -6.8580191,
          33.9820234
        ]
      },
      "id": "way/789176305"
    },
    {
      "type": "Feature",
      "properties": {
        "@id": "way/789177945",
        "addr:city": "Tanger",
        "addr:street": "Rue Allal Ben Abdallah",
        "amenity": "hospital",
        "fax": "+212 5 39 94 69 76",
        "healthcare": "hospital",
        "name": "Croissant Rouge",
        "operator": "hopital",
        "operator:type": "public",
        "@geometry": "center"
      },
      "geometry": {
        "type": "Point",
        "coordinates": [
          -5.8100344,
          35.7777167
        ]
      },
      "id": "way/789177945"
    },
    {
      "type": "Feature",
      "properties": {
        "@id": "way/789178240",
        "amenity": "hospital",
        "healthcare": "hospital",
        "@geometry": "center"
      },
      "geometry": {
        "type": "Point",
        "coordinates": [
          -5.6987438,
          34.220952
        ]
      },
      "id": "way/789178240"
    },
    {
      "type": "Feature",
      "properties": {
        "@id": "way/789178403",
        "amenity": "hospital",
        "emergency": "no",
        "healthcare": "hospital",
        "name": "Dispensaire Sidi Ghiate",
        "@geometry": "center"
      },
      "geometry": {
        "type": "Point",
        "coordinates": [
          -7.8483971,
          31.5191344
        ]
      },
      "id": "way/789178403"
    },
    {
      "type": "Feature",
      "properties": {
        "@id": "way/789179920",
        "amenity": "hospital",
        "fixme": "approximated position, please correct, if neccessary!",
        "healthcare": "hospital",
        "name": "Hôpital de Taznakht",
        "@geometry": "center"
      },
      "geometry": {
        "type": "Point",
        "coordinates": [
          -7.2025273,
          30.57907
        ]
      },
      "id": "way/789179920"
    },
    {
      "type": "Feature",
      "properties": {
        "@id": "way/789180918",
        "amenity": "hospital",
        "emergency": "no",
        "healthcare": "hospital",
        "@geometry": "center"
      },
      "geometry": {
        "type": "Point",
        "coordinates": [
          -6.3530775,
          32.3291203
        ]
      },
      "id": "way/789180918"
    },
    {
      "type": "Feature",
      "properties": {
        "@id": "way/789181172",
        "addr:city": "Fès",
        "addr:city:ar": "فاس",
        "addr:city:es": "Fez",
        "addr:city:fr": "Fès",
        "addr:district": "Fès",
        "addr:district:ar": "فاس",
        "addr:district:es": "Fez",
        "addr:district:fr": "Fès",
        "amenity": "hospital",
        "healthcare": "hospital",
        "name": "Hopital Ibn Alkhatib",
        "@geometry": "center"
      },
      "geometry": {
        "type": "Point",
        "coordinates": [
          -4.9901604,
          34.0636488
        ]
      },
      "id": "way/789181172"
    },
    {
      "type": "Feature",
      "properties": {
        "@id": "way/789181764",
        "addr:city": "Tétouan",
        "addr:street": "HJC6+MX5",
        "amenity": "hospital",
        "fax": "+212 5 39 70 13 10",
        "healthcare": "hospital",
        "name": "Clinique croissant Rouge",
        "@geometry": "center"
      },
      "geometry": {
        "type": "Point",
        "coordinates": [
          -5.3874731,
          35.5715071
        ]
      },
      "id": "way/789181764"
    },
    {
      "type": "Feature",
      "properties": {
        "@id": "way/789182445",
        "amenity": "hospital",
        "healthcare": "hospital",
        "name": "Hôpital de Kaf El Ghar",
        "name:fr": "Hôpital de Kaf El Ghar",
        "@geometry": "center"
      },
      "geometry": {
        "type": "Point",
        "coordinates": [
          -4.2601019,
          34.508325
        ]
      },
      "id": "way/789182445"
    },
    {
      "type": "Feature",
      "properties": {
        "@id": "way/789182504",
        "addr:city": "فاس",
        "addr:street": "طريق مستشفى الغساني",
        "amenity": "hospital",
        "healthcare": "hospital",
        "name": "مستشفى الغساني",
        "name:ar": "مستشفى الغساني",
        "name:en": "Ghassani Hospital",
        "opening_hours": "24/7",
        "@geometry": "center"
      },
      "geometry": {
        "type": "Point",
        "coordinates": [
          -4.985025,
          34.0446665
        ]
      },
      "id": "way/789182504"
    },
    {
      "type": "Feature",
      "properties": {
        "@id": "way/789183399",
        "amenity": "hospital",
        "healthcare": "hospital",
        "name": "Hôpital Mechra Bel Ksiri",
        "name:ar": "مستشفى مشرع بلقصيري",
        "name:fr": "Hôpital Mechra Bel Ksiri",
        "@geometry": "center"
      },
      "geometry": {
        "type": "Point",
        "coordinates": [
          -5.9559741,
          34.5702685
        ]
      },
      "id": "way/789183399"
    },
    {
      "type": "Feature",
      "properties": {
        "@id": "way/789186369",
        "amenity": "hospital",
        "healthcare": "hospital",
        "name": "Hospital",
        "@geometry": "center"
      },
      "geometry": {
        "type": "Point",
        "coordinates": [
          -6.58643,
          31.2727797
        ]
      },
      "id": "way/789186369"
    },
    {
      "type": "Feature",
      "properties": {
        "@id": "way/789197469",
        "addr:street": "Route de Targa",
        "amenity": "hospital",
        "healthcare": "hospital",
        "name": "Clinique Toubkal",
        "@geometry": "center"
      },
      "geometry": {
        "type": "Point",
        "coordinates": [
          -8.0543744,
          31.6496826
        ]
      },
      "id": "way/789197469"
    },
    {
      "type": "Feature",
      "properties": {
        "@id": "way/789197947",
        "amenity": "hospital",
        "healthcare": "hospital",
        "name": "Polyclinique",
        "@geometry": "center"
      },
      "geometry": {
        "type": "Point",
        "coordinates": [
          -6.9201872,
          33.937353
        ]
      },
      "id": "way/789197947"
    },
    {
      "type": "Feature",
      "properties": {
        "@id": "way/789198502",
        "amenity": "hospital",
        "healthcare": "hospital",
        "name": "Hôpital Mly abdellah",
        "name:fr": "Hôpital Mly abdellah",
        "@geometry": "center"
      },
      "geometry": {
        "type": "Point",
        "coordinates": [
          -7.3854702,
          33.6977314
        ]
      },
      "id": "way/789198502"
    },
    {
      "type": "Feature",
      "properties": {
        "@id": "way/789209911",
        "amenity": "hospital",
        "healthcare": "hospital",
        "@geometry": "center"
      },
      "geometry": {
        "type": "Point",
        "coordinates": [
          -8.1903849,
          30.6640463
        ]
      },
      "id": "way/789209911"
    },
    {
      "type": "Feature",
      "properties": {
        "@id": "way/789230597",
        "addr:housenumber": "150",
        "addr:postcode": "20300",
        "addr:street": "Boulevard Bahmad",
        "amenity": "hospital",
        "contact:facebook": "cliniquecasablanca",
        "contact:instagram": "atlanticcliniccasablanca",
        "email": "contact@atlanticclinic.ma",
        "healthcare": "hospital",
        "internet_access": "wlan",
        "name": "ATLANTIC CLINIC CASABLANCA",
        "opening_hours": "24/7",
        "website": "https://www.atlanticclinic.ma/",
        "@geometry": "center"
      },
      "geometry": {
        "type": "Point",
        "coordinates": [
          -7.5903533,
          33.5912926
        ]
      },
      "id": "way/789230597"
    },
    {
      "type": "Feature",
      "properties": {
        "@id": "way/789230838",
        "amenity": "hospital",
        "emergency": "yes",
        "healthcare": "hospital",
        "name": "Hôpital",
        "@geometry": "center"
      },
      "geometry": {
        "type": "Point",
        "coordinates": [
          -6.6843872,
          32.5038088
        ]
      },
      "id": "way/789230838"
    },
    {
      "type": "Feature",
      "properties": {
        "@id": "way/789232074",
        "amenity": "hospital",
        "healthcare": "hospital",
        "name": "centre de santé",
        "operator": "Publique",
        "@geometry": "center"
      },
      "geometry": {
        "type": "Point",
        "coordinates": [
          -7.3769699,
          31.5989902
        ]
      },
      "id": "way/789232074"
    },
    {
      "type": "Feature",
      "properties": {
        "@id": "way/789241701",
        "amenity": "hospital",
        "healthcare": "hospital",
        "name": "Hopital Militaire Avicenne",
        "@geometry": "center"
      },
      "geometry": {
        "type": "Point",
        "coordinates": [
          -8.0217085,
          31.6347473
        ]
      },
      "id": "way/789241701"
    },
    {
      "type": "Feature",
      "properties": {
        "@id": "way/789242646",
        "amenity": "hospital",
        "healthcare": "hospital",
        "name": "Hôpital El Antaki مستشفى الأنطاكي",
        "name:ar": "مستشفى الأنطاكي",
        "name:en": "Antaki Hospital",
        "name:fr": "Hôpital El Antaki",
        "@geometry": "center"
      },
      "geometry": {
        "type": "Point",
        "coordinates": [
          -7.9847458,
          31.6366612
        ]
      },
      "id": "way/789242646"
    },
    {
      "type": "Feature",
      "properties": {
        "@id": "way/789245096",
        "amenity": "hospital",
        "healthcare": "hospital",
        "name": "Hôpital Militaire Moulay Ismail",
        "@geometry": "center"
      },
      "geometry": {
        "type": "Point",
        "coordinates": [
          -5.5232409,
          33.8888423
        ]
      },
      "id": "way/789245096"
    },
    {
      "type": "Feature",
      "properties": {
        "@id": "way/789265232",
        "addr:city": "Ait Ouqabli آيت اوقبلي",
        "amenity": "hospital",
        "emergency": "yes",
        "healthcare": "hospital",
        "name": "Dispensaire",
        "operator": "Public",
        "@geometry": "center"
      },
      "geometry": {
        "type": "Point",
        "coordinates": [
          -6.0118387,
          32.3494626
        ]
      },
      "id": "way/789265232"
    },
    {
      "type": "Feature",
      "properties": {
        "@id": "way/789265751",
        "amenity": "hospital",
        "healthcare": "hospital",
        "name": "Clinique Al Mouahhidine",
        "@geometry": "center"
      },
      "geometry": {
        "type": "Point",
        "coordinates": [
          -7.5666464,
          33.580238
        ]
      },
      "id": "way/789265751"
    },
    {
      "type": "Feature",
      "properties": {
        "@id": "way/789266247",
        "addr:street": "avenue mohammed VI",
        "amenity": "hospital",
        "healthcare": "hospital",
        "name": "hopital haut Atlas central",
        "phone": "+212 5 23 45 86 76",
        "@geometry": "center"
      },
      "geometry": {
        "type": "Point",
        "coordinates": [
          -6.5655573,
          31.9623723
        ]
      },
      "id": "way/789266247"
    },
    {
      "type": "Feature",
      "properties": {
        "@id": "way/789267614",
        "addr:city": "Targuist ⵜⴰⵔⴳⵉⵙⵜ تارجيست",
        "addr:street": "طريق الوحدة",
        "amenity": "hospital",
        "healthcare": "hospital",
        "healthcare:speciality": "general",
        "name": "مستشفى حمان الفطواكي ايت عزة",
        "operator": "ministere de la santé Maroc",
        "operator:type": "public",
        "@geometry": "center"
      },
      "geometry": {
        "type": "Point",
        "coordinates": [
          -4.3275306,
          34.9446968
        ]
      },
      "id": "way/789267614"
    },
    {
      "type": "Feature",
      "properties": {
        "@id": "way/789268675",
        "addr:city": "TEMARA",
        "addr:postcode": "12000",
        "amenity": "hospital",
        "emergency": "no",
        "healthcare": "hospital",
        "name": "Hôpital Fath El Kheir",
        "name:fr": "Hôpital Fath El Kheir",
        "operator": "Public",
        "@geometry": "center"
      },
      "geometry": {
        "type": "Point",
        "coordinates": [
          -6.9206231,
          33.906378
        ]
      },
      "id": "way/789268675"
    },
    {
      "type": "Feature",
      "properties": {
        "@id": "way/789269042",
        "amenity": "hospital",
        "healthcare": "hospital",
        "name": "Clinique Moulouya",
        "@geometry": "center"
      },
      "geometry": {
        "type": "Point",
        "coordinates": [
          -2.3270085,
          34.9254396
        ]
      },
      "id": "way/789269042"
    },
    {
      "type": "Feature",
      "properties": {
        "@id": "way/789271571",
        "amenity": "hospital",
        "healthcare": "hospital",
        "@geometry": "center"
      },
      "geometry": {
        "type": "Point",
        "coordinates": [
          -5.4871253,
          33.7497908
        ]
      },
      "id": "way/789271571"
    },
    {
      "type": "Feature",
      "properties": {
        "@id": "way/789272394",
        "amenity": "hospital",
        "healthcare": "hospital",
        "name": "Clinique Taha مصحة طه",
        "name:ar": "مصحة طه",
        "name:fr": "Clinique Taha",
        "@geometry": "center"
      },
      "geometry": {
        "type": "Point",
        "coordinates": [
          -7.625772,
          33.5559122
        ]
      },
      "id": "way/789272394"
    },
    {
      "type": "Feature",
      "properties": {
        "@id": "way/789272577",
        "amenity": "hospital",
        "healthcare": "hospital",
        "name": "Hôpital",
        "@geometry": "center"
      },
      "geometry": {
        "type": "Point",
        "coordinates": [
          -5.0034212,
          31.9973774
        ]
      },
      "id": "way/789272577"
    },
    {
      "type": "Feature",
      "properties": {
        "@id": "way/789273095",
        "amenity": "hospital",
        "healthcare": "hospital",
        "name": "Hopital Moulay Abdallah",
        "@geometry": "center"
      },
      "geometry": {
        "type": "Point",
        "coordinates": [
          -6.8125956,
          34.0374682
        ]
      },
      "id": "way/789273095"
    },
    {
      "type": "Feature",
      "properties": {
        "@id": "way/789273401",
        "amenity": "hospital",
        "emergency": "no",
        "healthcare": "hospital",
        "healthcare:speciality": "Rhumatologie_-_Médecine_physique_et_réadaptation",
        "name": "مستشفي العياشي",
        "name:ar": "مستشفي العياشي",
        "name:en": "Hopital AL AYACHI",
        "operator": "CHU Ibn Sina",
        "@geometry": "center"
      },
      "geometry": {
        "type": "Point",
        "coordinates": [
          -6.8259071,
          34.0346468
        ]
      },
      "id": "way/789273401"
    },
    {
      "type": "Feature",
      "properties": {
        "@id": "way/789274364",
        "amenity": "hospital",
        "healthcare": "hospital",
        "name": "Croix rouge",
        "@geometry": "center"
      },
      "geometry": {
        "type": "Point",
        "coordinates": [
          -6.8242486,
          34.0352228
        ]
      },
      "id": "way/789274364"
    },
    {
      "type": "Feature",
      "properties": {
        "@id": "way/789275191",
        "amenity": "hospital",
        "healthcare": "hospital",
        "name": "مستودع الأموات",
        "name:ar": "مستودع الأموات",
        "@geometry": "center"
      },
      "geometry": {
        "type": "Point",
        "coordinates": [
          -6.5724598,
          34.262942
        ]
      },
      "id": "way/789275191"
    },
    {
      "type": "Feature",
      "properties": {
        "@id": "way/789281549",
        "amenity": "hospital",
        "healthcare": "hospital",
        "name": "مستوصف ميمونة",
        "name:ar": "مستوصف ميمونة",
        "@geometry": "center"
      },
      "geometry": {
        "type": "Point",
        "coordinates": [
          -7.626003,
          33.0027888
        ]
      },
      "id": "way/789281549"
    },
    {
      "type": "Feature",
      "properties": {
        "@id": "way/789282981",
        "amenity": "hospital",
        "healthcare": "hospital",
        "name": "Hôpital Ahdav مستوصف أحداف",
        "name:ar": "مستوصف أحداف",
        "name:fr": "Hôpital Ahdav",
        "@geometry": "center"
      },
      "geometry": {
        "type": "Point",
        "coordinates": [
          -5.2286411,
          33.4427961
        ]
      },
      "id": "way/789282981"
    },
    {
      "type": "Feature",
      "properties": {
        "@id": "way/789283801",
        "addr:city": "طاطا",
        "addr:postcode": "81000",
        "amenity": "hospital",
        "healthcare": "hospital",
        "internet_access": "wlan",
        "name": "Hôpital régional المستشفى الإقليمي",
        "name:ar": "المستشفى الإقليمي",
        "name:fr": "Hôpital régional",
        "@geometry": "center"
      },
      "geometry": {
        "type": "Point",
        "coordinates": [
          -7.9642095,
          29.7459137
        ]
      },
      "id": "way/789283801"
    },
    {
      "type": "Feature",
      "properties": {
        "@id": "way/789284217",
        "amenity": "hospital",
        "healthcare": "hospital",
        "name": "Centre de santé adarissa المركز الصحي الادارسة",
        "name:ar": "المركز الصحي الادارسة",
        "name:fr": "Centre de santé adarissa",
        "@geometry": "center"
      },
      "geometry": {
        "type": "Point",
        "coordinates": [
          -5.0136059,
          34.0173921
        ]
      },
      "id": "way/789284217"
    },
    {
      "type": "Feature",
      "properties": {
        "@id": "way/789284471",
        "amenity": "hospital",
        "healthcare": "hospital",
        "name": "Dispensaire Ait Tamlil",
        "@geometry": "center"
      },
      "geometry": {
        "type": "Point",
        "coordinates": [
          -6.9419983,
          31.4820331
        ]
      },
      "id": "way/789284471"
    },
    {
      "type": "Feature",
      "properties": {
        "@id": "way/789285038",
        "amenity": "hospital",
        "healthcare": "hospital",
        "layer": "-1",
        "name": "hôpital Sidi Said مستشفى سيدي سعيد",
        "name:ar": "مستشفى سيدي سعيد",
        "name:fr": "hôpital Sidi Said",
        "@geometry": "center"
      },
      "geometry": {
        "type": "Point",
        "coordinates": [
          -5.5779189,
          33.8932766
        ]
      },
      "id": "way/789285038"
    },
    {
      "type": "Feature",
      "properties": {
        "@id": "way/789296014",
        "amenity": "hospital",
        "healthcare": "hospital",
        "name": "مستشفى اهل الغلام الأزهر",
        "name:ar": "مستشفى اهل الغلام الأزهر",
        "name:en": "Hospital ahl elghlam al azhar",
        "@geometry": "center"
      },
      "geometry": {
        "type": "Point",
        "coordinates": [
          -7.4889641,
          33.5984149
        ]
      },
      "id": "way/789296014"
    },
    {
      "type": "Feature",
      "properties": {
        "@id": "way/789296249",
        "amenity": "hospital",
        "healthcare": "hospital",
        "@geometry": "center"
      },
      "geometry": {
        "type": "Point",
        "coordinates": [
          -4.8341629,
          33.3863973
        ]
      },
      "id": "way/789296249"
    },
    {
      "type": "Feature",
      "properties": {
        "@id": "way/789296397",
        "amenity": "hospital",
        "healthcare": "hospital",
        "name": "Hôpital Psychatrie Kenitra",
        "@geometry": "center"
      },
      "geometry": {
        "type": "Point",
        "coordinates": [
          -6.5800767,
          34.246894
        ]
      },
      "id": "way/789296397"
    },
    {
      "type": "Feature",
      "properties": {
        "@id": "way/789296760",
        "amenity": "hospital",
        "healthcare": "hospital",
        "name": "Centre de santé - Takadoum",
        "@geometry": "center"
      },
      "geometry": {
        "type": "Point",
        "coordinates": [
          -5.5767698,
          33.8841595
        ]
      },
      "id": "way/789296760"
    },
    {
      "type": "Feature",
      "properties": {
        "@id": "way/789298680",
        "addr:postcode": "24350",
        "addr:street": "شارع المسيرة",
        "amenity": "hospital",
        "healthcare": "hospital",
        "name": "مستشفى سيدي بنور",
        "name:ar": "مستشفى سيدي بنور",
        "opening_hours": "24/7",
        "phone": "+212 5 23 36 98 40",
        "@geometry": "center"
      },
      "geometry": {
        "type": "Point",
        "coordinates": [
          -8.4131853,
          32.6524104
        ]
      },
      "id": "way/789298680"
    },
    {
      "type": "Feature",
      "properties": {
        "@id": "way/789300603",
        "addr:city": "Ksar-el-Kebir القصر الكبير",
        "addr:street": "Quartier Oulad Hmaid",
        "amenity": "hospital",
        "healthcare": "hospital",
        "name": "Centre de Santé Urbain \"Oulad Hmaid\"",
        "@geometry": "center"
      },
      "geometry": {
        "type": "Point",
        "coordinates": [
          -5.9061766,
          34.9955192
        ]
      },
      "id": "way/789300603"
    },
    {
      "type": "Feature",
      "properties": {
        "@id": "way/789778445",
        "addr:city": "Ksar-el-Kebir القصر الكبير",
        "addr:street": "Avenue Hassan II, Route de Rabat",
        "amenity": "hospital",
        "fax": "+212 5 39 91 88 06",
        "healthcare": "hospital",
        "name": "Hopital Provincial de Ksar El Kébir",
        "@geometry": "center"
      },
      "geometry": {
        "type": "Point",
        "coordinates": [
          -5.9029802,
          34.993954
        ]
      },
      "id": "way/789778445"
    },
    {
      "type": "Feature",
      "properties": {
        "@id": "way/789785350",
        "amenity": "hospital",
        "healthcare": "hospital",
        "operator:type": "public",
        "@geometry": "center"
      },
      "geometry": {
        "type": "Point",
        "coordinates": [
          -3.9952046,
          33.0471284
        ]
      },
      "id": "way/789785350"
    },
    {
      "type": "Feature",
      "properties": {
        "@id": "way/789787636",
        "addr:city": "Fes Médina ain zleten",
        "amenity": "hospital",
        "healthcare": "hospital",
        "name": "dispenssaire ain zliten",
        "@geometry": "center"
      },
      "geometry": {
        "type": "Point",
        "coordinates": [
          -4.9809569,
          34.0641064
        ]
      },
      "id": "way/789787636"
    },
    {
      "type": "Feature",
      "properties": {
        "@id": "way/789787792",
        "addr:city": "Fes Médina batha",
        "amenity": "hospital",
        "healthcare": "hospital",
        "name": "croissant rouge el batha الهلال الاحمر",
        "name:ar": "الهلال الاحمر",
        "name:fr": "croissant rouge el batha",
        "@geometry": "center"
      },
      "geometry": {
        "type": "Point",
        "coordinates": [
          -4.9821199,
          34.0597948
        ]
      },
      "id": "way/789787792"
    },
    {
      "type": "Feature",
      "properties": {
        "@id": "way/789788356",
        "addr:city": "Fes Médina batha",
        "amenity": "hospital",
        "healthcare": "hospital",
        "name": "docteur Générale",
        "operator": "Mohamed Bennis",
        "@geometry": "center"
      },
      "geometry": {
        "type": "Point",
        "coordinates": [
          -4.9816195,
          34.0602977
        ]
      },
      "id": "way/789788356"
    },
    {
      "type": "Feature",
      "properties": {
        "@id": "way/789799038",
        "amenity": "hospital",
        "healthcare": "hospital",
        "name": "Hôpital AL mansour",
        "@geometry": "center"
      },
      "geometry": {
        "type": "Point",
        "coordinates": [
          -7.5031634,
          33.6075203
        ]
      },
      "id": "way/789799038"
    },
    {
      "type": "Feature",
      "properties": {
        "@id": "way/789800483",
        "amenity": "hospital",
        "healthcare": "hospital",
        "name": "Hopital provincial",
        "@geometry": "center"
      },
      "geometry": {
        "type": "Point",
        "coordinates": [
          -6.3554656,
          32.1570053
        ]
      },
      "id": "way/789800483"
    },
    {
      "type": "Feature",
      "properties": {
        "@id": "way/789800644",
        "addr:city": "Martil",
        "addr:street": "Avenue Al Masira Khadra",
        "amenity": "hospital",
        "fax": "+212 5 39 97 92 46",
        "healthcare": "hospital",
        "name": "Centre De Sante Martil",
        "operator": "hopital",
        "operator:type": "public",
        "@geometry": "center"
      },
      "geometry": {
        "type": "Point",
        "coordinates": [
          -5.2740769,
          35.6197939
        ]
      },
      "id": "way/789800644"
    },
    {
      "type": "Feature",
      "properties": {
        "@id": "way/789801478",
        "amenity": "hospital",
        "healthcare": "hospital",
        "name": "Hopital de Proximite - Tiflet",
        "name:ar": "مستشفى القرب - تيفلت",
        "name:fr": "Hopital de Proximite - Tiflet",
        "@geometry": "center"
      },
      "geometry": {
        "type": "Point",
        "coordinates": [
          -6.3345311,
          33.8954291
        ]
      },
      "id": "way/789801478"
    },
    {
      "type": "Feature",
      "properties": {
        "@id": "way/789801885",
        "addr:city": "Témara تمارة",
        "addr:housenumber": "villa A48",
        "addr:postcode": "10160",
        "addr:street": "résidence Ouhoud Guich oudaya",
        "amenity": "hospital",
        "healthcare": "hospital",
        "healthcare:speciality": "nephrology",
        "name": "Centre de dialyse Guich Oudaya",
        "source": "streetlevel imagery",
        "@geometry": "center"
      },
      "geometry": {
        "type": "Point",
        "coordinates": [
          -6.8848079,
          33.94383
        ]
      },
      "id": "way/789801885"
    },
    {
      "type": "Feature",
      "properties": {
        "@id": "way/789802004",
        "addr:city": "Beni Mellal",
        "addr:housenumber": "17",
        "addr:postcode": "23000",
        "addr:street": "Lotissement Ikhlasse, Route Ait tislite",
        "amenity": "hospital",
        "emergency": "yes",
        "healthcare": "hospital",
        "name": "Pharmacie Achorouk صيدلية الشروق",
        "name:ar": "صيدلية الشروق",
        "name:en": "Pharmacie Achorouk",
        "name:fr": "Pharmacie Achorouk",
        "@geometry": "center"
      },
      "geometry": {
        "type": "Point",
        "coordinates": [
          -6.3689134,
          32.3210018
        ]
      },
      "id": "way/789802004"
    },
    {
      "type": "Feature",
      "properties": {
        "@id": "way/789802407",
        "amenity": "hospital",
        "healthcare": "hospital",
        "name": "Hôpital Ouled Said Le Oued مستشفى أولاد سعيد الوادي ⴰⵙⴳⵏⴰⴼ ⵏ ⵡⵍⴰⴷ ⵙⵄⵉⴷ ⵍⵡⴰⴷ",
        "name:ar": "مستشفى أولاد سعيد الوادي",
        "name:fr": "Hôpital Ouled Said Le Oued",
        "name:zgh": "ⴰⵙⴳⵏⴰⴼ ⵏ ⵡⵍⴰⴷ ⵙⵄⵉⴷ ⵍⵡⴰⴷ",
        "@geometry": "center"
      },
      "geometry": {
        "type": "Point",
        "coordinates": [
          -6.3721224,
          32.5515621
        ]
      },
      "id": "way/789802407"
    },
    {
      "type": "Feature",
      "properties": {
        "@id": "way/789802896",
        "addr:city": "Meknès",
        "amenity": "hospital",
        "emergency": "yes",
        "healthcare": "hospital",
        "name": "Clinic El Menzah",
        "name:en": "Clinic El Menzah",
        "@geometry": "center"
      },
      "geometry": {
        "type": "Point",
        "coordinates": [
          -5.554341,
          33.9003174
        ]
      },
      "id": "way/789802896"
    },
    {
      "type": "Feature",
      "properties": {
        "@id": "way/789945801",
        "amenity": "hospital",
        "healthcare": "hospital",
        "name": "مستشفى شكشوك",
        "name:ar": "مستشفى شكشوك",
        "name:en": "Shakshuk Hospital",
        "@geometry": "center"
      },
      "geometry": {
        "type": "Point",
        "coordinates": [
          11.9549636,
          32.0172131
        ]
      },
      "id": "way/789945801"
    },
    {
      "type": "Feature",
      "properties": {
        "@id": "way/789974876",
        "addr:city": "سوق الأحد",
        "amenity": "hospital",
        "healthcare": "hospital",
        "@geometry": "center"
      },
      "geometry": {
        "type": "Point",
        "coordinates": [
          8.8356998,
          33.7818193
        ]
      },
      "id": "way/789974876"
    },
    {
      "type": "Feature",
      "properties": {
        "@id": "way/789974877",
        "amenity": "hospital",
        "healthcare": "hospital",
        "@geometry": "center"
      },
      "geometry": {
        "type": "Point",
        "coordinates": [
          10.1777869,
          36.8695849
        ]
      },
      "id": "way/789974877"
    },
    {
      "type": "Feature",
      "properties": {
        "@id": "way/789974878",
        "amenity": "hospital",
        "healthcare": "hospital",
        "name": "Polyclinique",
        "@geometry": "center"
      },
      "geometry": {
        "type": "Point",
        "coordinates": [
          11.0323734,
          35.5271654
        ]
      },
      "id": "way/789974878"
    },
    {
      "type": "Feature",
      "properties": {
        "@id": "way/789974883",
        "amenity": "hospital",
        "healthcare": "hospital",
        "@geometry": "center"
      },
      "geometry": {
        "type": "Point",
        "coordinates": [
          10.8083804,
          36.4660717
        ]
      },
      "id": "way/789974883"
    },
    {
      "type": "Feature",
      "properties": {
        "@id": "way/789974884",
        "addr:street": "شارع البيئة",
        "addr:street:ar": "شارع البيئة",
        "addr:street:fr": "Avenue de l'Environnement",
        "amenity": "hospital",
        "healthcare": "hospital",
        "name": "المستشفى الجهوي بزغوان",
        "name:ar": "المستشفى الجهوي بزغوان",
        "name:fr": "Hôpital Régional de Zaghouan",
        "phone": "+216 72 676 700",
        "@geometry": "center"
      },
      "geometry": {
        "type": "Point",
        "coordinates": [
          10.1322966,
          36.4166794
        ]
      },
      "id": "way/789974884"
    },
    {
      "type": "Feature",
      "properties": {
        "@id": "way/790361510",
        "amenity": "hospital",
        "healthcare": "hospital",
        "name": "مستوصف الغزايا",
        "name:ar": "مستوصف الغزايا",
        "name:en": "Al Ghazzaya Hospital",
        "@geometry": "center"
      },
      "geometry": {
        "type": "Point",
        "coordinates": [
          10.8378587,
          32.0048132
        ]
      },
      "id": "way/790361510"
    },
    {
      "type": "Feature",
      "properties": {
        "@id": "way/790361720",
        "addr:city": "تيجي",
        "addr:street": "العزيزية-نالوت",
        "amenity": "hospital",
        "healthcare": "hospital",
        "name": "مستشفى تيجي",
        "name:ar": "مستشفى تيجي",
        "name:en": "Teji Hospital",
        "@geometry": "center"
      },
      "geometry": {
        "type": "Point",
        "coordinates": [
          11.3469312,
          32.0126567
        ]
      },
      "id": "way/790361720"
    },
    {
      "type": "Feature",
      "properties": {
        "@id": "way/790361991",
        "amenity": "hospital",
        "healthcare": "hospital",
        "name": "مستوصف تكوت",
        "name:ar": "مستوصف تكوت",
        "name:en": "Takut Clinic",
        "@geometry": "center"
      },
      "geometry": {
        "type": "Point",
        "coordinates": [
          11.0224338,
          31.9618072
        ]
      },
      "id": "way/790361991"
    },
    {
      "type": "Feature",
      "properties": {
        "@id": "way/790400985",
        "addr:city": "Hammam Sousse",
        "addr:postcode": "4011",
        "addr:street": "Avenue de la liberté",
        "amenity": "hospital",
        "email": "contact@cmik.tn",
        "fax": "+216 73 363 511",
        "healthcare": "hospital",
        "name": "المركز الطبي ابن خلدون",
        "name:ar": "المركز الطبي ابن خلدون",
        "name:fr": "Centre Médical Ibn Khaldoun",
        "phone": "+216 73 363 513;+216 73 363 500",
        "website": "https://www.cmik.tn/",
        "@geometry": "center"
      },
      "geometry": {
        "type": "Point",
        "coordinates": [
          10.5914183,
          35.8455269
        ]
      },
      "id": "way/790400985"
    },
    {
      "type": "Feature",
      "properties": {
        "@id": "way/790400995",
        "amenity": "hospital",
        "healthcare": "hospital",
        "name": "مستشفى الأطفال",
        "name:ar": "مستشفى الأطفال",
        "name:fr": "Hôpital d'Enfants",
        "@geometry": "center"
      },
      "geometry": {
        "type": "Point",
        "coordinates": [
          9.7854728,
          34.8563885
        ]
      },
      "id": "way/790400995"
    },
    {
      "type": "Feature",
      "properties": {
        "@id": "way/790400999",
        "amenity": "hospital",
        "building": "hospital",
        "healthcare": "hospital",
        "name:fr": "Hôpital",
        "@geometry": "center"
      },
      "geometry": {
        "type": "Point",
        "coordinates": [
          11.1071886,
          33.5015633
        ]
      },
      "id": "way/790400999"
    },
    {
      "type": "Feature",
      "properties": {
        "@id": "way/790430451",
        "amenity": "hospital",
        "building": "hospital",
        "name": "مستشفى الأغالبة",
        "name:ar": "مستشفى الأغالبة",
        "name:en": "Aghalba hospital",
        "name:fr": "Hôpital Aghalba",
        "@geometry": "center"
      },
      "geometry": {
        "type": "Point",
        "coordinates": [
          10.1076724,
          35.6655809
        ]
      },
      "id": "way/790430451"
    },
    {
      "type": "Feature",
      "properties": {
        "@id": "way/790430453",
        "addr:city": "",
        "addr:street": "Route De Kelibia",
        "amenity": "hospital",
        "healthcare": "hospital",
        "name": "Polyclinique du Cap Bon",
        "phone": "+216 31 346 000",
        "@geometry": "center"
      },
      "geometry": {
        "type": "Point",
        "coordinates": [
          11.009095,
          36.7861024
        ]
      },
      "id": "way/790430453"
    },
    {
      "type": "Feature",
      "properties": {
        "@id": "way/790430458",
        "amenity": "hospital",
        "healthcare": "hospital",
        "@geometry": "center"
      },
      "geometry": {
        "type": "Point",
        "coordinates": [
          9.6340275,
          36.6448125
        ]
      },
      "id": "way/790430458"
    },
    {
      "type": "Feature",
      "properties": {
        "@id": "way/790430460",
        "amenity": "hospital",
        "healthcare": "hospital",
        "name": "Csb nord msaken",
        "name:ar": "",
        "name:fr": "",
        "@geometry": "center"
      },
      "geometry": {
        "type": "Point",
        "coordinates": [
          10.5742252,
          35.7337082
        ]
      },
      "id": "way/790430460"
    },
    {
      "type": "Feature",
      "properties": {
        "@id": "way/790430465",
        "amenity": "hospital",
        "building": "hospital",
        "emergency": "yes",
        "healthcare": "hospital",
        "name": "مستشفى قصر المحاضة",
        "name:ar": "مستشفى قصر المحاضة",
        "name:fr": "Hopital Ksar El Mhadha",
        "@geometry": "center"
      },
      "geometry": {
        "type": "Point",
        "coordinates": [
          10.1880303,
          33.2110873
        ]
      },
      "id": "way/790430465"
    },
    {
      "type": "Feature",
      "properties": {
        "@id": "way/790430466",
        "addr:city": "سوسة",
        "addr:housenumber": "5",
        "addr:postcode": "4000",
        "addr:street": "شارع الحبيب بورقيبة",
        "addr:street:ar": "شارع الحبيب بورقيبة",
        "amenity": "hospital",
        "email": "larbi@dr.com",
        "emergency": "no",
        "healthcare": "hospital",
        "healthcare:speciality": "anaesthetics;plastic_surgery",
        "name": "جراحة التجميل د.كمال العربى",
        "name:ar": "جراحة التجميل د.كمال العربى",
        "operator": "د كمال العربى",
        "phone": "+216 73 220 107",
        "@geometry": "center"
      },
      "geometry": {
        "type": "Point",
        "coordinates": [
          10.6401654,
          35.8304262
        ]
      },
      "id": "way/790430466"
    },
    {
      "type": "Feature",
      "properties": {
        "@id": "way/790430469",
        "addr:city": "عقارب",
        "amenity": "hospital",
        "healthcare": "hospital",
        "name": "المستشفى المحلي عقارب",
        "name:ar": "المستشفى المحلي عقارب",
        "name:fr": "Hôpital Local de Agareb",
        "@geometry": "center"
      },
      "geometry": {
        "type": "Point",
        "coordinates": [
          10.5271684,
          34.7416212
        ]
      },
      "id": "way/790430469"
    },
    {
      "type": "Feature",
      "properties": {
        "@id": "way/790430470",
        "amenity": "hospital",
        "healthcare": "hospital",
        "@geometry": "center"
      },
      "geometry": {
        "type": "Point",
        "coordinates": [
          10.5833084,
          35.726258
        ]
      },
      "id": "way/790430470"
    },
    {
      "type": "Feature",
      "properties": {
        "@id": "way/791661445",
        "addr:street": "شارع جريجن",
        "amenity": "hospital",
        "healthcare": "hospital",
        "name": "مستشفى الحرابة القروي",
        "name:ar": "مستشفى الحرابه القروي",
        "@geometry": "center"
      },
      "geometry": {
        "type": "Point",
        "coordinates": [
          11.5908261,
          31.8753388
        ]
      },
      "id": "way/791661445"
    },
    {
      "type": "Feature",
      "properties": {
        "@id": "way/791765581",
        "amenity": "hospital",
        "healthcare": "hospital",
        "name": "مستشفي الرحيبات",
        "name:ar": "مستشفي الرحيبات",
        "name:en": "Alruhaibat Hospital",
        "@geometry": "center"
      },
      "geometry": {
        "type": "Point",
        "coordinates": [
          11.897816,
          31.8780556
        ]
      },
      "id": "way/791765581"
    },
    {
      "type": "Feature",
      "properties": {
        "@id": "way/792052314",
        "addr:city": "الفيوت",
        "amenity": "hospital",
        "healthcare": "hospital",
        "name": "المركز الصحي - الفيوت",
        "name:ar": "المركز الصحي - الفيوت",
        "name:en": "Health Center - El-Fayout",
        "name:fr": "Centre de Santér - El-Fayout",
        "@geometry": "center"
      },
      "geometry": {
        "type": "Point",
        "coordinates": [
          10.0819569,
          24.9509409
        ]
      },
      "id": "way/792052314"
    },
    {
      "type": "Feature",
      "properties": {
        "@id": "way/792056889",
        "addr:street": "بدر",
        "amenity": "hospital",
        "healthcare": "hospital",
        "name": "مستوصف بدر",
        "name:ar": "مستوصف بدر",
        "name:en": "BADR Clinic",
        "@geometry": "center"
      },
      "geometry": {
        "type": "Point",
        "coordinates": [
          11.5434624,
          32.063031
        ]
      },
      "id": "way/792056889"
    },
    {
      "type": "Feature",
      "properties": {
        "@id": "way/792057808",
        "addr:city": "غات",
        "addr:city:ar": "غات",
        "amenity": "hospital",
        "healthcare": "hospital",
        "name": "المركز الصحي غات",
        "name:ar": "المركز الصحي غات",
        "name:en": "GATT Clinic",
        "name:fr": "Centre de Santé Ghat",
        "@geometry": "center"
      },
      "geometry": {
        "type": "Point",
        "coordinates": [
          10.1765465,
          24.9623002
        ]
      },
      "id": "way/792057808"
    },
    {
      "type": "Feature",
      "properties": {
        "@id": "way/792058808",
        "amenity": "hospital",
        "healthcare": "hospital",
        "name": "المركز الصحي العوينات",
        "name:ar": "المركز الصحي العوينات",
        "name:en": "Al-Owainat Health Center",
        "@geometry": "center"
      },
      "geometry": {
        "type": "Point",
        "coordinates": [
          10.5611385,
          25.7799922
        ]
      },
      "id": "way/792058808"
    },
    {
      "type": "Feature",
      "properties": {
        "@id": "way/804297772",
        "amenity": "hospital",
        "healthcare": "hospital",
        "name": "ancienne urgence",
        "@geometry": "center"
      },
      "geometry": {
        "type": "Point",
        "coordinates": [
          6.1777349,
          36.169439
        ]
      },
      "id": "way/804297772"
    },
    {
      "type": "Feature",
      "properties": {
        "@id": "way/805346223",
        "amenity": "hospital",
        "healthcare": "hospital",
        "name": "مستشفى",
        "name:ar": "مستشفى",
        "name:fr": "Ehu",
        "@geometry": "center"
      },
      "geometry": {
        "type": "Point",
        "coordinates": [
          -0.3061095,
          33.276684
        ]
      },
      "id": "way/805346223"
    },
    {
      "type": "Feature",
      "properties": {
        "@id": "way/813483680",
        "addr:city": "البركت",
        "addr:city:ar": "البركت",
        "amenity": "hospital",
        "healthcare": "hospital",
        "language:ar": "main",
        "@geometry": "center"
      },
      "geometry": {
        "type": "Point",
        "coordinates": [
          10.1830189,
          24.8964281
        ]
      },
      "id": "way/813483680"
    },
    {
      "type": "Feature",
      "properties": {
        "@id": "way/814646566",
        "amenity": "hospital",
        "building": "yes",
        "healthcare": "hospital",
        "@geometry": "center"
      },
      "geometry": {
        "type": "Point",
        "coordinates": [
          -6.5434548,
          34.2493162
        ]
      },
      "id": "way/814646566"
    },
    {
      "type": "Feature",
      "properties": {
        "@id": "way/815192783",
        "addr:city": "Ghomrassen",
        "amenity": "hospital",
        "building": "hospital",
        "healthcare": "hospital",
        "name": "Hôpital De Ghomrassen",
        "name:fr": "Hôpital De Ghomrassen",
        "@geometry": "center"
      },
      "geometry": {
        "type": "Point",
        "coordinates": [
          10.3680693,
          33.0692629
        ]
      },
      "id": "way/815192783"
    },
    {
      "type": "Feature",
      "properties": {
        "@id": "way/815408087",
        "addr:city": "كندار",
        "amenity": "hospital",
        "healthcare": "hospital",
        "name": "مستشفى كندار",
        "name:ar": "مستشفى كندار",
        "name:fr": "Hôpital Kondar",
        "@geometry": "center"
      },
      "geometry": {
        "type": "Point",
        "coordinates": [
          10.2991635,
          35.9323214
        ]
      },
      "id": "way/815408087"
    },
    {
      "type": "Feature",
      "properties": {
        "@id": "way/832943186",
        "amenity": "hospital",
        "healthcare": "hospital",
        "@geometry": "center"
      },
      "geometry": {
        "type": "Point",
        "coordinates": [
          11.6328764,
          32.828564
        ]
      },
      "id": "way/832943186"
    },
    {
      "type": "Feature",
      "properties": {
        "@id": "way/833468874",
        "addr:city": "Málaga",
        "addr:housenumber": "16",
        "addr:postcode": "29007",
        "addr:street": "Calle Corregidor Nicolás Isidro",
        "alt_name": "Hospital El Ángel",
        "amenity": "hospital",
        "fax": "+34 952348100",
        "healthcare": "hospital",
        "name": "Hospital HLA El Ángel",
        "old_name": "Clínica El Ángel",
        "phone": "+34 952045000",
        "website": "https://www.grupohla.com/hospitales-clinicas/hospital-el-angel",
        "wikidata": "Q87762153",
        "@geometry": "center"
      },
      "geometry": {
        "type": "Point",
        "coordinates": [
          -4.4532959,
          36.715457
        ]
      },
      "id": "way/833468874"
    },
    {
      "type": "Feature",
      "properties": {
        "@id": "way/835034509",
        "amenity": "hospital",
        "healthcare": "hospital",
        "@geometry": "center"
      },
      "geometry": {
        "type": "Point",
        "coordinates": [
          11.6685498,
          31.99202
        ]
      },
      "id": "way/835034509"
    },
    {
      "type": "Feature",
      "properties": {
        "@id": "way/845096041",
        "addr:city": "البركت",
        "addr:city:ar": "البركت",
        "amenity": "hospital",
        "healthcare": "hospital",
        "language:ar": "main",
        "@geometry": "center"
      },
      "geometry": {
        "type": "Point",
        "coordinates": [
          10.1834006,
          24.8880916
        ]
      },
      "id": "way/845096041"
    },
    {
      "type": "Feature",
      "properties": {
        "@id": "way/845096042",
        "amenity": "hospital",
        "healthcare": "hospital",
        "@geometry": "center"
      },
      "geometry": {
        "type": "Point",
        "coordinates": [
          10.178501,
          24.9639917
        ]
      },
      "id": "way/845096042"
    },
    {
      "type": "Feature",
      "properties": {
        "@id": "way/846654542",
        "addr:city": "Oran",
        "addr:street": "Les Planteurs",
        "amenity": "hospital",
        "healthcare": "hospital",
        "healthcare:speciality": "general",
        "name": "Polyclinique Les Planteurs II",
        "operator": "etatique",
        "@geometry": "center"
      },
      "geometry": {
        "type": "Point",
        "coordinates": [
          -0.6647356,
          35.6986573
        ]
      },
      "id": "way/846654542"
    },
    {
      "type": "Feature",
      "properties": {
        "@id": "way/847489492",
        "addr:city": "Almería",
        "addr:postcode": "04009",
        "addr:street": "Calle Hermandad de los Donantes de Sangre",
        "amenity": "hospital",
        "building": "hospital",
        "emergency": "yes",
        "healthcare": "hospital",
        "name": "Hospital Materno-Infantil",
        "network": "Servicio Andaluz de Salud",
        "network:short": "SAS",
        "operator:type": "public",
        "@geometry": "center"
      },
      "geometry": {
        "type": "Point",
        "coordinates": [
          -2.4421635,
          36.8623603
        ]
      },
      "id": "way/847489492"
    },
    {
      "type": "Feature",
      "properties": {
        "@id": "way/848375799",
        "addr:city": "Málaga",
        "addr:housenumber": "121",
        "addr:postcode": "29010",
        "addr:street": "Avenida Carlos de Haya",
        "amenity": "hospital",
        "description": "Complejo hospitalario integral privado.",
        "emergency": "yes",
        "healthcare": "hospital",
        "name": "Hospital Málaga Chip Wellness",
        "@geometry": "center"
      },
      "geometry": {
        "type": "Point",
        "coordinates": [
          -4.4541397,
          36.7232163
        ]
      },
      "id": "way/848375799"
    },
    {
      "type": "Feature",
      "properties": {
        "@id": "way/853330031",
        "amenity": "hospital",
        "healthcare": "hospital",
        "name": "العيادات الخارجية",
        "name:ar": "العيادات الخارجية",
        "name:en": "Outpatient clinics",
        "@geometry": "center"
      },
      "geometry": {
        "type": "Point",
        "coordinates": [
          11.3593095,
          32.0174056
        ]
      },
      "id": "way/853330031"
    },
    {
      "type": "Feature",
      "properties": {
        "@id": "way/853334150",
        "amenity": "hospital",
        "healthcare": "hospital",
        "@geometry": "center"
      },
      "geometry": {
        "type": "Point",
        "coordinates": [
          11.3696101,
          31.9959037
        ]
      },
      "id": "way/853334150"
    },
    {
      "type": "Feature",
      "properties": {
        "@id": "way/853338475",
        "amenity": "hospital",
        "healthcare": "hospital",
        "name": "مستشفي الحوامد",
        "name:ar": "مستشفي الحوامد",
        "name:en": "Al Hawamid Hospital",
        "@geometry": "center"
      },
      "geometry": {
        "type": "Point",
        "coordinates": [
          11.1588048,
          31.9735181
        ]
      },
      "id": "way/853338475"
    },
    {
      "type": "Feature",
      "properties": {
        "@id": "way/854167973",
        "amenity": "hospital",
        "healthcare": "hospital",
        "name": "Complejo Hospitalario Torrecárdenas",
        "@geometry": "center"
      },
      "geometry": {
        "type": "Point",
        "coordinates": [
          -2.4410356,
          36.8624325
        ]
      },
      "id": "way/854167973"
    },
    {
      "type": "Feature",
      "properties": {
        "@id": "way/854515695",
        "amenity": "hospital",
        "name": "عيادة متعددة الخدمات",
        "name:ar": "عيادة متعددة الخدمات",
        "@geometry": "center"
      },
      "geometry": {
        "type": "Point",
        "coordinates": [
          6.4824285,
          36.9304476
        ]
      },
      "id": "way/854515695"
    },
    {
      "type": "Feature",
      "properties": {
        "@id": "way/856320349",
        "addr:city": "oran",
        "addr:street": "les planteurs",
        "amenity": "hospital",
        "healthcare": "hospital",
        "healthcare:speciality": "general",
        "name": "Polyclinique Les Planteurs I",
        "operator": "etatique",
        "@geometry": "center"
      },
      "geometry": {
        "type": "Point",
        "coordinates": [
          -0.6610561,
          35.7010342
        ]
      },
      "id": "way/856320349"
    },
    {
      "type": "Feature",
      "properties": {
        "@id": "way/856482003",
        "addr:city": "Oran",
        "addr:street": "Rue des Frères Bouchakour",
        "amenity": "hospital",
        "emergency": "yes",
        "healthcare": "hospital",
        "healthcare:speciality": "emergency",
        "name": "Urgences medico-chirurgicales UMC",
        "operator": "etatique",
        "operator:type": "public",
        "@geometry": "center"
      },
      "geometry": {
        "type": "Point",
        "coordinates": [
          -0.6437076,
          35.6924185
        ]
      },
      "id": "way/856482003"
    },
    {
      "type": "Feature",
      "properties": {
        "@id": "way/859602029",
        "amenity": "hospital",
        "healthcare": "hospital",
        "name": "مستشفي بقيقيلة",
        "name:ar": "مستشفي بقيقيلة",
        "name:en": "Baqiela Hospital",
        "@geometry": "center"
      },
      "geometry": {
        "type": "Point",
        "coordinates": [
          11.5803543,
          31.861545
        ]
      },
      "id": "way/859602029"
    },
    {
      "type": "Feature",
      "properties": {
        "@id": "way/859609957",
        "amenity": "hospital",
        "healthcare": "hospital",
        "name": "المركز الصحي أولاد محمود",
        "name:en": "Awlad Mahmoud Healthy Care",
        "@geometry": "center"
      },
      "geometry": {
        "type": "Point",
        "coordinates": [
          11.0460216,
          31.8267886
        ]
      },
      "id": "way/859609957"
    },
    {
      "type": "Feature",
      "properties": {
        "@id": "way/859609959",
        "amenity": "hospital",
        "healthcare": "hospital",
        "@geometry": "center"
      },
      "geometry": {
        "type": "Point",
        "coordinates": [
          11.1581475,
          31.8567489
        ]
      },
      "id": "way/859609959"
    },
    {
      "type": "Feature",
      "properties": {
        "@id": "way/863358238",
        "amenity": "hospital",
        "healthcare": "hospital",
        "@geometry": "center"
      },
      "geometry": {
        "type": "Point",
        "coordinates": [
          -4.9882426,
          34.0529931
        ]
      },
      "id": "way/863358238"
    },
    {
      "type": "Feature",
      "properties": {
        "@id": "way/865431768",
        "amenity": "hospital",
        "healthcare": "hospital",
        "name": "مستوصف سيناون",
        "name:ar": "مستوصف سيناون",
        "name:en": "Sinawn Hospital",
        "name:fr": "Hôpital de Sinaoun",
        "@geometry": "center"
      },
      "geometry": {
        "type": "Point",
        "coordinates": [
          10.61156,
          31.0184691
        ]
      },
      "id": "way/865431768"
    },
    {
      "type": "Feature",
      "properties": {
        "@id": "way/865610505",
        "amenity": "hospital",
        "healthcare": "hospital",
        "healthcare:speciality": "general",
        "name": "centre de santé Oran marine",
        "operator": "etatique",
        "operator:type": "public",
        "@geometry": "center"
      },
      "geometry": {
        "type": "Point",
        "coordinates": [
          -0.6547526,
          35.7051345
        ]
      },
      "id": "way/865610505"
    },
    {
      "type": "Feature",
      "properties": {
        "@id": "way/865725734",
        "amenity": "hospital",
        "healthcare": "hospital",
        "name": "مستشفي درج",
        "name:ar": "مستشفي درج",
        "name:en": "Dirj Hospital",
        "name:fr": "Hôpital de Dirj",
        "@geometry": "center"
      },
      "geometry": {
        "type": "Point",
        "coordinates": [
          10.4577611,
          30.1619934
        ]
      },
      "id": "way/865725734"
    },
    {
      "type": "Feature",
      "properties": {
        "@id": "way/865754730",
        "amenity": "hospital",
        "healthcare": "hospital",
        "@geometry": "center"
      },
      "geometry": {
        "type": "Point",
        "coordinates": [
          10.4631083,
          30.1638846
        ]
      },
      "id": "way/865754730"
    },
    {
      "type": "Feature",
      "properties": {
        "@id": "way/865918187",
        "amenity": "hospital",
        "healthcare": "hospital",
        "healthcare:speciality": "general",
        "name": "Polyclinique les palmiers",
        "operator": "etatique",
        "operator:type": "public",
        "@geometry": "center"
      },
      "geometry": {
        "type": "Point",
        "coordinates": [
          -0.6462001,
          35.6742805
        ]
      },
      "id": "way/865918187"
    },
    {
      "type": "Feature",
      "properties": {
        "@id": "way/867319084",
        "amenity": "hospital",
        "healthcare": "hospital",
        "healthcare:speciality": "general",
        "name": "centre de santé Ras el Ain",
        "operator": "etatique",
        "operator:type": "public",
        "@geometry": "center"
      },
      "geometry": {
        "type": "Point",
        "coordinates": [
          -0.654268,
          35.7013156
        ]
      },
      "id": "way/867319084"
    },
    {
      "type": "Feature",
      "properties": {
        "@id": "way/871505068",
        "addr:city": "Tanger",
        "addr:street": "chraka",
        "amenity": "hospital",
        "fax": "+212 5 39 39 24 65",
        "healthcare": "hospital",
        "name": "CHU de Tanger-Tétouan-Al Hoceima",
        "official_name": "Centre Hospitalier Universitaire de Tanger-Tétouan-Al Hoceima",
        "operator": "centre",
        "operator:type": "public",
        "short_name": "CHU TTA",
        "website": "https://chutanger.ma",
        "@geometry": "center"
      },
      "geometry": {
        "type": "Point",
        "coordinates": [
          -5.9258114,
          35.6837521
        ]
      },
      "id": "way/871505068"
    },
    {
      "type": "Feature",
      "properties": {
        "@id": "way/878934169",
        "amenity": "hospital",
        "layer": "1",
        "name": "Hopital Ghomrassen",
        "name:fr": "Hôpital Ghomrassen",
        "@geometry": "center"
      },
      "geometry": {
        "type": "Point",
        "coordinates": [
          10.3680933,
          33.0687828
        ]
      },
      "id": "way/878934169"
    },
    {
      "type": "Feature",
      "properties": {
        "@id": "way/902672676",
        "addr:city": "El Oued",
        "addr:postcode": "39000",
        "amenity": "hospital",
        "emergency": "no",
        "healthcare": "hospital",
        "name": "polyclinique 19 mars ouest",
        "@geometry": "center"
      },
      "geometry": {
        "type": "Point",
        "coordinates": [
          6.8643987,
          33.3390487
        ]
      },
      "id": "way/902672676"
    },
    {
      "type": "Feature",
      "properties": {
        "@id": "way/907058758",
        "addr:city": "المغير",
        "addr:housenumber": "غرب الطرق الوطني رقم03",
        "addr:postcode": "39200",
        "amenity": "hospital",
        "emergency": "yes",
        "healthcare": "hospital",
        "healthcare:speciality": "general",
        "name": "ارض مشروع مسجد+مدرسة قرآنية",
        "operator": "جمعية دينية عبد المجيدحبة",
        "operator:type": "public",
        "@geometry": "center"
      },
      "geometry": {
        "type": "Point",
        "coordinates": [
          5.9160734,
          33.9443135
        ]
      },
      "id": "way/907058758"
    },
    {
      "type": "Feature",
      "properties": {
        "@id": "way/907058759",
        "addr:city": "المغير",
        "addr:housenumber": "غرب الطريق الوطني رقم 03",
        "addr:postcode": "39200",
        "amenity": "hospital",
        "healthcare": "hospital",
        "healthcare:speciality": "general",
        "name": "مدرسة ابتدائية",
        "operator": "مدرية التربية",
        "operator:type": "government",
        "@geometry": "center"
      },
      "geometry": {
        "type": "Point",
        "coordinates": [
          5.9145051,
          33.9445514
        ]
      },
      "id": "way/907058759"
    },
    {
      "type": "Feature",
      "properties": {
        "@id": "way/907266640",
        "amenity": "hospital",
        "healthcare": "hospital",
        "@geometry": "center"
      },
      "geometry": {
        "type": "Point",
        "coordinates": [
          10.7472521,
          36.4678807
        ]
      },
      "id": "way/907266640"
    },
    {
      "type": "Feature",
      "properties": {
        "@id": "way/907383920",
        "amenity": "hospital",
        "building:levels": "1",
        "healthcare": "clinic",
        "healthcare:speciality": "general",
        "height": "3.5",
        "name": "قاعة علاج",
        "@geometry": "center"
      },
      "geometry": {
        "type": "Point",
        "coordinates": [
          5.7659536,
          34.2143421
        ]
      },
      "id": "way/907383920"
    },
    {
      "type": "Feature",
      "properties": {
        "@id": "way/908806511",
        "amenity": "hospital",
        "healthcare": "hospital",
        "@geometry": "center"
      },
      "geometry": {
        "type": "Point",
        "coordinates": [
          -3.3844769,
          34.9759791
        ]
      },
      "id": "way/908806511"
    },
    {
      "type": "Feature",
      "properties": {
        "@id": "way/911012466",
        "amenity": "hospital",
        "healthcare": "hospital",
        "healthcare:speciality": "maternity",
        "name": "futur Hôpital",
        "note": "terrain de projet maternité",
        "operator": "maternité",
        "operator:type": "public",
        "@geometry": "center"
      },
      "geometry": {
        "type": "Point",
        "coordinates": [
          5.8969072,
          34.7658359
        ]
      },
      "id": "way/911012466"
    },
    {
      "type": "Feature",
      "properties": {
        "@id": "way/914378928",
        "amenity": "hospital",
        "healthcare": "hospital",
        "@geometry": "center"
      },
      "geometry": {
        "type": "Point",
        "coordinates": [
          10.1608806,
          24.9498497
        ]
      },
      "id": "way/914378928"
    },
    {
      "type": "Feature",
      "properties": {
        "@id": "way/914378993",
        "amenity": "hospital",
        "healthcare": "hospital",
        "@geometry": "center"
      },
      "geometry": {
        "type": "Point",
        "coordinates": [
          10.1574875,
          24.9602809
        ]
      },
      "id": "way/914378993"
    },
    {
      "type": "Feature",
      "properties": {
        "@id": "way/914414916",
        "amenity": "hospital",
        "healthcare": "hospital",
        "healthcare:speciality": "Gerenal",
        "name": "المركز الصحي تهالة",
        "name:en": "TAHAL HealtyCare",
        "operator:type": "government",
        "@geometry": "center"
      },
      "geometry": {
        "type": "Point",
        "coordinates": [
          10.356369,
          25.4157926
        ]
      },
      "id": "way/914414916"
    },
    {
      "type": "Feature",
      "properties": {
        "@id": "way/919406293",
        "amenity": "hospital",
        "healthcare": "hospital",
        "name": "Hopital Ibn Khaldoun",
        "@geometry": "center"
      },
      "geometry": {
        "type": "Point",
        "coordinates": [
          -4.9907796,
          34.0632898
        ]
      },
      "id": "way/919406293"
    },
    {
      "type": "Feature",
      "properties": {
        "@id": "way/919586648",
        "amenity": "hospital",
        "healthcare": "hospital",
        "@geometry": "center"
      },
      "geometry": {
        "type": "Point",
        "coordinates": [
          -4.9852771,
          34.0451081
        ]
      },
      "id": "way/919586648"
    },
    {
      "type": "Feature",
      "properties": {
        "@id": "way/944199676",
        "amenity": "hospital",
        "healthcare": "hospital",
        "name": "Clinique",
        "@geometry": "center"
      },
      "geometry": {
        "type": "Point",
        "coordinates": [
          3.8983999,
          36.7462746
        ]
      },
      "id": "way/944199676"
    },
    {
      "type": "Feature",
      "properties": {
        "@id": "way/946849025",
        "addr:city": "Gdyel",
        "amenity": "hospital",
        "healthcare": "hospital",
        "name": "Ancien Polyclinique",
        "name:ar": "مستوصف القديم",
        "name:fr": "Ancien Polyclinique",
        "operator": "public",
        "operator:type": "public",
        "@geometry": "center"
      },
      "geometry": {
        "type": "Point",
        "coordinates": [
          -0.424536,
          35.7865772
        ]
      },
      "id": "way/946849025"
    },
    {
      "type": "Feature",
      "properties": {
        "@id": "way/948855513",
        "amenity": "hospital",
        "healthcare": "hospital",
        "name": "مستشفي السبخة القروي",
        "name:en": "Al Sabkha Village Hospital",
        "@geometry": "center"
      },
      "geometry": {
        "type": "Point",
        "coordinates": [
          11.9808585,
          32.8525492
        ]
      },
      "id": "way/948855513"
    },
    {
      "type": "Feature",
      "properties": {
        "@id": "way/950137910",
        "amenity": "hospital",
        "name": "Ancien Hôpital de Mareth",
        "name:fr": "Ancien Hôpital de Mareth",
        "@geometry": "center"
      },
      "geometry": {
        "type": "Point",
        "coordinates": [
          10.2875357,
          33.6160777
        ]
      },
      "id": "way/950137910"
    },
    {
      "type": "Feature",
      "properties": {
        "@id": "node/951467448",
        "amenity": "hospital"
      },
      "geometry": {
        "type": "Point",
        "coordinates": [
          4.8917133,
          36.4076992
        ]
      },
      "id": "node/951467448"
    },
    {
      "type": "Feature",
      "properties": {
        "@id": "way/955375022",
        "addr:housenumber": "20",
        "addr:postcode": "29018",
        "addr:street": "Calle Meridiana",
        "amenity": "hospital",
        "check_date": "2025-05-11",
        "healthcare": "hospital",
        "name": "Génesis Care",
        "website": "https://www.genesiscare.com",
        "@geometry": "center"
      },
      "geometry": {
        "type": "Point",
        "coordinates": [
          -4.3820527,
          36.7356376
        ]
      },
      "id": "way/955375022"
    },
    {
      "type": "Feature",
      "properties": {
        "@id": "node/956483907",
        "amenity": "hospital",
        "healthcare": "vaccination_centre",
        "healthcare:speciality": "vaccination;covid19",
        "name": "Polyclinique Les Sources",
        "name:ar": "مستوصف الينابيع",
        "name:en": "Polyclinique Les Sources conseils de l'ordre",
        "name:fr": "Polyclinique Les Sources conseils de l'ordre",
        "vaccination": "covid19"
      },
      "geometry": {
        "type": "Point",
        "coordinates": [
          3.0582318,
          36.733876
        ]
      },
      "id": "node/956483907"
    },
    {
      "type": "Feature",
      "properties": {
        "@id": "way/973778778",
        "addr:city": "Huelva",
        "addr:postcode": "21005",
        "addr:street": "Ronda Exterior Norte",
        "amenity": "hospital",
        "emergency": "yes",
        "healthcare": "hospital",
        "healthcare:speciality": "psychiatry;orthopaedics;gynaecology;emergency;maternity;surgery;cardiology;oncology;dermatology",
        "name": "Hospital Juan Ramón Jiménez",
        "network": "Servicio Andaluz de Salud",
        "network:short": "SAS",
        "nohousenumber": "yes",
        "operator:type": "public",
        "phone": "+34 959 01 60 00",
        "start_date": "1993",
        "wikidata": "Q30280284",
        "@geometry": "center"
      },
      "geometry": {
        "type": "Point",
        "coordinates": [
          -6.9264569,
          37.2797496
        ]
      },
      "id": "way/973778778"
    },
    {
      "type": "Feature",
      "properties": {
        "@id": "way/973783653",
        "amenity": "hospital",
        "emergency": "yes",
        "healthcare": "hospital",
        "name": "Hospital Infanta Elena",
        "network": "Servicio Andaluz de Salud",
        "network:short": "SAS",
        "operator:type": "public",
        "phone": "+34 959 01 51 00",
        "website": "https://www.hospital-infantaelena.es/",
        "wikidata": "Q87828386",
        "@geometry": "center"
      },
      "geometry": {
        "type": "Point",
        "coordinates": [
          -6.9123998,
          37.2804383
        ]
      },
      "id": "way/973783653"
    },
    {
      "type": "Feature",
      "properties": {
        "@id": "way/978851649",
        "addr:city": "Oum El Bouaghi",
        "addr:postcode": "04000",
        "addr:street": "نهج أول نوفمبر 1954",
        "amenity": "hospital",
        "building": "yes",
        "building:levels": "2",
        "height": "11.45",
        "roof:colour": "#dd7e6b",
        "roof:height": "2.62",
        "roof:shape": "hipped",
        "@geometry": "center"
      },
      "geometry": {
        "type": "Point",
        "coordinates": [
          7.108983,
          35.879299
        ]
      },
      "id": "way/978851649"
    },
    {
      "type": "Feature",
      "properties": {
        "@id": "way/978851650",
        "addr:city": "Oum El Bouaghi",
        "addr:postcode": "04000",
        "addr:street": "نهج أول نوفمبر 1954",
        "amenity": "hospital",
        "building": "yes",
        "building:levels": "2",
        "height": "11.45",
        "roof:colour": "#dd7e6b",
        "roof:height": "2.62",
        "roof:shape": "hipped",
        "@geometry": "center"
      },
      "geometry": {
        "type": "Point",
        "coordinates": [
          7.109122,
          35.8795438
        ]
      },
      "id": "way/978851650"
    },
    {
      "type": "Feature",
      "properties": {
        "@id": "way/978851651",
        "addr:city": "Oum El Bouaghi",
        "addr:postcode": "04000",
        "addr:street": "نهج أول نوفمبر 1954",
        "amenity": "hospital",
        "building": "yes",
        "building:levels": "2",
        "height": "11.45",
        "roof:colour": "#dd7e6b",
        "roof:height": "2.62",
        "roof:shape": "hipped",
        "@geometry": "center"
      },
      "geometry": {
        "type": "Point",
        "coordinates": [
          7.1091471,
          35.8794374
        ]
      },
      "id": "way/978851651"
    },
    {
      "type": "Feature",
      "properties": {
        "@id": "way/978851652",
        "addr:city": "Oum El Bouaghi",
        "addr:postcode": "04000",
        "addr:street": "نهج أول نوفمبر 1954",
        "amenity": "hospital",
        "building": "yes",
        "building:levels": "2",
        "height": "11.45",
        "roof:colour": "#dd7e6b",
        "roof:height": "2.62",
        "roof:shape": "hipped",
        "@geometry": "center"
      },
      "geometry": {
        "type": "Point",
        "coordinates": [
          7.1091827,
          35.8793347
        ]
      },
      "id": "way/978851652"
    },
    {
      "type": "Feature",
      "properties": {
        "@id": "way/978851653",
        "addr:city": "Oum El Bouaghi",
        "addr:postcode": "04000",
        "addr:street": "نهج أول نوفمبر 1954",
        "amenity": "hospital",
        "building": "yes",
        "building:levels": "2",
        "height": "11.45",
        "roof:colour": "#dd7e6b",
        "roof:height": "2.62",
        "roof:shape": "hipped",
        "start_date": "1980",
        "@geometry": "center"
      },
      "geometry": {
        "type": "Point",
        "coordinates": [
          7.1084581,
          35.8790793
        ]
      },
      "id": "way/978851653"
    },
    {
      "type": "Feature",
      "properties": {
        "@id": "way/978851654",
        "addr:city": "Oum El Bouaghi",
        "addr:postcode": "04000",
        "addr:street": "نهج أول نوفمبر 1954",
        "amenity": "hospital",
        "building": "yes",
        "building:levels": "2",
        "height": "11.45",
        "roof:colour": "#dd7e6b",
        "roof:height": "2.62",
        "roof:shape": "hipped",
        "@geometry": "center"
      },
      "geometry": {
        "type": "Point",
        "coordinates": [
          7.1087847,
          35.8791536
        ]
      },
      "id": "way/978851654"
    },
    {
      "type": "Feature",
      "properties": {
        "@id": "way/978851655",
        "addr:city": "Oum El Bouaghi",
        "addr:postcode": "04000",
        "addr:street": "نهج أول نوفمبر 1954",
        "amenity": "hospital",
        "building": "yes",
        "building:levels": "2",
        "height": "11.45",
        "roof:colour": "#dd7e6b",
        "roof:height": "2.62",
        "roof:shape": "hipped",
        "@geometry": "center"
      },
      "geometry": {
        "type": "Point",
        "coordinates": [
          7.1089238,
          35.8791466
        ]
      },
      "id": "way/978851655"
    },
    {
      "type": "Feature",
      "properties": {
        "@id": "way/978851656",
        "addr:city": "Oum El Bouaghi",
        "addr:postcode": "04000",
        "addr:street": "نهج أول نوفمبر 1954",
        "amenity": "hospital",
        "building": "yes",
        "building:levels": "2",
        "height": "11.45",
        "roof:colour": "#dd7e6b",
        "roof:height": "2.62",
        "roof:shape": "hipped",
        "@geometry": "center"
      },
      "geometry": {
        "type": "Point",
        "coordinates": [
          7.1089554,
          35.8792048
        ]
      },
      "id": "way/978851656"
    },
    {
      "type": "Feature",
      "properties": {
        "@id": "way/980102202",
        "amenity": "hospital",
        "check_date": "2024-12-25",
        "emergency": "yes",
        "healthcare": "hospital",
        "name": "Hospital Universitario Costa del Sol",
        "network": "Servicio Andaluz de Salud",
        "network:short": "SAS",
        "operator": "Consejería de Salud de la Junta de Andalucía",
        "operator:type": "public",
        "wheelchair": "yes",
        "wikidata": "Q5902605",
        "@geometry": "center"
      },
      "geometry": {
        "type": "Point",
        "coordinates": [
          -4.8279689,
          36.50794
        ]
      },
      "id": "way/980102202"
    },
    {
      "type": "Feature",
      "properties": {
        "@id": "way/983233983",
        "addr:city": "Tiaret",
        "addr:postcode": "14000",
        "addr:street": "La route des pins",
        "amenity": "hospital",
        "barrier": "wall",
        "name": "Hôpital Psychiatrique de Tiaret",
        "name:ar": "مستشفى الامراض العقلية لتيارت",
        "@geometry": "center"
      },
      "geometry": {
        "type": "Point",
        "coordinates": [
          1.3123631,
          35.3865863
        ]
      },
      "id": "way/983233983"
    },
    {
      "type": "Feature",
      "properties": {
        "@id": "node/997906595",
        "amenity": "hospital",
        "name": "Polyclinque d'Assa"
      },
      "geometry": {
        "type": "Point",
        "coordinates": [
          -1.7834565,
          35.0413484
        ]
      },
      "id": "node/997906595"
    },
    {
      "type": "Feature",
      "properties": {
        "@id": "way/998789480",
        "addr:city": "Oum El Bouaghi",
        "addr:postcode": "04000",
        "amenity": "hospital",
        "building": "house",
        "building:levels": "2",
        "healthcare": "hospital",
        "height": "6",
        "start_date": "1998",
        "@geometry": "center"
      },
      "geometry": {
        "type": "Point",
        "coordinates": [
          7.0945427,
          35.8819839
        ]
      },
      "id": "way/998789480"
    },
    {
      "type": "Feature",
      "properties": {
        "@id": "way/1000779933",
        "amenity": "hospital",
        "healthcare": "hospital",
        "@geometry": "center"
      },
      "geometry": {
        "type": "Point",
        "coordinates": [
          -0.5665592,
          35.720369
        ]
      },
      "id": "way/1000779933"
    },
    {
      "type": "Feature",
      "properties": {
        "@id": "node/1002745999",
        "addr:city": "Khouriba",
        "amenity": "hospital",
        "emergency": "no",
        "name": "polyclinique Khouriba"
      },
      "geometry": {
        "type": "Point",
        "coordinates": [
          -1.7687651,
          35.0328899
        ]
      },
      "id": "node/1002745999"
    },
    {
      "type": "Feature",
      "properties": {
        "@id": "way/1015706185",
        "amenity": "hospital",
        "healthcare": "hospital",
        "healthcare:speciality": "general",
        "@geometry": "center"
      },
      "geometry": {
        "type": "Point",
        "coordinates": [
          10.1841326,
          24.8965406
        ]
      },
      "id": "way/1015706185"
    },
    {
      "type": "Feature",
      "properties": {
        "@id": "way/1020562978",
        "addr:city": "Freha",
        "addr:postcode": "15012",
        "amenity": "hospital",
        "healthcare": "hospital",
        "healthcare:speciality": "biology;analyses_medicales",
        "name": "laboratoire belkacem",
        "operator": "dr belkacem",
        "operator:type": "private",
        "@geometry": "center"
      },
      "geometry": {
        "type": "Point",
        "coordinates": [
          4.3132592,
          36.7587958
        ]
      },
      "id": "way/1020562978"
    },
    {
      "type": "Feature",
      "properties": {
        "@id": "way/1028150308",
        "amenity": "hospital",
        "healthcare": "hospital",
        "name": "مستشفى عسكري",
        "@geometry": "center"
      },
      "geometry": {
        "type": "Point",
        "coordinates": [
          5.2505568,
          31.8974123
        ]
      },
      "id": "way/1028150308"
    },
    {
      "type": "Feature",
      "properties": {
        "@id": "way/1034199026",
        "amenity": "hospital",
        "healthcare": "hospital",
        "@geometry": "center"
      },
      "geometry": {
        "type": "Point",
        "coordinates": [
          -0.4661125,
          35.7281015
        ]
      },
      "id": "way/1034199026"
    },
    {
      "type": "Feature",
      "properties": {
        "@id": "node/1037011464",
        "amenity": "hospital",
        "healthcare": "hospital",
        "name": "المركز المندمج للشباب والطفولة بالخضراء",
        "name:ar": "المركز المندمج للشباب والطفولة بالخضراء",
        "name:fr": "Centre d'Enfants Bourguiba"
      },
      "geometry": {
        "type": "Point",
        "coordinates": [
          10.1921935,
          36.8300388
        ]
      },
      "id": "node/1037011464"
    },
    {
      "type": "Feature",
      "properties": {
        "@id": "way/1037424831",
        "addr:city": "الرباط",
        "addr:housenumber": "المعهد الوطني للانكلوجيا سيدي محمد بن عبد الله",
        "addr:postcode": "10000",
        "addr:street": "شارع علال الفاسي",
        "amenity": "hospital",
        "emergency": "yes",
        "healthcare": "hospital",
        "healthcare:speciality": "oncology",
        "name": "المعهد الوطني للانكولوجيا",
        "name:ar": "المعهد الوطني للانكلوجيا سيدي محمد بن عبد الله",
        "name:en": "National Institute of Oncology Sidi Mohamed Ben Abdallah",
        "name:fr": "Institut National d'Oncologie Sidi Mohamed Ben Abdallah",
        "@geometry": "center"
      },
      "geometry": {
        "type": "Point",
        "coordinates": [
          -6.8731815,
          33.9723284
        ]
      },
      "id": "way/1037424831"
    },
    {
      "type": "Feature",
      "properties": {
        "@id": "way/1052301197",
        "amenity": "hospital",
        "healthcare": "hospital",
        "name": "Hopital Merouaha المركز الصحي مرواحة",
        "name:ar": "المركز الصحي مرواحة",
        "@geometry": "center"
      },
      "geometry": {
        "type": "Point",
        "coordinates": [
          5.3061134,
          36.4513651
        ]
      },
      "id": "way/1052301197"
    },
    {
      "type": "Feature",
      "properties": {
        "@id": "way/1058329038",
        "addr:city": "Benalmádena",
        "addr:postcode": "29639",
        "addr:street": "Avenida Arroyo Hondo",
        "amenity": "hospital",
        "building": "hospital",
        "emergency": "yes",
        "healthcare": "hospital",
        "layer": "1",
        "name": "Hospital de Alta Resolución de Benalmádena",
        "operator:type": "public",
        "source": "PNOA",
        "source:date": "2019",
        "wikidata": "Q64443844",
        "@geometry": "center"
      },
      "geometry": {
        "type": "Point",
        "coordinates": [
          -4.5577567,
          36.599524
        ]
      },
      "id": "way/1058329038"
    },
    {
      "type": "Feature",
      "properties": {
        "@id": "way/1060892865",
        "addr:street": "Rua do Moinho da Água",
        "amenity": "hospital",
        "healthcare": "hospital",
        "healthcare:speciality": "fisioterapia",
        "name": "Clinica Cidade Real",
        "@geometry": "center"
      },
      "geometry": {
        "type": "Point",
        "coordinates": [
          -7.4197853,
          37.1924268
        ]
      },
      "id": "way/1060892865"
    },
    {
      "type": "Feature",
      "properties": {
        "@id": "way/1061365160",
        "amenity": "hospital",
        "healthcare": "hospital",
        "name": "المؤسسة العمومية للصحة الجوارية خراطة",
        "@geometry": "center"
      },
      "geometry": {
        "type": "Point",
        "coordinates": [
          5.277096,
          36.4918438
        ]
      },
      "id": "way/1061365160"
    },
    {
      "type": "Feature",
      "properties": {
        "@id": "way/1064056840",
        "amenity": "hospital",
        "healthcare": "hospital",
        "name": "مركز صحة أساسية حي النزهة",
        "@geometry": "center"
      },
      "geometry": {
        "type": "Point",
        "coordinates": [
          10.454704,
          32.9409885
        ]
      },
      "id": "way/1064056840"
    },
    {
      "type": "Feature",
      "properties": {
        "@id": "way/1064056841",
        "amenity": "hospital",
        "healthcare": "hospital",
        "name": "مركز صحة أساسية حي  المهرجان",
        "name:ar": "مركز صحة أساسية حي  المهرجان",
        "name:fr": "centre de santé de base hay mahrajen",
        "@geometry": "center"
      },
      "geometry": {
        "type": "Point",
        "coordinates": [
          10.467119,
          32.9465811
        ]
      },
      "id": "way/1064056841"
    },
    {
      "type": "Feature",
      "properties": {
        "@id": "way/1064056842",
        "amenity": "hospital",
        "healthcare": "hospital",
        "name": "مركز صحة أساسية حي البر",
        "name:ar": "مركز صحة أساسية حي البر",
        "name:fr": "centre de santé de base hay elber",
        "@geometry": "center"
      },
      "geometry": {
        "type": "Point",
        "coordinates": [
          10.4325152,
          32.918386
        ]
      },
      "id": "way/1064056842"
    },
    {
      "type": "Feature",
      "properties": {
        "@id": "way/1064056844",
        "amenity": "hospital",
        "healthcare": "hospital",
        "name": "المستشفى الجهوي بتطاوين",
        "@geometry": "center"
      },
      "geometry": {
        "type": "Point",
        "coordinates": [
          10.4604795,
          32.9851614
        ]
      },
      "id": "way/1064056844"
    },
    {
      "type": "Feature",
      "properties": {
        "@id": "way/1064056845",
        "amenity": "hospital",
        "healthcare": "hospital",
        "name": "مركز صحة أساسية حي الرياض",
        "name:ar": "مركز صحة أساسية حي الرياض",
        "name:fr": "centre de santé de base hay riyadh",
        "@geometry": "center"
      },
      "geometry": {
        "type": "Point",
        "coordinates": [
          10.4486773,
          32.9361681
        ]
      },
      "id": "way/1064056845"
    },
    {
      "type": "Feature",
      "properties": {
        "@id": "way/1065939724",
        "addr:city": "Settat",
        "addr:housenumber": "500000",
        "amenity": "hospital",
        "healthcare": "hospital",
        "name": "Hassan II Hospital",
        "name:zh": "塞塔特省哈桑二世医院",
        "@geometry": "center"
      },
      "geometry": {
        "type": "Point",
        "coordinates": [
          -7.6157785,
          32.9951628
        ]
      },
      "id": "way/1065939724"
    },
    {
      "type": "Feature",
      "properties": {
        "@id": "way/1067885933",
        "amenity": "hospital",
        "emergency": "no",
        "healthcare": "hospital",
        "name": "hopital Hergla",
        "@geometry": "center"
      },
      "geometry": {
        "type": "Point",
        "coordinates": [
          10.4950296,
          36.0288295
        ]
      },
      "id": "way/1067885933"
    },
    {
      "type": "Feature",
      "properties": {
        "@id": "way/1068106954",
        "amenity": "hospital",
        "healthcare": "hospital",
        "name": "Hospital de Día Quirónsalud",
        "operator": "Quirónsalud",
        "operator:type": "private",
        "@geometry": "center"
      },
      "geometry": {
        "type": "Point",
        "coordinates": [
          -4.4571989,
          36.6850218
        ]
      },
      "id": "way/1068106954"
    },
    {
      "type": "Feature",
      "properties": {
        "@id": "way/1073105878",
        "addr:city": "Mairena del Alcor",
        "addr:postcode": "41510",
        "addr:street": "Calle El Pedroso",
        "amenity": "hospital",
        "healthcare": "hospital",
        "healthcare:speciality": "general",
        "name": "CARE \"Los Alcores\"",
        "nohousenumber": "yes",
        "wheelchair": "yes",
        "@geometry": "center"
      },
      "geometry": {
        "type": "Point",
        "coordinates": [
          -5.731797,
          37.3838433
        ]
      },
      "id": "way/1073105878"
    },
    {
      "type": "Feature",
      "properties": {
        "@id": "way/1073642562",
        "amenity": "hospital",
        "healthcare": "hospital",
        "name": "AMG",
        "@geometry": "center"
      },
      "geometry": {
        "type": "Point",
        "coordinates": [
          4.4867397,
          36.3676041
        ]
      },
      "id": "way/1073642562"
    },
    {
      "type": "Feature",
      "properties": {
        "@id": "way/1075549119",
        "amenity": "hospital",
        "healthcare": "hospital",
        "@geometry": "center"
      },
      "geometry": {
        "type": "Point",
        "coordinates": [
          -7.0103501,
          31.7597955
        ]
      },
      "id": "way/1075549119"
    },
    {
      "type": "Feature",
      "properties": {
        "@id": "way/1079264398",
        "amenity": "hospital",
        "building": "yes",
        "healthcare": "clinic",
        "name": "عيادة المتعددة الخدمات المجاهد بن عبد الله يخلف",
        "name:ar": "عيادة المتعددة الخدمات المجاهد بن عبد الله يخلف",
        "name:fr": "Polyclinique Mujahid Ben Abdoullah Yakhlaf",
        "opening_hours": "24/7",
        "@geometry": "center"
      },
      "geometry": {
        "type": "Point",
        "coordinates": [
          -1.3182231,
          34.910264
        ]
      },
      "id": "way/1079264398"
    },
    {
      "type": "Feature",
      "properties": {
        "@id": "way/1081532793",
        "addr:city": "Ben Ahmed",
        "addr:postcode": "26050",
        "amenity": "hospital",
        "healthcare": "hospital",
        "healthcare:speciality": "general",
        "name": "Hopital El qorb",
        "@geometry": "center"
      },
      "geometry": {
        "type": "Point",
        "coordinates": [
          -7.2438736,
          33.0702578
        ]
      },
      "id": "way/1081532793"
    },
    {
      "type": "Feature",
      "properties": {
        "@id": "way/1082827468",
        "amenity": "hospital",
        "healthcare": "hospital",
        "source": "https://www.sspa.juntadeandalucia.es/servicioandaluzdesalud/el-sas/servicios-y-centros/informacion-por-centros/24854",
        "@geometry": "center"
      },
      "geometry": {
        "type": "Point",
        "coordinates": [
          -3.2083914,
          36.7922786
        ]
      },
      "id": "way/1082827468"
    },
    {
      "type": "Feature",
      "properties": {
        "@id": "way/1083472017",
        "amenity": "hospital",
        "healthcare": "hospital",
        "healthcare:speciality": "general",
        "@geometry": "center"
      },
      "geometry": {
        "type": "Point",
        "coordinates": [
          11.9465195,
          31.9161823
        ]
      },
      "id": "way/1083472017"
    },
    {
      "type": "Feature",
      "properties": {
        "@id": "way/1083508681",
        "amenity": "hospital",
        "healthcare": "hospital",
        "@geometry": "center"
      },
      "geometry": {
        "type": "Point",
        "coordinates": [
          11.4882545,
          31.8686966
        ]
      },
      "id": "way/1083508681"
    },
    {
      "type": "Feature",
      "properties": {
        "@id": "way/1083511425",
        "amenity": "hospital",
        "healthcare": "hospital",
        "@geometry": "center"
      },
      "geometry": {
        "type": "Point",
        "coordinates": [
          11.4686109,
          32.0080257
        ]
      },
      "id": "way/1083511425"
    },
    {
      "type": "Feature",
      "properties": {
        "@id": "way/1083511427",
        "amenity": "hospital",
        "healthcare": "hospital",
        "@geometry": "center"
      },
      "geometry": {
        "type": "Point",
        "coordinates": [
          11.4696077,
          31.8564972
        ]
      },
      "id": "way/1083511427"
    },
    {
      "type": "Feature",
      "properties": {
        "@id": "way/1083555463",
        "amenity": "hospital",
        "healthcare": "hospital",
        "@geometry": "center"
      },
      "geometry": {
        "type": "Point",
        "coordinates": [
          10.6737228,
          31.9541276
        ]
      },
      "id": "way/1083555463"
    },
    {
      "type": "Feature",
      "properties": {
        "@id": "way/1085359385",
        "amenity": "hospital",
        "healthcare": "hospital",
        "@geometry": "center"
      },
      "geometry": {
        "type": "Point",
        "coordinates": [
          0.8657062,
          35.6570009
        ]
      },
      "id": "way/1085359385"
    },
    {
      "type": "Feature",
      "properties": {
        "@id": "way/1088179619",
        "addr:city": "قصر أولاد دباب",
        "addr:postcode": "3242",
        "addr:street": "نهج عمر بن الخطاب",
        "amenity": "hospital",
        "healthcare": "hospital",
        "name": "مركز الصحة الأساسية بقصر أولاد دباب",
        "name:ar": "مركز الصحة الأساسية بقصر أولاد دباب",
        "name:fr": "Centre de santé de base à Ksar Ouled Dabbeb",
        "@geometry": "center"
      },
      "geometry": {
        "type": "Point",
        "coordinates": [
          10.3817295,
          32.8716948
        ]
      },
      "id": "way/1088179619"
    },
    {
      "type": "Feature",
      "properties": {
        "@id": "way/1088430371",
        "amenity": "hospital",
        "healthcare": "hospital",
        "name": "مركز الصحة الأساسية ببير ثلاثين",
        "name:ar": "مركز الصحة الأساسية ببير ثلاثين",
        "name:fr": "Centre de santé de base à Bir Thlathine",
        "@geometry": "center"
      },
      "geometry": {
        "type": "Point",
        "coordinates": [
          10.331043,
          32.6948379
        ]
      },
      "id": "way/1088430371"
    },
    {
      "type": "Feature",
      "properties": {
        "@id": "way/1091653862",
        "amenity": "hospital",
        "healthcare": "hospital",
        "name": "مستوصف العسافية",
        "@geometry": "center"
      },
      "geometry": {
        "type": "Point",
        "coordinates": [
          2.9875733,
          33.8247229
        ]
      },
      "id": "way/1091653862"
    },
    {
      "type": "Feature",
      "properties": {
        "@id": "way/1092731468",
        "amenity": "hospital",
        "healthcare": "clinic",
        "@geometry": "center"
      },
      "geometry": {
        "type": "Point",
        "coordinates": [
          -1.3644796,
          34.9503173
        ]
      },
      "id": "way/1092731468"
    },
    {
      "type": "Feature",
      "properties": {
        "@id": "way/1093259574",
        "amenity": "hospital",
        "healthcare": "hospital",
        "name": "Clinique Al Matar",
        "@geometry": "center"
      },
      "geometry": {
        "type": "Point",
        "coordinates": [
          -2.92683,
          35.151357
        ]
      },
      "id": "way/1093259574"
    },
    {
      "type": "Feature",
      "properties": {
        "@id": "way/1094446065",
        "addr:city": "Granada",
        "addr:housenumber": "2",
        "addr:postcode": "18014",
        "addr:street": "Avenida de las Fuerzas Armadas",
        "amenity": "hospital",
        "emergency": "yes",
        "emergency:phone": "+34 958 02 88 27",
        "healthcare": "hospital",
        "healthcare:speciality": "maternity",
        "name": "Hospital Materno-Infantil del Hospital Universitario Virgen de las Nieves",
        "network": "Servicio Andaluz de Salud",
        "network:short": "SAS",
        "old_name": "Ruiz de Alda",
        "old_name:etymology:wikidata": "Q1382670",
        "operator": "Servicio Andaluz de Salud",
        "operator:short": "SAS",
        "operator:type": "public",
        "operator:wikidata": "Q4753529",
        "phone": "+34 958 02 00 00",
        "ref": "16438",
        "source": "https://www.sspa.juntadeandalucia.es/servicioandaluzdesalud/el-sas/servicios-y-centros/informacion-por-centros/16438",
        "wikidata": "Q87761819",
        "@geometry": "center"
      },
      "geometry": {
        "type": "Point",
        "coordinates": [
          -3.6107606,
          37.18884
        ]
      },
      "id": "way/1094446065"
    },
    {
      "type": "Feature",
      "properties": {
        "@id": "way/1094763689",
        "amenity": "hospital",
        "healthcare": "hospital",
        "name": "Moulay Hassan",
        "@geometry": "center"
      },
      "geometry": {
        "type": "Point",
        "coordinates": [
          -6.5629662,
          34.2608894
        ]
      },
      "id": "way/1094763689"
    },
    {
      "type": "Feature",
      "properties": {
        "@id": "way/1095852549",
        "addr:street": "Avenida María del Carmen Romero Avellaneda",
        "amenity": "hospital",
        "check_date": "2025-02-28",
        "emergency": "yes",
        "emergency:phone": "+34 958 02 88 27",
        "healthcare": "hospital",
        "name": "Hospital de Alta Resolución de Loja",
        "network": "Servicio Andaluz de Salud",
        "network:short": "SAS",
        "operator:type": "public",
        "phone": "+34 958 33 81 00",
        "ref": "25561",
        "source": "https://www.sspa.juntadeandalucia.es/servicioandaluzdesalud/el-sas/servicios-y-centros/informacion-por-centros/25561",
        "wikidata": "Q87761816",
        "@geometry": "center"
      },
      "geometry": {
        "type": "Point",
        "coordinates": [
          -4.1544995,
          37.1709277
        ]
      },
      "id": "way/1095852549"
    },
    {
      "type": "Feature",
      "properties": {
        "@id": "way/1101337682",
        "addr:city": "Tlemcen",
        "addr:housenumber": "115",
        "addr:street": "Riath Lahoual",
        "addr:suburb": "Imama",
        "amenity": "hospital",
        "building": "hospital",
        "healthcare": "clinic",
        "name": "Clinique Mimosa",
        "name:ar": "عيادة ميموزة",
        "name:fr": "Clinique Mimosa",
        "@geometry": "center"
      },
      "geometry": {
        "type": "Point",
        "coordinates": [
          -1.3414783,
          34.8786886
        ]
      },
      "id": "way/1101337682"
    },
    {
      "type": "Feature",
      "properties": {
        "@id": "way/1101338545",
        "amenity": "hospital",
        "building": "yes",
        "healthcare": "clinic",
        "name": "Clinique Ben Habib",
        "name:ar": "عيادة بن حبيب",
        "name:en": "Ben Habib Clinic",
        "name:fr": "Clinique Ben Habib",
        "@geometry": "center"
      },
      "geometry": {
        "type": "Point",
        "coordinates": [
          -1.3207202,
          34.8881829
        ]
      },
      "id": "way/1101338545"
    },
    {
      "type": "Feature",
      "properties": {
        "@id": "way/1101772585",
        "amenity": "hospital",
        "healthcare": "hospital",
        "name": "Centre De Sante Bouknadel",
        "source": "microsoft/BuildingFootprints",
        "@geometry": "center"
      },
      "geometry": {
        "type": "Point",
        "coordinates": [
          -6.7404256,
          34.1208795
        ]
      },
      "id": "way/1101772585"
    },
    {
      "type": "Feature",
      "properties": {
        "@id": "way/1104464770",
        "amenity": "hospital",
        "healthcare": "hospital",
        "@geometry": "center"
      },
      "geometry": {
        "type": "Point",
        "coordinates": [
          -6.8619786,
          34.0106763
        ]
      },
      "id": "way/1104464770"
    },
    {
      "type": "Feature",
      "properties": {
        "@id": "way/1105206341",
        "amenity": "hospital",
        "healthcare": "hospital",
        "healthcare:speciality": "general;vaccination",
        "@geometry": "center"
      },
      "geometry": {
        "type": "Point",
        "coordinates": [
          -7.5537357,
          33.5750419
        ]
      },
      "id": "way/1105206341"
    },
    {
      "type": "Feature",
      "properties": {
        "@id": "way/1106827597",
        "amenity": "hospital",
        "healthcare": "hospital",
        "@geometry": "center"
      },
      "geometry": {
        "type": "Point",
        "coordinates": [
          -7.5469397,
          33.5725016
        ]
      },
      "id": "way/1106827597"
    },
    {
      "type": "Feature",
      "properties": {
        "@id": "node/1108826624",
        "amenity": "hospital",
        "name": "Hôpital Arassa",
        "name:ar": "مستشفى عراسة",
        "name:fr": "Hôpital Arassa"
      },
      "geometry": {
        "type": "Point",
        "coordinates": [
          4.8240446,
          36.4249006
        ]
      },
      "id": "node/1108826624"
    },
    {
      "type": "Feature",
      "properties": {
        "@id": "way/1112103709",
        "amenity": "hospital",
        "healthcare": "hospital",
        "name": "مركز علاج الإدمان",
        "name:en": "Centre de traitement de la toxicomanie",
        "@geometry": "center"
      },
      "geometry": {
        "type": "Point",
        "coordinates": [
          6.7082228,
          36.2591798
        ]
      },
      "id": "way/1112103709"
    },
    {
      "type": "Feature",
      "properties": {
        "@id": "way/1112300053",
        "amenity": "hospital",
        "healthcare": "hospital",
        "name": "Hôpital Bouafi",
        "@geometry": "center"
      },
      "geometry": {
        "type": "Point",
        "coordinates": [
          -7.6098386,
          33.5592237
        ]
      },
      "id": "way/1112300053"
    },
    {
      "type": "Feature",
      "properties": {
        "@id": "way/1116546512",
        "amenity": "hospital",
        "name": "Ibn Ziad Centre Medical",
        "@geometry": "center"
      },
      "geometry": {
        "type": "Point",
        "coordinates": [
          6.4704152,
          36.3816795
        ]
      },
      "id": "way/1116546512"
    },
    {
      "type": "Feature",
      "properties": {
        "@id": "way/1116910308",
        "amenity": "hospital",
        "healthcare": "hospital",
        "@geometry": "center"
      },
      "geometry": {
        "type": "Point",
        "coordinates": [
          -6.5754666,
          34.2471617
        ]
      },
      "id": "way/1116910308"
    },
    {
      "type": "Feature",
      "properties": {
        "@id": "way/1118903103",
        "amenity": "hospital",
        "healthcare": "hospital",
        "name": "Polyclinique Okba",
        "@geometry": "center"
      },
      "geometry": {
        "type": "Point",
        "coordinates": [
          10.0778831,
          35.6902363
        ]
      },
      "id": "way/1118903103"
    },
    {
      "type": "Feature",
      "properties": {
        "@id": "way/1119569021",
        "amenity": "hospital",
        "healthcare": "hospital",
        "name": "مستوصف مليتة",
        "@geometry": "center"
      },
      "geometry": {
        "type": "Point",
        "coordinates": [
          11.0290452,
          34.6518762
        ]
      },
      "id": "way/1119569021"
    },
    {
      "type": "Feature",
      "properties": {
        "@id": "way/1119949237",
        "amenity": "hospital",
        "healthcare": "hospital",
        "name": "Medical centre",
        "@geometry": "center"
      },
      "geometry": {
        "type": "Point",
        "coordinates": [
          11.0877421,
          34.6539961
        ]
      },
      "id": "way/1119949237"
    },
    {
      "type": "Feature",
      "properties": {
        "@id": "way/1121941212",
        "amenity": "hospital",
        "healthcare": "hospital",
        "@geometry": "center"
      },
      "geometry": {
        "type": "Point",
        "coordinates": [
          -6.5806192,
          34.2455329
        ]
      },
      "id": "way/1121941212"
    },
    {
      "type": "Feature",
      "properties": {
        "@id": "way/1122494112",
        "amenity": "hospital",
        "healthcare": "hospital",
        "@geometry": "center"
      },
      "geometry": {
        "type": "Point",
        "coordinates": [
          -6.6121015,
          34.2582521
        ]
      },
      "id": "way/1122494112"
    },
    {
      "type": "Feature",
      "properties": {
        "@id": "way/1122494125",
        "amenity": "hospital",
        "healthcare": "hospital",
        "@geometry": "center"
      },
      "geometry": {
        "type": "Point",
        "coordinates": [
          -6.6026304,
          34.2556913
        ]
      },
      "id": "way/1122494125"
    },
    {
      "type": "Feature",
      "properties": {
        "@id": "way/1122753827",
        "addr:city": "Granada",
        "addr:housenumber": "15",
        "addr:postcode": "18012",
        "addr:street": "Avenida de Madrid",
        "amenity": "hospital",
        "healthcare": "hospital",
        "heritage": "4",
        "heritage:operator": "iaph",
        "heritage:website": "https://guiadigital.iaph.es",
        "name": "Hospital Doctor Olóriz",
        "operator:type": "public",
        "ref:iaph": "01180870219",
        "source": "https://www.huvn.es/el_hospital/centros/hospital_dr_oloriz",
        "@geometry": "center"
      },
      "geometry": {
        "type": "Point",
        "coordinates": [
          -3.6054511,
          37.1877777
        ]
      },
      "id": "way/1122753827"
    },
    {
      "type": "Feature",
      "properties": {
        "@id": "way/1122793078",
        "amenity": "hospital",
        "healthcare": "hospital",
        "@geometry": "center"
      },
      "geometry": {
        "type": "Point",
        "coordinates": [
          -6.5896498,
          34.2562356
        ]
      },
      "id": "way/1122793078"
    },
    {
      "type": "Feature",
      "properties": {
        "@id": "way/1123183992",
        "amenity": "hospital",
        "healthcare": "hospital",
        "@geometry": "center"
      },
      "geometry": {
        "type": "Point",
        "coordinates": [
          -6.5981906,
          34.2542603
        ]
      },
      "id": "way/1123183992"
    },
    {
      "type": "Feature",
      "properties": {
        "@id": "way/1123729376",
        "amenity": "hospital",
        "healthcare": "hospital",
        "@geometry": "center"
      },
      "geometry": {
        "type": "Point",
        "coordinates": [
          -6.5218464,
          34.2515377
        ]
      },
      "id": "way/1123729376"
    },
    {
      "type": "Feature",
      "properties": {
        "@id": "way/1123757519",
        "amenity": "hospital",
        "healthcare": "hospital",
        "@geometry": "center"
      },
      "geometry": {
        "type": "Point",
        "coordinates": [
          -6.5642481,
          34.2662411
        ]
      },
      "id": "way/1123757519"
    },
    {
      "type": "Feature",
      "properties": {
        "@id": "way/1125270111",
        "amenity": "hospital",
        "emergency": "yes",
        "healthcare": "hospital",
        "name": "Hospital de Vejer La Janda",
        "network": "Servicio Andaluz de Salud",
        "network:short": "SAS",
        "operator:type": "public",
        "@geometry": "center"
      },
      "geometry": {
        "type": "Point",
        "coordinates": [
          -5.9813808,
          36.2507344
        ]
      },
      "id": "way/1125270111"
    },
    {
      "type": "Feature",
      "properties": {
        "@id": "way/1125822113",
        "amenity": "hospital",
        "healthcare": "hospital",
        "name": "المركز الصحي سيناون",
        "name:ar": "المركز الصحي سيناون",
        "name:fr": "Centre de santé de Sinaoun",
        "@geometry": "center"
      },
      "geometry": {
        "type": "Point",
        "coordinates": [
          10.6022157,
          31.02653
        ]
      },
      "id": "way/1125822113"
    },
    {
      "type": "Feature",
      "properties": {
        "@id": "way/1126550352",
        "addr:city": "beni ounif",
        "addr:street": "طريق الساورة",
        "amenity": "hospital",
        "emergency": "yes",
        "healthcare": "hospital",
        "name": "Hôpital Beni Ounif",
        "@geometry": "center"
      },
      "geometry": {
        "type": "Point",
        "coordinates": [
          -1.2455984,
          32.0441345
        ]
      },
      "id": "way/1126550352"
    },
    {
      "type": "Feature",
      "properties": {
        "@id": "way/1133141064",
        "amenity": "hospital",
        "healthcare": "hospital",
        "@geometry": "center"
      },
      "geometry": {
        "type": "Point",
        "coordinates": [
          -5.6501716,
          36.862485
        ]
      },
      "id": "way/1133141064"
    },
    {
      "type": "Feature",
      "properties": {
        "@id": "way/1133546469",
        "amenity": "hospital",
        "@geometry": "center"
      },
      "geometry": {
        "type": "Point",
        "coordinates": [
          5.8360421,
          35.1522454
        ]
      },
      "id": "way/1133546469"
    },
    {
      "type": "Feature",
      "properties": {
        "@id": "way/1135530206",
        "addr:housenumber": "5",
        "addr:street": "Calle Alcalde Juan Núñez",
        "amenity": "hospital",
        "building": "hospital",
        "building:colour": "white",
        "check_date": "2026-01-07",
        "healthcare": "hospital",
        "name": "Cruz Roja",
        "operator": "Cruz Roja",
        "operator:wikidata": "Q7178",
        "wheelchair": "yes",
        "@geometry": "center"
      },
      "geometry": {
        "type": "Point",
        "coordinates": [
          -5.6056337,
          36.010858
        ]
      },
      "id": "way/1135530206"
    },
    {
      "type": "Feature",
      "properties": {
        "@id": "way/1144103749",
        "addr:housenumber": "27",
        "addr:postcode": "8500-322",
        "addr:street": "Sitio Cruz da Bota Lote",
        "amenity": "hospital",
        "building": "yes",
        "contact:facebook": "grupohpasaude",
        "email": "callcenter@grupohpa.com",
        "healthcare": "hospital",
        "name": "Hospital Particular do Algarve - Alvor",
        "operator": "HPA Saúde",
        "phone": "+351 282 420 400",
        "website": "https://www.grupohpa.com/en/units/algarve/hospitals/hospital-particular-do-algarve-alvor/",
        "@geometry": "center"
      },
      "geometry": {
        "type": "Point",
        "coordinates": [
          -8.5821737,
          37.1306662
        ]
      },
      "id": "way/1144103749"
    },
    {
      "type": "Feature",
      "properties": {
        "@id": "way/1153071774",
        "addr:city": "La Línea de la Concepción",
        "addr:housenumber": "101",
        "addr:postcode": "11300",
        "addr:street": "Calle Gabriel Miró",
        "amenity": "hospital",
        "emergency": "yes",
        "healthcare": "hospital",
        "name": "Hospital Universitario de La Línea de la Concepción",
        "network": "Servicio Andaluz de Salud",
        "network:short": "SAS",
        "operator": "Servicio Andaluz de Salud",
        "operator:short": "SAS",
        "operator:type": "public",
        "operator:wikidata": "Q4753529",
        "wikidata": "Q87761688",
        "wikipedia": "es:Hospital de La Línea de la Concepción",
        "@geometry": "center"
      },
      "geometry": {
        "type": "Point",
        "coordinates": [
          -5.3535598,
          36.1748044
        ]
      },
      "id": "way/1153071774"
    },
    {
      "type": "Feature",
      "properties": {
        "@id": "way/1154088946",
        "amenity": "hospital",
        "healthcare": "hospital",
        "name": "Clinique El Amen",
        "@geometry": "center"
      },
      "geometry": {
        "type": "Point",
        "coordinates": [
          8.7357524,
          34.4100648
        ]
      },
      "id": "way/1154088946"
    },
    {
      "type": "Feature",
      "properties": {
        "@id": "way/1157973787",
        "amenity": "hospital",
        "healthcare": "hospital",
        "name": "عيادة متعددة الخدمات",
        "@geometry": "center"
      },
      "geometry": {
        "type": "Point",
        "coordinates": [
          6.8127424,
          35.5097021
        ]
      },
      "id": "way/1157973787"
    },
    {
      "type": "Feature",
      "properties": {
        "@id": "way/1174840092",
        "addr:city": "Berriane",
        "addr:street": "الطريق العابر للصحراء",
        "amenity": "hospital",
        "emergency": "yes",
        "healthcare": "hospital",
        "healthcare:speciality": "radiology;emergency;surgery;vaccination;anaesthetics;gynaecology;neonatology",
        "name": "مستشفى المجاهد بهون موسى",
        "name:ar": "مستشفى المجاهد بهون موسى",
        "name:arq": "مستشفى المجاهد بهون موسى",
        "name:en": "Bouhoun Moussa Hospital",
        "name:fr": "Hôpital Bouhoun moussa",
        "@geometry": "center"
      },
      "geometry": {
        "type": "Point",
        "coordinates": [
          3.7456962,
          32.8552934
        ]
      },
      "id": "way/1174840092"
    },
    {
      "type": "Feature",
      "properties": {
        "@id": "way/1176825938",
        "addr:postcode": "35008",
        "addr:street": "lot freres hamani",
        "amenity": "hospital",
        "building": "yes",
        "healthcare": "hospital",
        "name": "مستشفى شعبة العامر",
        "name:ar": "مستشفى شعبة العامر",
        "name:en": "Hopital chabet el ameur",
        "name:fr": "Hospital chabet el ameur",
        "opening_hours": "24/7",
        "source": "FB: Algerie Mapper Team : (Superadlen)",
        "@geometry": "center"
      },
      "geometry": {
        "type": "Point",
        "coordinates": [
          3.6936184,
          36.6358582
        ]
      },
      "id": "way/1176825938"
    },
    {
      "type": "Feature",
      "properties": {
        "@id": "way/1177062868",
        "addr:city": "وادي تليلات",
        "addr:place": "حي 500 مسكن",
        "amenity": "hospital",
        "building": "yes",
        "healthcare": "hospital",
        "name": "مستوصف حي 500 مسكن",
        "name:ar": "مستوصف حي 500 مسكن",
        "name:fr": "Dispensaire 500 logts",
        "source": "FB: Algerie Mapper Team : (Superadlen)",
        "@geometry": "center"
      },
      "geometry": {
        "type": "Point",
        "coordinates": [
          -0.4445734,
          35.5576157
        ]
      },
      "id": "way/1177062868"
    },
    {
      "type": "Feature",
      "properties": {
        "@id": "way/1178105556",
        "amenity": "hospital",
        "healthcare": "hospital",
        "@geometry": "center"
      },
      "geometry": {
        "type": "Point",
        "coordinates": [
          3.1769383,
          36.7380336
        ]
      },
      "id": "way/1178105556"
    },
    {
      "type": "Feature",
      "properties": {
        "@id": "way/1181727857",
        "addr:street": "Av. Al Madarisse",
        "amenity": "hospital",
        "healthcare": "hospital",
        "name": "Centre de Santé",
        "@geometry": "center"
      },
      "geometry": {
        "type": "Point",
        "coordinates": [
          -7.9718952,
          31.6183339
        ]
      },
      "id": "way/1181727857"
    },
    {
      "type": "Feature",
      "properties": {
        "@id": "way/1186195621",
        "addr:street": "طريق سيدي عامر",
        "amenity": "hospital",
        "building": "yes",
        "healthcare:speciality": "internal;gynaecology",
        "name": "الدكتور عبد اللطيف توفيق الامراض الباطنية وأمراض النساء",
        "name:ar": "الدكتور عبد اللطيف توفيق الامراض الباطنية وأمراض النساء",
        "opening_hours": "Sa-We 08:00-12:00, 14:00-16:00; Th 08:00-12:00",
        "phone": "0699164436",
        "source": "microsoft/BuildingFootprints",
        "@geometry": "center"
      },
      "geometry": {
        "type": "Point",
        "coordinates": [
          4.1594349,
          35.237178
        ]
      },
      "id": "way/1186195621"
    },
    {
      "type": "Feature",
      "properties": {
        "@id": "way/1186746819",
        "addr:city": "أقبو",
        "addr:city:ar": "أقبو",
        "amenity": "hospital",
        "building": "yes",
        "healthcare": "hospital",
        "name": "مركز الصحة",
        "name:ar": "مركز الصحة",
        "name:en": "Health center",
        "name:fr": "Centre de Santé",
        "source": "microsoft/BuildingFootprints",
        "@geometry": "center"
      },
      "geometry": {
        "type": "Point",
        "coordinates": [
          4.5362815,
          36.4644551
        ]
      },
      "id": "way/1186746819"
    },
    {
      "type": "Feature",
      "properties": {
        "@id": "way/1187858884",
        "amenity": "hospital",
        "healthcare": "hospital",
        "name": "Hospital Essalama",
        "@geometry": "center"
      },
      "geometry": {
        "type": "Point",
        "coordinates": [
          -7.4036412,
          32.0489372
        ]
      },
      "id": "way/1187858884"
    },
    {
      "type": "Feature",
      "properties": {
        "@id": "way/1187914455",
        "amenity": "hospital",
        "healthcare": "hospital",
        "@geometry": "center"
      },
      "geometry": {
        "type": "Point",
        "coordinates": [
          -7.4117684,
          32.0316322
        ]
      },
      "id": "way/1187914455"
    },
    {
      "type": "Feature",
      "properties": {
        "@id": "way/1189127783",
        "amenity": "hospital",
        "healthcare": "hospital",
        "@geometry": "center"
      },
      "geometry": {
        "type": "Point",
        "coordinates": [
          0.8560116,
          36.111969
        ]
      },
      "id": "way/1189127783"
    },
    {
      "type": "Feature",
      "properties": {
        "@id": "way/1189867407",
        "addr:city": "Tanger",
        "addr:street": "Route de Malabata",
        "amenity": "hospital",
        "fax": "+212 5 39 30 90 90",
        "healthcare": "hospital",
        "name": "International Clinic of Tangier",
        "operator": "clinic",
        "operator:type": "private",
        "@geometry": "center"
      },
      "geometry": {
        "type": "Point",
        "coordinates": [
          -5.7853316,
          35.7715937
        ]
      },
      "id": "way/1189867407"
    },
    {
      "type": "Feature",
      "properties": {
        "@id": "way/1190283375",
        "amenity": "hospital",
        "healthcare": "hospital",
        "name": "Hospital El Kelâa 2",
        "@geometry": "center"
      },
      "geometry": {
        "type": "Point",
        "coordinates": [
          -7.3944783,
          32.0538269
        ]
      },
      "id": "way/1190283375"
    },
    {
      "type": "Feature",
      "properties": {
        "@id": "way/1191943553",
        "addr:city": "ain el hammam",
        "amenity": "hospital",
        "healthcare": "hospital",
        "name": "HOPITAL AHMED ALI AMMAR",
        "operator": "étatique",
        "@geometry": "center"
      },
      "geometry": {
        "type": "Point",
        "coordinates": [
          4.2895274,
          36.5707714
        ]
      },
      "id": "way/1191943553"
    },
    {
      "type": "Feature",
      "properties": {
        "@id": "way/1206265137",
        "addr:city": "سوق أهراس",
        "addr:city:ar": "سوق أهراس",
        "amenity": "hospital",
        "building": "yes",
        "healthcare": "hospital",
        "name": "مركز العتيق للاشعة",
        "name:ar": "مركز العتيق للاشعة",
        "name:fr": "centre de radiologie ATIK",
        "source": "FB: Algerie Mapper Team (Adlen)",
        "@geometry": "center"
      },
      "geometry": {
        "type": "Point",
        "coordinates": [
          7.9585357,
          36.2820925
        ]
      },
      "id": "way/1206265137"
    },
    {
      "type": "Feature",
      "properties": {
        "@id": "way/1206993319",
        "amenity": "hospital",
        "building": "yes",
        "healthcare": "hospital",
        "@geometry": "center"
      },
      "geometry": {
        "type": "Point",
        "coordinates": [
          -8.9088,
          31.1708553
        ]
      },
      "id": "way/1206993319"
    },
    {
      "type": "Feature",
      "properties": {
        "@id": "way/1213903966",
        "amenity": "hospital",
        "healthcare": "hospital",
        "@geometry": "center"
      },
      "geometry": {
        "type": "Point",
        "coordinates": [
          -2.1339808,
          36.9359674
        ]
      },
      "id": "way/1213903966"
    },
    {
      "type": "Feature",
      "properties": {
        "@id": "way/1215581586",
        "amenity": "hospital",
        "building:levels": "3",
        "healthcare": "hospital",
        "name": "Policlinique",
        "@geometry": "center"
      },
      "geometry": {
        "type": "Point",
        "coordinates": [
          6.049796,
          36.4533669
        ]
      },
      "id": "way/1215581586"
    },
    {
      "type": "Feature",
      "properties": {
        "@id": "way/1215587832",
        "amenity": "hospital",
        "healthcare": "hospital",
        "@geometry": "center"
      },
      "geometry": {
        "type": "Point",
        "coordinates": [
          6.0497144,
          36.4532922
        ]
      },
      "id": "way/1215587832"
    },
    {
      "type": "Feature",
      "properties": {
        "@id": "way/1216218468",
        "amenity": "hospital",
        "healthcare": "hospital",
        "name": "مستوصف زاوية المجدوب",
        "@geometry": "center"
      },
      "geometry": {
        "type": "Point",
        "coordinates": [
          -5.8400115,
          30.3494015
        ]
      },
      "id": "way/1216218468"
    },
    {
      "type": "Feature",
      "properties": {
        "@id": "way/1219001411",
        "amenity": "hospital",
        "healthcare": "hospital",
        "name": "مستشفى الأمومة والطفولة",
        "@geometry": "center"
      },
      "geometry": {
        "type": "Point",
        "coordinates": [
          2.0790172,
          34.1125826
        ]
      },
      "id": "way/1219001411"
    },
    {
      "type": "Feature",
      "properties": {
        "@id": "way/1220517621",
        "amenity": "hospital",
        "healthcare": "hospital",
        "@geometry": "center"
      },
      "geometry": {
        "type": "Point",
        "coordinates": [
          -0.644754,
          35.7059151
        ]
      },
      "id": "way/1220517621"
    },
    {
      "type": "Feature",
      "properties": {
        "@id": "way/1224693640",
        "amenity": "hospital",
        "healthcare": "hospital",
        "name": "Dispensary Tassoumaât",
        "@geometry": "center"
      },
      "geometry": {
        "type": "Point",
        "coordinates": [
          -6.9268143,
          30.9216927
        ]
      },
      "id": "way/1224693640"
    },
    {
      "type": "Feature",
      "properties": {
        "@id": "way/1225353584",
        "amenity": "hospital",
        "healthcare": "hospital",
        "name": "المستشفى العسكري الجهوي الجامعي بتامنغست",
        "@geometry": "center"
      },
      "geometry": {
        "type": "Point",
        "coordinates": [
          5.5230826,
          22.7746241
        ]
      },
      "id": "way/1225353584"
    },
    {
      "type": "Feature",
      "properties": {
        "@id": "way/1225773327",
        "addr:city": "Imouzzer Marmoucha إموزار مرموشة",
        "addr:postcode": "33152",
        "amenity": "hospital",
        "building:levels": "2",
        "healthcare": "hospital",
        "name": "مستشفى إيموزار مرموشة - Imouzzer Marmoucha Hospital",
        "@geometry": "center"
      },
      "geometry": {
        "type": "Point",
        "coordinates": [
          -4.3010944,
          33.4683163
        ]
      },
      "id": "way/1225773327"
    },
    {
      "type": "Feature",
      "properties": {
        "@id": "way/1226126460",
        "amenity": "hospital",
        "healthcare": "hospital",
        "name": "dispensaire مستوصف",
        "@geometry": "center"
      },
      "geometry": {
        "type": "Point",
        "coordinates": [
          -6.8909044,
          32.2213838
        ]
      },
      "id": "way/1226126460"
    },
    {
      "type": "Feature",
      "properties": {
        "@id": "way/1227907309",
        "amenity": "hospital",
        "healthcare": "hospital",
        "@geometry": "center"
      },
      "geometry": {
        "type": "Point",
        "coordinates": [
          -6.5399286,
          34.2421627
        ]
      },
      "id": "way/1227907309"
    },
    {
      "type": "Feature",
      "properties": {
        "@id": "way/1231875802",
        "addr:city": "Blida",
        "addr:postcode": "09000",
        "addr:street": "Cité 17 Juin, Zabana.",
        "amenity": "hospital",
        "emergency": "no",
        "fax": "025 32 89 73",
        "healthcare": "centre",
        "healthcare:speciality": "nuclear",
        "image": "http://www.scintigraphies.com/wp-content/uploads/2020/01/hero-dark.png",
        "mobile": "05 59 50 80 17",
        "name": "Centre d'imagerie scintigraphique",
        "opening_hours": "Dim-jud: 8h00-16h00/ sam: 8h00-12h00/ ven: fermé",
        "operator": "Dr Naili",
        "operator:type": "private",
        "phone": "025 32 87 37",
        "website": "http://www.scintigraphies.com/#hero",
        "@geometry": "center"
      },
      "geometry": {
        "type": "Point",
        "coordinates": [
          2.7889304,
          36.4881356
        ]
      },
      "id": "way/1231875802"
    },
    {
      "type": "Feature",
      "properties": {
        "@id": "way/1231927460",
        "addr:city": "Khemis Miliana",
        "addr:postcode": "44001",
        "addr:street": "Rue national 4",
        "amenity": "hospital",
        "emergency": "yes",
        "healthcare": "hospital",
        "healthcare:speciality": "orthopaedics;paediatrics;emergency;internal",
        "name": "Hopital de Khemis Miliana",
        "operator": "DSP Ain Defla",
        "operator:type": "public",
        "@geometry": "center"
      },
      "geometry": {
        "type": "Point",
        "coordinates": [
          2.2329014,
          36.2577634
        ]
      },
      "id": "way/1231927460"
    },
    {
      "type": "Feature",
      "properties": {
        "@id": "way/1232535958",
        "addr:city": "La Línea de la Concepción",
        "addr:postcode": "11300",
        "addr:street": "Avenida del Puerto",
        "amenity": "hospital",
        "healthcare": "hospital",
        "name": "Centro de Salud Levante",
        "operator": "Junta de Andalucía",
        "operator:type": "government",
        "operator:wikidata": "Q2743342",
        "@geometry": "center"
      },
      "geometry": {
        "type": "Point",
        "coordinates": [
          -5.3373562,
          36.1799239
        ]
      },
      "id": "way/1232535958"
    },
    {
      "type": "Feature",
      "properties": {
        "@id": "way/1239114440",
        "amenity": "hospital",
        "healthcare": "hospital",
        "name": "Mohemed V",
        "@geometry": "center"
      },
      "geometry": {
        "type": "Point",
        "coordinates": [
          -5.5403708,
          33.9038637
        ]
      },
      "id": "way/1239114440"
    },
    {
      "type": "Feature",
      "properties": {
        "@id": "way/1239116235",
        "amenity": "hospital",
        "healthcare": "hospital",
        "name": "Hospital moulay Ismail",
        "@geometry": "center"
      },
      "geometry": {
        "type": "Point",
        "coordinates": [
          -5.5450299,
          33.8924307
        ]
      },
      "id": "way/1239116235"
    },
    {
      "type": "Feature",
      "properties": {
        "@id": "way/1242229574",
        "addr:city": "Bni Karrich بن قريش",
        "addr:street": "Rte de Ben Karrich",
        "amenity": "hospital",
        "healthcare": "hospital",
        "name": "Hospital Ben Karrich",
        "@geometry": "center"
      },
      "geometry": {
        "type": "Point",
        "coordinates": [
          -5.4231156,
          35.5104321
        ]
      },
      "id": "way/1242229574"
    },
    {
      "type": "Feature",
      "properties": {
        "@id": "way/1243588974",
        "addr:city": "San Enrique de Guadiaro",
        "addr:postcode": "11312",
        "addr:street": "Avenida de San Enrique",
        "amenity": "hospital",
        "healthcare": "hospital",
        "operator": "Junta de Andalucía",
        "operator:type": "government",
        "operator:wikidata": "Q2743342",
        "@geometry": "center"
      },
      "geometry": {
        "type": "Point",
        "coordinates": [
          -5.2920777,
          36.3032242
        ]
      },
      "id": "way/1243588974"
    },
    {
      "type": "Feature",
      "properties": {
        "@id": "way/1248303519",
        "amenity": "hospital",
        "healthcare": "hospital",
        "name": "Hôpital wlad bennasser",
        "name:ar": "مستشفى ولاد بن ناصر",
        "@geometry": "center"
      },
      "geometry": {
        "type": "Point",
        "coordinates": [
          -6.9023329,
          33.928382
        ]
      },
      "id": "way/1248303519"
    },
    {
      "type": "Feature",
      "properties": {
        "@id": "way/1249130991",
        "amenity": "hospital",
        "healthcare": "hospital",
        "@geometry": "center"
      },
      "geometry": {
        "type": "Point",
        "coordinates": [
          -0.426094,
          28.009113
        ]
      },
      "id": "way/1249130991"
    },
    {
      "type": "Feature",
      "properties": {
        "@id": "way/1251979553",
        "amenity": "hospital",
        "healthcare": "hospital",
        "name": "University Hospital Tahar Sfar",
        "@geometry": "center"
      },
      "geometry": {
        "type": "Point",
        "coordinates": [
          11.0332983,
          35.5094872
        ]
      },
      "id": "way/1251979553"
    },
    {
      "type": "Feature",
      "properties": {
        "@id": "way/1252874975",
        "amenity": "hospital",
        "healthcare": "hospital",
        "name": "مركز رعاية الأم و الطفل بالملاسين",
        "name:ar": "مركز رعاية الأم و الطفل بالملاسين",
        "name:fr": "Centre de protection maternelle et infantile Mellassine",
        "@geometry": "center"
      },
      "geometry": {
        "type": "Point",
        "coordinates": [
          10.162069,
          36.7900618
        ]
      },
      "id": "way/1252874975"
    },
    {
      "type": "Feature",
      "properties": {
        "@id": "way/1253931598",
        "amenity": "hospital",
        "healthcare": "hospital",
        "name": "مركز الصحة الأساسية بحي هلال",
        "name:ar": "مركز الصحة الأساسية بحي هلال",
        "name:fr": "Centre de santé de base Hay Hlel",
        "@geometry": "center"
      },
      "geometry": {
        "type": "Point",
        "coordinates": [
          10.1685527,
          36.781654
        ]
      },
      "id": "way/1253931598"
    },
    {
      "type": "Feature",
      "properties": {
        "@id": "way/1258183371",
        "addr:city": "Oujda",
        "addr:postcode": "60000",
        "addr:street": "Boulevard Oum Rabia",
        "amenity": "hospital",
        "healthcare": "hospital",
        "healthcare:speciality": "oncology;radiotherapy;chirurgie_oncologique;nuclear;chimiothérapie",
        "name": "Centre régional d'Oncologie",
        "operator": "CHU M-VI OUJDA",
        "operator:type": "public",
        "@geometry": "center"
      },
      "geometry": {
        "type": "Point",
        "coordinates": [
          -1.9131286,
          34.6567405
        ]
      },
      "id": "way/1258183371"
    },
    {
      "type": "Feature",
      "properties": {
        "@id": "way/1264546707",
        "addr:street": "Autovía del Sur",
        "amenity": "hospital",
        "emergency": "yes",
        "healthcare": "hospital",
        "name": "Hospital Universitario de Puerto Real",
        "network": "Servicio Andaluz de Salud",
        "network:short": "SAS",
        "operator": "Servicio Andaluz de Salud",
        "operator:type": "public",
        "wikidata": "Q5902963",
        "wikipedia": "es:Hospital Universitario Puerto Real",
        "@geometry": "center"
      },
      "geometry": {
        "type": "Point",
        "coordinates": [
          -6.1518123,
          36.5202058
        ]
      },
      "id": "way/1264546707"
    },
    {
      "type": "Feature",
      "properties": {
        "@id": "way/1264759985",
        "amenity": "hospital",
        "healthcare": "hospital",
        "name": "host",
        "@geometry": "center"
      },
      "geometry": {
        "type": "Point",
        "coordinates": [
          -4.7963988,
          34.3170775
        ]
      },
      "id": "way/1264759985"
    },
    {
      "type": "Feature",
      "properties": {
        "@id": "way/1266291507",
        "addr:city": "Cádiz",
        "addr:housenumber": "21",
        "addr:postcode": "11009",
        "addr:street": "Avenida Ana de Viya",
        "amenity": "hospital",
        "emergency": "yes",
        "healthcare": "hospital",
        "name": "Hospital Universitario Puerta del Mar",
        "network": "Servicio Andaluz de Salud",
        "network:short": "SAS",
        "operator": "Servicio Andaluz de Salud",
        "operator:short": "SAS",
        "operator:type": "public",
        "operator:wikidata": "Q4753529",
        "phone": "+34 956002040",
        "wheelchair": "yes",
        "wikidata": "Q5489257",
        "@geometry": "center"
      },
      "geometry": {
        "type": "Point",
        "coordinates": [
          -6.2778596,
          36.5090481
        ]
      },
      "id": "way/1266291507"
    },
    {
      "type": "Feature",
      "properties": {
        "@id": "way/1267547550",
        "amenity": "hospital",
        "healthcare": "hospital",
        "name": "Hospital Mil. Tataouine",
        "@geometry": "center"
      },
      "geometry": {
        "type": "Point",
        "coordinates": [
          10.4442855,
          32.9268741
        ]
      },
      "id": "way/1267547550"
    },
    {
      "type": "Feature",
      "properties": {
        "@id": "way/1275864753",
        "addr:city": "بوحمامة",
        "addr:housenumber": "40",
        "amenity": "hospital",
        "emergency": "no",
        "healthcare": "hospital",
        "healthcare:speciality": "surgery",
        "name": "احمد بن بلة",
        "operator": "مستشفى",
        "operator:type": "public",
        "@geometry": "center"
      },
      "geometry": {
        "type": "Point",
        "coordinates": [
          6.7373566,
          35.3175691
        ]
      },
      "id": "way/1275864753"
    },
    {
      "type": "Feature",
      "properties": {
        "@id": "way/1280837704",
        "amenity": "hospital",
        "healthcare": "hospital",
        "name": "مستشفى حاجب العيون",
        "name:ar": "مستشفى حاجب العيون",
        "name:en": "Hajeb El Oyoun Hospital",
        "name:it": "Ospedale di Hajeb El Oyoun",
        "@geometry": "center"
      },
      "geometry": {
        "type": "Point",
        "coordinates": [
          9.5530691,
          35.3909053
        ]
      },
      "id": "way/1280837704"
    },
    {
      "type": "Feature",
      "properties": {
        "@id": "way/1285280017",
        "amenity": "hospital",
        "emergency": "yes",
        "healthcare": "hospital",
        "name": "Mother and Child Military Hospital",
        "operator": "Algerian People's National Army",
        "operator:type": "military",
        "@geometry": "center"
      },
      "geometry": {
        "type": "Point",
        "coordinates": [
          2.9733006,
          36.7695964
        ]
      },
      "id": "way/1285280017"
    },
    {
      "type": "Feature",
      "properties": {
        "@id": "way/1290433169",
        "amenity": "hospital",
        "barrier": "wall",
        "healthcare": "hospital",
        "name": "Centre de santé",
        "@geometry": "center"
      },
      "geometry": {
        "type": "Point",
        "coordinates": [
          -7.5741442,
          33.269839
        ]
      },
      "id": "way/1290433169"
    },
    {
      "type": "Feature",
      "properties": {
        "@id": "way/1292065945",
        "amenity": "hospital",
        "building": "hospital",
        "name:en": "dispensary",
        "name:fr": "dispensaire",
        "@geometry": "center"
      },
      "geometry": {
        "type": "Point",
        "coordinates": [
          5.0680559,
          34.4192971
        ]
      },
      "id": "way/1292065945"
    },
    {
      "type": "Feature",
      "properties": {
        "@id": "way/1308593965",
        "amenity": "hospital",
        "emergency": "yes",
        "healthcare": "hospital",
        "name": "Hospital Universitario Punta de Europa",
        "network": "Servicio Andaluz de Salud",
        "network:short": "SAS",
        "operator": "Junta de Andalucía",
        "operator:type": "government",
        "operator:wikidata": "Q2743342",
        "wikidata": "Q5908562",
        "@geometry": "center"
      },
      "geometry": {
        "type": "Point",
        "coordinates": [
          -5.443741,
          36.1109074
        ]
      },
      "id": "way/1308593965"
    },
    {
      "type": "Feature",
      "properties": {
        "@id": "way/1309456132",
        "amenity": "hospital",
        "healthcare": "hospital",
        "name": "Hopital Provincial Mohammed V",
        "@geometry": "center"
      },
      "geometry": {
        "type": "Point",
        "coordinates": [
          -8.4793636,
          33.2354468
        ]
      },
      "id": "way/1309456132"
    },
    {
      "type": "Feature",
      "properties": {
        "@id": "way/1315965813",
        "amenity": "hospital",
        "healthcare": "hospital",
        "@geometry": "center"
      },
      "geometry": {
        "type": "Point",
        "coordinates": [
          -6.1123493,
          36.6735646
        ]
      },
      "id": "way/1315965813"
    },
    {
      "type": "Feature",
      "properties": {
        "@id": "way/1317469437",
        "amenity": "hospital",
        "healthcare": "hospital",
        "name": "Hospital F. Hached",
        "@geometry": "center"
      },
      "geometry": {
        "type": "Point",
        "coordinates": [
          10.6275001,
          35.8293228
        ]
      },
      "id": "way/1317469437"
    },
    {
      "type": "Feature",
      "properties": {
        "@id": "way/1318890516",
        "amenity": "hospital",
        "healthcare": "hospital",
        "name": "Centre de Sante Ain Harrouda",
        "@geometry": "center"
      },
      "geometry": {
        "type": "Point",
        "coordinates": [
          -7.4486967,
          33.6400935
        ]
      },
      "id": "way/1318890516"
    },
    {
      "type": "Feature",
      "properties": {
        "@id": "way/1318998464",
        "addr:city": "Estepona",
        "addr:housenumber": "9",
        "addr:postcode": "29680",
        "addr:street": "Calle Irene Villa González",
        "amenity": "hospital",
        "emergency": "yes",
        "healthcare": "hospital",
        "name": "Hospital de Alta Resolución de Estepona",
        "operator": "Junta de Andalucía",
        "operator:type": "government",
        "operator:wikidata": "Q2743342",
        "@geometry": "center"
      },
      "geometry": {
        "type": "Point",
        "coordinates": [
          -5.197596,
          36.4115765
        ]
      },
      "id": "way/1318998464"
    },
    {
      "type": "Feature",
      "properties": {
        "@id": "way/1319117872",
        "amenity": "hospital",
        "healthcare": "hospital",
        "landuse": "military",
        "name": "مصحة قوات الأمن الداخلي",
        "@geometry": "center"
      },
      "geometry": {
        "type": "Point",
        "coordinates": [
          10.6334513,
          35.8225175
        ]
      },
      "id": "way/1319117872"
    },
    {
      "type": "Feature",
      "properties": {
        "@id": "way/1320549590",
        "amenity": "hospital",
        "healthcare": "hospital",
        "name": "Clinique Lemsalah",
        "@geometry": "center"
      },
      "geometry": {
        "type": "Point",
        "coordinates": [
          -7.9697384,
          31.6120654
        ]
      },
      "id": "way/1320549590"
    },
    {
      "type": "Feature",
      "properties": {
        "@id": "way/1324864861",
        "amenity": "hospital",
        "healthcare": "hospital",
        "name": "مستشفى حبيب بيار القلعة الكبرى",
        "@geometry": "center"
      },
      "geometry": {
        "type": "Point",
        "coordinates": [
          10.5372826,
          35.8895431
        ]
      },
      "id": "way/1324864861"
    },
    {
      "type": "Feature",
      "properties": {
        "@id": "way/1326144502",
        "addr:city": "Tanger",
        "addr:street": "Boulevard Moulay Rachid شارع مولاي رشيد",
        "amenity": "hospital",
        "fax": "+212 5 39 31 98 98",
        "healthcare": "hospital",
        "name": "AKDITAL : Hôpital Privé de Tanger",
        "operator": "hopital",
        "operator:type": "private",
        "@geometry": "center"
      },
      "geometry": {
        "type": "Point",
        "coordinates": [
          -5.8618678,
          35.7445247
        ]
      },
      "id": "way/1326144502"
    },
    {
      "type": "Feature",
      "properties": {
        "@id": "way/1327929370",
        "amenity": "hospital",
        "healthcare": "hospital",
        "name": "Complex Sanitary Djebel Ouest",
        "@geometry": "center"
      },
      "geometry": {
        "type": "Point",
        "coordinates": [
          10.0694528,
          36.5365183
        ]
      },
      "id": "way/1327929370"
    },
    {
      "type": "Feature",
      "properties": {
        "@id": "way/1328571439",
        "amenity": "hospital",
        "healthcare": "hospital",
        "source": "microsoft/BuildingFootprints",
        "@geometry": "center"
      },
      "geometry": {
        "type": "Point",
        "coordinates": [
          6.5646127,
          35.4904017
        ]
      },
      "id": "way/1328571439"
    },
    {
      "type": "Feature",
      "properties": {
        "@id": "way/1329436932",
        "amenity": "hospital",
        "healthcare": "hospital",
        "name": "Centre Alwassit Médical",
        "@geometry": "center"
      },
      "geometry": {
        "type": "Point",
        "coordinates": [
          10.5851938,
          35.794227
        ]
      },
      "id": "way/1329436932"
    },
    {
      "type": "Feature",
      "properties": {
        "@id": "way/1329795903",
        "amenity": "hospital",
        "healthcare": "hospital",
        "landuse": "military",
        "name": "Hôpital militaire Enfidha",
        "@geometry": "center"
      },
      "geometry": {
        "type": "Point",
        "coordinates": [
          10.3964814,
          36.0926755
        ]
      },
      "id": "way/1329795903"
    },
    {
      "type": "Feature",
      "properties": {
        "@id": "way/1334485078",
        "addr:city": "La Línea de la Concepción",
        "addr:postcode": "11300",
        "addr:street": "Calle Andalucía",
        "amenity": "hospital",
        "healthcare": "hospital",
        "name": "Centro de Salud Poniente-El Junquillo",
        "name:ca": "Centre de Salut Poniente-El Junquillo",
        "name:es": "Centro de Salud Poniente-El Junquillo",
        "operator": "Servicio Andaluz de Salud",
        "operator:short": "SAS",
        "operator:type": "public",
        "operator:wikidata": "Q4753529",
        "@geometry": "center"
      },
      "geometry": {
        "type": "Point",
        "coordinates": [
          -5.3581769,
          36.166051
        ]
      },
      "id": "way/1334485078"
    },
    {
      "type": "Feature",
      "properties": {
        "@id": "way/1335205590",
        "amenity": "hospital",
        "healthcare": "hospital",
        "name": "مستشفى الاوتاد القروي قسم النساء و الولادة والاطفال",
        "@geometry": "center"
      },
      "geometry": {
        "type": "Point",
        "coordinates": [
          11.8426867,
          32.9694184
        ]
      },
      "id": "way/1335205590"
    },
    {
      "type": "Feature",
      "properties": {
        "@id": "way/1340795325",
        "amenity": "hospital",
        "barrier": "wall",
        "healthcare": "hospital",
        "name": "Hôpital Sidi El Mekki مستشفى سيدي المكي",
        "name:ar": "مستشفى سيدي المكي",
        "name:fr": "Hôpital Sidi El Mekki",
        "@geometry": "center"
      },
      "geometry": {
        "type": "Point",
        "coordinates": [
          -7.7122637,
          33.2120174
        ]
      },
      "id": "way/1340795325"
    },
    {
      "type": "Feature",
      "properties": {
        "@id": "way/1359775532",
        "addr:city": "Casablanca ⵜⴰⴷⴷⴰⵔⵜ ⵜⵓⵎⵍⵉⵍⵜ الدار البيضاء",
        "addr:street": "Boulevard Moulay Youssef شارع مولاي يوسف",
        "amenity": "hospital",
        "check_date": "2025-02-14",
        "emergency": "yes",
        "healthcare": "hospital",
        "name": "Hôpital Moulay Youssef مستشفى مولاي يوسف",
        "name:ar": "مستشفى مولاي يوسف",
        "name:fr": "Hôpital Moulay Youssef",
        "operator": "Ministère de la Santé",
        "operator:type": "government",
        "@geometry": "center"
      },
      "geometry": {
        "type": "Point",
        "coordinates": [
          -7.6323317,
          33.6026902
        ]
      },
      "id": "way/1359775532"
    },
    {
      "type": "Feature",
      "properties": {
        "@id": "way/1360208069",
        "amenity": "hospital",
        "healthcare": "hospital",
        "@geometry": "center"
      },
      "geometry": {
        "type": "Point",
        "coordinates": [
          -0.2485572,
          29.0246411
        ]
      },
      "id": "way/1360208069"
    },
    {
      "type": "Feature",
      "properties": {
        "@id": "way/1361006942",
        "addr:city": "بشار",
        "addr:postcode": "08000",
        "addr:street": "شارع الاستقلال",
        "amenity": "hospital",
        "building": "construction",
        "healthcare": "hospital",
        "name": "hopital militaire regional",
        "operator": "ANP",
        "@geometry": "center"
      },
      "geometry": {
        "type": "Point",
        "coordinates": [
          -2.2459589,
          31.6025736
        ]
      },
      "id": "way/1361006942"
    },
    {
      "type": "Feature",
      "properties": {
        "@id": "way/1361722542",
        "amenity": "hospital",
        "healthcare": "hospital",
        "name": "مستشفى",
        "@geometry": "center"
      },
      "geometry": {
        "type": "Point",
        "coordinates": [
          0.3423748,
          28.7027265
        ]
      },
      "id": "way/1361722542"
    },
    {
      "type": "Feature",
      "properties": {
        "@id": "way/1363628598",
        "amenity": "hospital",
        "healthcare": "hospital",
        "@geometry": "center"
      },
      "geometry": {
        "type": "Point",
        "coordinates": [
          4.1072134,
          36.5432602
        ]
      },
      "id": "way/1363628598"
    },
    {
      "type": "Feature",
      "properties": {
        "@id": "way/1363824297",
        "addr:city": "La Línea de la Concepción",
        "addr:postcode": "11300",
        "addr:street": "Calle Feria",
        "amenity": "hospital",
        "healthcare": "hospital",
        "name": "Centro de Salud La Velada (La Línea Centro)",
        "operator": "Servicio Andaluz de Salud",
        "operator:short": "SAS",
        "operator:type": "public",
        "operator:wikidata": "Q4753529",
        "@geometry": "center"
      },
      "geometry": {
        "type": "Point",
        "coordinates": [
          -5.3479162,
          36.166193
        ]
      },
      "id": "way/1363824297"
    },
    {
      "type": "Feature",
      "properties": {
        "@id": "way/1365494534",
        "addr:city": "Casablanca",
        "addr:street": "Boulevard Abdelkhalek Torres",
        "amenity": "hospital",
        "healthcare": "hospital",
        "name": "Hôpital Mohammed V مستشفى محمد الخامس",
        "@geometry": "center"
      },
      "geometry": {
        "type": "Point",
        "coordinates": [
          -7.5515381,
          33.5893427
        ]
      },
      "id": "way/1365494534"
    },
    {
      "type": "Feature",
      "properties": {
        "@id": "way/1371158911",
        "addr:city": "San Roque",
        "addr:housenumber": "4",
        "addr:postcode": "11360",
        "addr:street": "Avenida Carlos Pacheco Perujo",
        "amenity": "hospital",
        "healthcare": "hospital",
        "name": "Centro de Salud Juan Batanero",
        "operator": "Servicio Andaluz de Salud",
        "operator:short": "SAS",
        "operator:type": "public",
        "operator:wikidata": "Q4753529",
        "@geometry": "center"
      },
      "geometry": {
        "type": "Point",
        "coordinates": [
          -5.3823433,
          36.2133114
        ]
      },
      "id": "way/1371158911"
    },
    {
      "type": "Feature",
      "properties": {
        "@id": "way/1371161259",
        "addr:city": "San Roque",
        "addr:postcode": "11360",
        "addr:street": "Calle de la Ermita",
        "amenity": "hospital",
        "healthcare": "hospital",
        "name": "Centro de Salud Evaristo Domínguez (San Roque Sur)",
        "operator": "Servicio Andaluz de Salud",
        "operator:short": "SAS",
        "operator:type": "public",
        "operator:wikidata": "Q4753529",
        "wheelchair": "yes",
        "@geometry": "center"
      },
      "geometry": {
        "type": "Point",
        "coordinates": [
          -5.3939851,
          36.2093711
        ]
      },
      "id": "way/1371161259"
    },
    {
      "type": "Feature",
      "properties": {
        "@id": "way/1380659782",
        "amenity": "hospital",
        "brand": "Cruz Roja Española",
        "brand:wikidata": "Q5792382",
        "emergency": "ambulance_station",
        "healthcare": "hospital",
        "name": "Cruz Roja",
        "operator": "Cruz Roja",
        "operator:type": "ngo",
        "operator:wikidata": "Q7178",
        "@geometry": "center"
      },
      "geometry": {
        "type": "Point",
        "coordinates": [
          -6.43976,
          36.7351937
        ]
      },
      "id": "way/1380659782"
    },
    {
      "type": "Feature",
      "properties": {
        "@id": "way/1381617651",
        "amenity": "hospital",
        "@geometry": "center"
      },
      "geometry": {
        "type": "Point",
        "coordinates": [
          5.0399682,
          35.6535559
        ]
      },
      "id": "way/1381617651"
    },
    {
      "type": "Feature",
      "properties": {
        "@id": "way/1382231665",
        "amenity": "hospital",
        "healthcare": "hospital",
        "name": "Sbeitla Regional Hospital",
        "@geometry": "center"
      },
      "geometry": {
        "type": "Point",
        "coordinates": [
          9.1059817,
          35.2458611
        ]
      },
      "id": "way/1382231665"
    },
    {
      "type": "Feature",
      "properties": {
        "@id": "way/1382533533",
        "amenity": "hospital",
        "@geometry": "center"
      },
      "geometry": {
        "type": "Point",
        "coordinates": [
          4.877007,
          35.9780594
        ]
      },
      "id": "way/1382533533"
    },
    {
      "type": "Feature",
      "properties": {
        "@id": "way/1382787995",
        "amenity": "hospital",
        "healthcare": "hospital",
        "@geometry": "center"
      },
      "geometry": {
        "type": "Point",
        "coordinates": [
          9.1149861,
          35.2365464
        ]
      },
      "id": "way/1382787995"
    },
    {
      "type": "Feature",
      "properties": {
        "@id": "way/1389315700",
        "amenity": "hospital",
        "healthcare": "hospital",
        "name": "Institut Pasteur معهد باستور",
        "name:ar": "معهد باستور",
        "name:fr": "Institut Pasteur",
        "@geometry": "center"
      },
      "geometry": {
        "type": "Point",
        "coordinates": [
          -7.623506,
          33.5739616
        ]
      },
      "id": "way/1389315700"
    },
    {
      "type": "Feature",
      "properties": {
        "@id": "way/1389389920",
        "amenity": "hospital",
        "healthcare": "hospital",
        "landuse": "military",
        "name": "Hôpital Militaire de Sfax",
        "@geometry": "center"
      },
      "geometry": {
        "type": "Point",
        "coordinates": [
          10.6604323,
          34.6609276
        ]
      },
      "id": "way/1389389920"
    },
    {
      "type": "Feature",
      "properties": {
        "@id": "way/1389914133",
        "addr:city": "Palmones",
        "addr:postcode": "11379",
        "addr:street": "Avenida de los Empresarios",
        "amenity": "hospital",
        "emergency": "yes",
        "healthcare": "hospital",
        "name": "Hospital Quirónsalud Campo de Gibraltar",
        "operator": "Quirónsalud",
        "operator:type": "public",
        "operator:wikidata": "Q5886225",
        "website": "https://www.quironsalud.es/campo-gibraltar",
        "@geometry": "center"
      },
      "geometry": {
        "type": "Point",
        "coordinates": [
          -5.4308947,
          36.1854281
        ]
      },
      "id": "way/1389914133"
    },
    {
      "type": "Feature",
      "properties": {
        "@id": "way/1390754246",
        "amenity": "hospital",
        "healthcare": "hospital",
        "@geometry": "center"
      },
      "geometry": {
        "type": "Point",
        "coordinates": [
          10.8173679,
          32.9935552
        ]
      },
      "id": "way/1390754246"
    },
    {
      "type": "Feature",
      "properties": {
        "@id": "way/1390757894",
        "amenity": "hospital",
        "healthcare": "hospital",
        "name": "المستشفي المحلي",
        "@geometry": "center"
      },
      "geometry": {
        "type": "Point",
        "coordinates": [
          10.8115391,
          33.0045564
        ]
      },
      "id": "way/1390757894"
    },
    {
      "type": "Feature",
      "properties": {
        "@id": "way/1391798298",
        "addr:city": "أريانة",
        "addr:postcode": "1001",
        "addr:street": "نهج جبران خليل جبران",
        "amenity": "hospital",
        "healthcare": "hospital",
        "healthcare:speciality": "community",
        "name": "مركز الصحة بحي إنسيم",
        "name:ar": "مركز الصحة بحي إنسيم",
        "name:fr": "centre hospitalier cite Nassime",
        "operator:type": "public",
        "@geometry": "center"
      },
      "geometry": {
        "type": "Point",
        "coordinates": [
          10.199058,
          36.8767268
        ]
      },
      "id": "way/1391798298"
    },
    {
      "type": "Feature",
      "properties": {
        "@id": "way/1393600306",
        "addr:housenumber": "11",
        "addr:street": "Ventura del Mar",
        "amenity": "hospital",
        "healthcare": "hospital",
        "name": "HC Marbella International Hospital",
        "opening_hours": "24/7",
        "phone": "+34 952 90 86 28",
        "wikidata": "Q87762175",
        "@geometry": "center"
      },
      "geometry": {
        "type": "Point",
        "coordinates": [
          -4.9704856,
          36.4849703
        ]
      },
      "id": "way/1393600306"
    },
    {
      "type": "Feature",
      "properties": {
        "@id": "way/1393600308",
        "amenity": "hospital",
        "healthcare": "hospital",
        "@geometry": "center"
      },
      "geometry": {
        "type": "Point",
        "coordinates": [
          -4.9509749,
          36.4937542
        ]
      },
      "id": "way/1393600308"
    },
    {
      "type": "Feature",
      "properties": {
        "@id": "way/1409416715",
        "amenity": "hospital",
        "name": "Houam Ali hospital",
        "name:ar": "مستشفى على هوام",
        "@geometry": "center"
      },
      "geometry": {
        "type": "Point",
        "coordinates": [
          8.0107525,
          35.6735411
        ]
      },
      "id": "way/1409416715"
    },
    {
      "type": "Feature",
      "properties": {
        "@id": "way/1421500769",
        "addr:postcode": "04600",
        "addr:street": "Avenida de la Doctora Ana Parra",
        "amenity": "hospital",
        "emergency": "yes",
        "healthcare": "hospital",
        "name": "Hospital La Inmaculada",
        "network": "Servicio Andaluz de Salud",
        "network:short": "SAS",
        "operator": "Servicio Andaluz de Salud",
        "operator:short": "SAS",
        "operator:type": "public",
        "operator:wikidata": "Q4753529",
        "phone": "+34 950029000",
        "website": "https://www.sspa.juntadeandalucia.es/servicioandaluzdesalud/el-sas/servicios-y-centros/informacion-por-centros/16411",
        "wikidata": "Q5902730",
        "wikipedia": "es:Hospital La Inmaculada",
        "@geometry": "center"
      },
      "geometry": {
        "type": "Point",
        "coordinates": [
          -1.9420063,
          37.4013857
        ]
      },
      "id": "way/1421500769"
    },
    {
      "type": "Feature",
      "properties": {
        "@id": "way/1422807952",
        "amenity": "hospital",
        "@geometry": "center"
      },
      "geometry": {
        "type": "Point",
        "coordinates": [
          1.0177651,
          35.5328051
        ]
      },
      "id": "way/1422807952"
    },
    {
      "type": "Feature",
      "properties": {
        "@id": "way/1422963160",
        "amenity": "hospital",
        "emergency": "yes",
        "healthcare": "hospital",
        "healthcare:speciality": "internal",
        "name": "Service Médecine Interne d'Hôpital Birtraria",
        "name:ar": "مصلحة الطب الداخلي بطرارية",
        "name:fr": "Service Médecine Interne d'Hôpital Birtraria",
        "@geometry": "center"
      },
      "geometry": {
        "type": "Point",
        "coordinates": [
          3.0258433,
          36.7684522
        ]
      },
      "id": "way/1422963160"
    },
    {
      "type": "Feature",
      "properties": {
        "@id": "way/1423283175",
        "amenity": "hospital",
        "check_date": "2025-12-10",
        "emergency": "no",
        "healthcare": "hospital",
        "healthcare:speciality": "general",
        "name": "Clinique Menzel Horr",
        "name:ar": "مستوصف منزل حر",
        "wheelchair": "yes",
        "@geometry": "center"
      },
      "geometry": {
        "type": "Point",
        "coordinates": [
          10.9553316,
          36.7270499
        ]
      },
      "id": "way/1423283175"
    },
    {
      "type": "Feature",
      "properties": {
        "@id": "way/1430345120",
        "amenity": "hospital",
        "healthcare": "hospital",
        "name": "المستشفى الجهوي بطبرقة",
        "name:ar": "المستشفى الجهوي بطبرقة",
        "name:en": "Tabarka Regional Hospital",
        "name:fr": "Hôpital Régional de Tabarka",
        "@geometry": "center"
      },
      "geometry": {
        "type": "Point",
        "coordinates": [
          8.812754,
          36.9450235
        ]
      },
      "id": "way/1430345120"
    },
    {
      "type": "Feature",
      "properties": {
        "@id": "way/1430672780",
        "amenity": "hospital",
        "emergency": "no",
        "healthcare": "hospital",
        "name": "SAMU",
        "@geometry": "center"
      },
      "geometry": {
        "type": "Point",
        "coordinates": [
          8.7621284,
          36.9508735
        ]
      },
      "id": "way/1430672780"
    },
    {
      "type": "Feature",
      "properties": {
        "@id": "way/1433101184",
        "amenity": "hospital",
        "designation": "Xanit Hospital",
        "email": "info.xanit@vithas.es",
        "healthcare": "hospital",
        "name": "Hospital Vithas Xanit International",
        "opening_hours": "Mo-Su 08:30-21:00",
        "phone": "+34 952367190",
        "website": "https://vithas.es/centro/vithas-hospital-xanit-internacional",
        "@geometry": "center"
      },
      "geometry": {
        "type": "Point",
        "coordinates": [
          -4.5583919,
          36.5980973
        ]
      },
      "id": "way/1433101184"
    },
    {
      "type": "Feature",
      "properties": {
        "@id": "node/1433868032",
        "addr:city": "Gibraltar",
        "amenity": "hospital",
        "check_date": "2026-01-01",
        "emergency": "yes",
        "healthcare": "hospital",
        "name": "St Bernard's Hospital",
        "name:es": "Hospital de San Bernardo",
        "wikidata": "Q36207",
        "wikipedia": "en:St Bernard's Hospital",
        "wikipedia:es": "Hospital de San Bernardo (Gibraltar)"
      },
      "geometry": {
        "type": "Point",
        "coordinates": [
          -5.3594905,
          36.1432246
        ]
      },
      "id": "node/1433868032"
    },
    {
      "type": "Feature",
      "properties": {
        "@id": "way/1447409159",
        "amenity": "hospital",
        "healthcare": "hospital",
        "healthcare:speciality": "general",
        "name": "عيادة متعددة الخدمات محمد ن بلحاج",
        "operator": "مديرية الصحة",
        "@geometry": "center"
      },
      "geometry": {
        "type": "Point",
        "coordinates": [
          3.7462547,
          32.4771697
        ]
      },
      "id": "way/1447409159"
    },
    {
      "type": "Feature",
      "properties": {
        "@id": "way/1459077449",
        "amenity": "hospital",
        "building": "yes",
        "name": "Hospital Virgen del Alcázar",
        "phone": "+34 868 02 17 82",
        "website": "https://www.virgendelalcazar.com/centros/aguilas",
        "@geometry": "center"
      },
      "geometry": {
        "type": "Point",
        "coordinates": [
          -1.5959126,
          37.4034748
        ]
      },
      "id": "way/1459077449"
    },
    {
      "type": "Feature",
      "properties": {
        "@id": "way/1463515974",
        "addr:street": "طريق قصر الحيران - حاسي الدلاعة",
        "amenity": "hospital",
        "building": "yes",
        "name:fr": "Hôpital Houari Boumadiene (kasr El Hirane)",
        "source": "microsoft/BuildingFootprints",
        "@geometry": "center"
      },
      "geometry": {
        "type": "Point",
        "coordinates": [
          3.1466269,
          33.777602
        ]
      },
      "id": "way/1463515974"
    },
    {
      "type": "Feature",
      "properties": {
        "@id": "way/1472671153",
        "amenity": "hospital",
        "name": "Urgencias",
        "@geometry": "center"
      },
      "geometry": {
        "type": "Point",
        "coordinates": [
          -2.9431043,
          35.2807953
        ]
      },
      "id": "way/1472671153"
    },
    {
      "type": "Feature",
      "properties": {
        "@id": "way/1472671154",
        "amenity": "hospital",
        "name": "Acceso Hospital",
        "operator": "INGESA",
        "@geometry": "center"
      },
      "geometry": {
        "type": "Point",
        "coordinates": [
          -2.9425514,
          35.2815345
        ]
      },
      "id": "way/1472671154"
    },
    {
      "type": "Feature",
      "properties": {
        "@id": "way/1472927900",
        "addr:city": "Villamartín",
        "addr:postcode": "11650",
        "addr:street": "Avenida de la Feria",
        "amenity": "hospital",
        "emergency": "yes",
        "healthcare": "hospital",
        "name": "Centro de Salud de Villamartín",
        "operator": "Servicio Andaluz de Salud",
        "operator:short": "SAS",
        "operator:type": "public",
        "operator:wikidata": "Q4753529",
        "@geometry": "center"
      },
      "geometry": {
        "type": "Point",
        "coordinates": [
          -5.6471475,
          36.859048
        ]
      },
      "id": "way/1472927900"
    },
    {
      "type": "Feature",
      "properties": {
        "@id": "way/1485514385",
        "amenity": "hospital",
        "healthcare": "hospital",
        "name": "المؤسسة العمومية للصحة الجواية - خنشلة",
        "name:fr": "Établissement Public de Santé de Proximité",
        "short_name": "EPSP Khenchela",
        "@geometry": "center"
      },
      "geometry": {
        "type": "Point",
        "coordinates": [
          7.1482067,
          35.4248103
        ]
      },
      "id": "way/1485514385"
    },
    {
      "type": "Feature",
      "properties": {
        "@id": "way/1487977908",
        "addr:street": "طريق العيزار ⴰⴱⵔⵉⴷ ⵏ ⵍⵄⵉⵣⴰⵔ",
        "amenity": "hospital",
        "healthcare": "hospital",
        "loc_name": "لامجي",
        "name": "المؤسسة العمومية للصحة الجوارية خنشلة (طريق العيزار)",
        "name:ar": "المؤسسة العمومية للصحة الجوارية خنشلة (طريق العيزار)",
        "name:fr": "EPSP",
        "@geometry": "center"
      },
      "geometry": {
        "type": "Point",
        "coordinates": [
          7.1314028,
          35.4064031
        ]
      },
      "id": "way/1487977908"
    },
    {
      "type": "Feature",
      "properties": {
        "@id": "way/1497634706",
        "amenity": "hospital",
        "healthcare": "hospital",
        "@geometry": "center"
      },
      "geometry": {
        "type": "Point",
        "coordinates": [
          6.5782923,
          36.6917239
        ]
      },
      "id": "way/1497634706"
    },
    {
      "type": "Feature",
      "properties": {
        "@id": "way/1502485006",
        "addr:city": "Oum Toub Skikda",
        "amenity": "hospital",
        "healthcare": "hospital",
        "@geometry": "center"
      },
      "geometry": {
        "type": "Point",
        "coordinates": [
          6.5764759,
          36.6861068
        ]
      },
      "id": "way/1502485006"
    },
    {
      "type": "Feature",
      "properties": {
        "@id": "way/1505866417",
        "amenity": "hospital",
        "healthcare": "hospital",
        "@geometry": "center"
      },
      "geometry": {
        "type": "Point",
        "coordinates": [
          10.1816843,
          36.9081559
        ]
      },
      "id": "way/1505866417"
    },
    {
      "type": "Feature",
      "properties": {
        "@id": "node/1516411417",
        "amenity": "hospital",
        "emergency": "yes",
        "name": "Residencia San Francisco"
      },
      "geometry": {
        "type": "Point",
        "coordinates": [
          -5.4544576,
          37.1174154
        ]
      },
      "id": "node/1516411417"
    },
    {
      "type": "Feature",
      "properties": {
        "@id": "node/1596542299",
        "amenity": "hospital",
        "healthcare": "hospital",
        "name": "Clinique Rif"
      },
      "geometry": {
        "type": "Point",
        "coordinates": [
          -5.3469081,
          35.5867664
        ]
      },
      "id": "node/1596542299"
    },
    {
      "type": "Feature",
      "properties": {
        "@id": "node/1718092123",
        "amenity": "hospital",
        "designation": "Hospital",
        "emergency": "yes",
        "name": "Clinica Rincon",
        "source": "Local knowledge"
      },
      "geometry": {
        "type": "Point",
        "coordinates": [
          -4.2660616,
          36.7126226
        ]
      },
      "id": "node/1718092123"
    },
    {
      "type": "Feature",
      "properties": {
        "@id": "node/1786951782",
        "amenity": "hospital",
        "healthcare": "hospital",
        "name": "Clinique Khlalfa"
      },
      "geometry": {
        "type": "Point",
        "coordinates": [
          -4.6212783,
          34.6695404
        ]
      },
      "id": "node/1786951782"
    },
    {
      "type": "Feature",
      "properties": {
        "@id": "node/1801881869",
        "amenity": "hospital",
        "name": "Urgences médicale",
        "name:ar": "ثيڤزيرث",
        "name:fr": "Tigzirt",
        "opening_hours": "24/7"
      },
      "geometry": {
        "type": "Point",
        "coordinates": [
          4.1264919,
          36.8920953
        ]
      },
      "id": "node/1801881869"
    },
    {
      "type": "Feature",
      "properties": {
        "@id": "node/1824603903",
        "amenity": "hospital",
        "designation": "Ibn sina General hospital for adults",
        "emergency": "yes",
        "healthcare": "hospital",
        "name": "Hopital Ibn Sina /CHU Ibn SIna"
      },
      "geometry": {
        "type": "Point",
        "coordinates": [
          -6.8504077,
          33.9838968
        ]
      },
      "id": "node/1824603903"
    },
    {
      "type": "Feature",
      "properties": {
        "@id": "node/1924304853",
        "amenity": "hospital",
        "emergency": "yes",
        "healthcare": "hospital",
        "name": "Ciudad Sanitaria Virgen del Rocío",
        "wheelchair": "yes"
      },
      "geometry": {
        "type": "Point",
        "coordinates": [
          -5.9810517,
          37.3618571
        ]
      },
      "id": "node/1924304853"
    },
    {
      "type": "Feature",
      "properties": {
        "@id": "node/2109034339",
        "amenity": "hospital",
        "name": "Service d'Urgence Sahloul"
      },
      "geometry": {
        "type": "Point",
        "coordinates": [
          10.5891304,
          35.8377222
        ]
      },
      "id": "node/2109034339"
    },
    {
      "type": "Feature",
      "properties": {
        "@id": "node/2138957012",
        "amenity": "hospital",
        "healthcare": "hospital",
        "name": "Hospital"
      },
      "geometry": {
        "type": "Point",
        "coordinates": [
          -7.9177123,
          31.1365498
        ]
      },
      "id": "node/2138957012"
    },
    {
      "type": "Feature",
      "properties": {
        "@id": "node/2187606087",
        "amenity": "hospital",
        "name": "Centre de Soin Illilten"
      },
      "geometry": {
        "type": "Point",
        "coordinates": [
          4.4207923,
          36.5128583
        ]
      },
      "id": "node/2187606087"
    },
    {
      "type": "Feature",
      "properties": {
        "@id": "node/2193213076",
        "addr:city": "Tétouan",
        "addr:street": "Av. Moussa Ibn Noussair",
        "amenity": "hospital",
        "healthcare": "hospital",
        "name": "Hôpital Espagnol"
      },
      "geometry": {
        "type": "Point",
        "coordinates": [
          -5.3877507,
          35.5723502
        ]
      },
      "id": "node/2193213076"
    },
    {
      "type": "Feature",
      "properties": {
        "@id": "node/2196056067",
        "amenity": "hospital",
        "emergency": "no",
        "name": "Hospital de Día de Salud Mental"
      },
      "geometry": {
        "type": "Point",
        "coordinates": [
          -4.4278493,
          37.471781
        ]
      },
      "id": "node/2196056067"
    },
    {
      "type": "Feature",
      "properties": {
        "@id": "node/2261995426",
        "addr:city": "سيدي بوزيد",
        "addr:country": "TN",
        "amenity": "hospital",
        "emergency": "yes",
        "healthcare": "hospital",
        "name": "المستشفى الجهوي بسيدي بوزيد",
        "name:ar": "المستشفى الجهوي بسيدي بوزيد",
        "name:fr": "Hôpital Régional de Sidi Bouzid",
        "phone": "+216 76 632 500"
      },
      "geometry": {
        "type": "Point",
        "coordinates": [
          9.4652098,
          35.0240509
        ]
      },
      "id": "node/2261995426"
    },
    {
      "type": "Feature",
      "properties": {
        "@id": "node/2328372813",
        "amenity": "hospital",
        "name": "Hôpital Dellys",
        "operator": "EPH"
      },
      "geometry": {
        "type": "Point",
        "coordinates": [
          3.8952259,
          36.9168697
        ]
      },
      "id": "node/2328372813"
    },
    {
      "type": "Feature",
      "properties": {
        "@id": "node/2328372835",
        "amenity": "hospital",
        "name": "Urgences",
        "operator": "Polyclinique"
      },
      "geometry": {
        "type": "Point",
        "coordinates": [
          3.8948262,
          36.9171742
        ]
      },
      "id": "node/2328372835"
    },
    {
      "type": "Feature",
      "properties": {
        "@id": "node/2417967761",
        "amenity": "hospital",
        "name": "hôpital guemar",
        "name:ar": "مستوصف قمار"
      },
      "geometry": {
        "type": "Point",
        "coordinates": [
          6.7995497,
          33.4938707
        ]
      },
      "id": "node/2417967761"
    },
    {
      "type": "Feature",
      "properties": {
        "@id": "node/2463703593",
        "amenity": "hospital"
      },
      "geometry": {
        "type": "Point",
        "coordinates": [
          3.1413919,
          36.1572027
        ]
      },
      "id": "node/2463703593"
    },
    {
      "type": "Feature",
      "properties": {
        "@id": "node/2463708208",
        "amenity": "hospital"
      },
      "geometry": {
        "type": "Point",
        "coordinates": [
          3.1261091,
          36.2134069
        ]
      },
      "id": "node/2463708208"
    },
    {
      "type": "Feature",
      "properties": {
        "@id": "node/2464435014",
        "amenity": "hospital",
        "name": "Ahmed Ouroua"
      },
      "geometry": {
        "type": "Point",
        "coordinates": [
          6.7154472,
          36.5369503
        ]
      },
      "id": "node/2464435014"
    },
    {
      "type": "Feature",
      "properties": {
        "@id": "node/2481427727",
        "amenity": "hospital",
        "healthcare": "hospital",
        "name": "Hôpital Riad Al Mokha"
      },
      "geometry": {
        "type": "Point",
        "coordinates": [
          -7.9880222,
          31.6228327
        ]
      },
      "id": "node/2481427727"
    },
    {
      "type": "Feature",
      "properties": {
        "@id": "node/2482469616",
        "addr:city": "الدبداب",
        "amenity": "hospital",
        "healthcare": "hospital",
        "name": "المؤسسة العمومية للصحة الجوارية دبداب",
        "name:ar": "المؤسسة العمومية للصحة الجوارية دبداب",
        "name:fr": "EPSP DEB DEB"
      },
      "geometry": {
        "type": "Point",
        "coordinates": [
          9.4245033,
          29.9666987
        ]
      },
      "id": "node/2482469616"
    },
    {
      "type": "Feature",
      "properties": {
        "@id": "node/2501108066",
        "amenity": "hospital",
        "emergency": "no"
      },
      "geometry": {
        "type": "Point",
        "coordinates": [
          4.2696792,
          36.3642284
        ]
      },
      "id": "node/2501108066"
    },
    {
      "type": "Feature",
      "properties": {
        "@id": "node/2501108184",
        "amenity": "hospital",
        "emergency": "yes"
      },
      "geometry": {
        "type": "Point",
        "coordinates": [
          4.2690335,
          36.3646711
        ]
      },
      "id": "node/2501108184"
    },
    {
      "type": "Feature",
      "properties": {
        "@id": "node/2504392706",
        "amenity": "hospital",
        "name": "établissements publics de santé de proximité المؤسسة العموممية للصحة الجوارية",
        "name:ar": "المؤسسة العموممية للصحة الجوارية",
        "name:fr": "établissements publics de santé de proximité",
        "short_name:fr": "EPSP"
      },
      "geometry": {
        "type": "Point",
        "coordinates": [
          5.2930364,
          35.9241676
        ]
      },
      "id": "node/2504392706"
    },
    {
      "type": "Feature",
      "properties": {
        "@id": "node/2504392717",
        "amenity": "hospital",
        "emergency": "yes",
        "name": "Hôpital Mohammed Boudiaf",
        "name:ar": "مستشفى محمد بوضياف",
        "name:fr": "Hôpital Mohammed Boudiaf"
      },
      "geometry": {
        "type": "Point",
        "coordinates": [
          5.2880555,
          35.9134849
        ]
      },
      "id": "node/2504392717"
    },
    {
      "type": "Feature",
      "properties": {
        "@id": "node/2504413800",
        "amenity": "hospital"
      },
      "geometry": {
        "type": "Point",
        "coordinates": [
          5.1054722,
          35.8104299
        ]
      },
      "id": "node/2504413800"
    },
    {
      "type": "Feature",
      "properties": {
        "@id": "node/2524668150",
        "amenity": "hospital",
        "name": "Cabinet medical"
      },
      "geometry": {
        "type": "Point",
        "coordinates": [
          3.3609444,
          36.6896503
        ]
      },
      "id": "node/2524668150"
    },
    {
      "type": "Feature",
      "properties": {
        "@id": "node/2529685544",
        "amenity": "hospital"
      },
      "geometry": {
        "type": "Point",
        "coordinates": [
          3.3350759,
          36.6745692
        ]
      },
      "id": "node/2529685544"
    },
    {
      "type": "Feature",
      "properties": {
        "@id": "node/2569037645",
        "amenity": "hospital",
        "healthcare": "hospital",
        "name": "Hopital Moulay Youssef"
      },
      "geometry": {
        "type": "Point",
        "coordinates": [
          -6.8613729,
          34.0102418
        ]
      },
      "id": "node/2569037645"
    },
    {
      "type": "Feature",
      "properties": {
        "@id": "node/2583586947",
        "amenity": "hospital",
        "emergency": "no",
        "healthcare": "hospital",
        "name": "مدرسة التكوين شبه الطبي",
        "name:ar": "مدرسة التكوين شبه الطبي",
        "name:en": "Semi-Medical School",
        "name:fr": "école paramédical"
      },
      "geometry": {
        "type": "Point",
        "coordinates": [
          7.3931757,
          35.7943949
        ]
      },
      "id": "node/2583586947"
    },
    {
      "type": "Feature",
      "properties": {
        "@id": "node/2611489768",
        "amenity": "hospital",
        "name": "Centre de reéducation fonctionnelle"
      },
      "geometry": {
        "type": "Point",
        "coordinates": [
          3.2472782,
          34.6822245
        ]
      },
      "id": "node/2611489768"
    },
    {
      "type": "Feature",
      "properties": {
        "@id": "node/2614323294",
        "amenity": "hospital",
        "name": "Centre de Soins"
      },
      "geometry": {
        "type": "Point",
        "coordinates": [
          2.8922732,
          35.4566241
        ]
      },
      "id": "node/2614323294"
    },
    {
      "type": "Feature",
      "properties": {
        "@id": "node/2640745647",
        "amenity": "hospital",
        "name": "Hospital Psiquiátrico"
      },
      "geometry": {
        "type": "Point",
        "coordinates": [
          -2.4140921,
          36.8577567
        ]
      },
      "id": "node/2640745647"
    },
    {
      "type": "Feature",
      "properties": {
        "@id": "node/2649102853",
        "amenity": "hospital",
        "healthcare": "hospital",
        "name": "Hôpital Jdid",
        "name:ar": "المستشفى الجديد",
        "name:es": "Hospital Nuevo"
      },
      "geometry": {
        "type": "Point",
        "coordinates": [
          -4.430281,
          31.9305602
        ]
      },
      "id": "node/2649102853"
    },
    {
      "type": "Feature",
      "properties": {
        "@id": "node/2744651460",
        "amenity": "hospital",
        "check_date": "2026-03-18",
        "healthcare": "hospital",
        "name": "Hôpital des brûlés",
        "name:fr": "Hôpital des brûlés"
      },
      "geometry": {
        "type": "Point",
        "coordinates": [
          3.0567171,
          36.7721949
        ]
      },
      "id": "node/2744651460"
    },
    {
      "type": "Feature",
      "properties": {
        "@id": "node/2794486908",
        "amenity": "hospital",
        "emergency": "no",
        "name": "centre ta3 l karia"
      },
      "geometry": {
        "type": "Point",
        "coordinates": [
          0.062499,
          35.654998
        ]
      },
      "id": "node/2794486908"
    },
    {
      "type": "Feature",
      "properties": {
        "@id": "node/2813208783",
        "addr:city": "قابس",
        "addr:postcode": "6000",
        "addr:street": "شارع المنجي سليم",
        "amenity": "hospital",
        "fax": "+216 75 270 801",
        "name": "مستشفى قابس العسكري",
        "name:ar": "مستشفى قابس العسكري",
        "name:fr": "Hôpital militaire de Gabès",
        "phone": "+216 75 274 888",
        "wikidata": "Q16508251",
        "wikipedia": "ar:المستشفى العسكري بقابس"
      },
      "geometry": {
        "type": "Point",
        "coordinates": [
          10.1126503,
          33.8838025
        ]
      },
      "id": "node/2813208783"
    },
    {
      "type": "Feature",
      "properties": {
        "@id": "node/2829858046",
        "amenity": "hospital",
        "healthcare": "hospital",
        "name": "مستشفى",
        "name:ar": "مستشفى",
        "name:fr": "Hôpital"
      },
      "geometry": {
        "type": "Point",
        "coordinates": [
          5.5278633,
          22.7982734
        ]
      },
      "id": "node/2829858046"
    },
    {
      "type": "Feature",
      "properties": {
        "@id": "node/2902579703",
        "amenity": "hospital",
        "healthcare": "hospital",
        "name": "Centre consultation et traitement dentaires"
      },
      "geometry": {
        "type": "Point",
        "coordinates": [
          -7.6206013,
          33.5730773
        ]
      },
      "id": "node/2902579703"
    },
    {
      "type": "Feature",
      "properties": {
        "@id": "node/2947184170",
        "addr:street": "Boulevard 1er Novembre 1954",
        "amenity": "hospital",
        "internet_access": "wlan",
        "name": "EPH Sougueur",
        "name:ar": "مستشفى قرميط ناصر",
        "name:fr": "hôpital ghermit naseur",
        "phone": "046 439 343"
      },
      "geometry": {
        "type": "Point",
        "coordinates": [
          1.4915413,
          35.1866431
        ]
      },
      "id": "node/2947184170"
    },
    {
      "type": "Feature",
      "properties": {
        "@id": "node/3004200407",
        "amenity": "hospital",
        "healthcare": "vaccination_centre",
        "healthcare:speciality": "vaccination;covid19",
        "name": "Parnet",
        "name:ar": "المستشفى الجامعي نفيسة حمود",
        "name:en": "Nafissa Hammoud (parnet)",
        "name:fr": "CHU Nafissa Hammoud (parnet)",
        "opening_hours": "24/7",
        "vaccination": "covid19"
      },
      "geometry": {
        "type": "Point",
        "coordinates": [
          3.1038388,
          36.7366917
        ]
      },
      "id": "node/3004200407"
    },
    {
      "type": "Feature",
      "properties": {
        "@id": "node/3024646668",
        "amenity": "hospital",
        "building": "hospital",
        "name": "مستشفى الرابطة",
        "name:ar": "مستشفى الرابطة",
        "name:fr": "Hôpital La Rabta"
      },
      "geometry": {
        "type": "Point",
        "coordinates": [
          10.1568023,
          36.8021425
        ]
      },
      "id": "node/3024646668"
    },
    {
      "type": "Feature",
      "properties": {
        "@id": "node/3025053649",
        "addr:city": "midar",
        "addr:postcode": "62502",
        "addr:street": "Rue Al Jadida",
        "amenity": "hospital",
        "emergency": "yes",
        "healthcare": "hospital",
        "name": "Cabinet Medical"
      },
      "geometry": {
        "type": "Point",
        "coordinates": [
          -3.5339388,
          34.9380644
        ]
      },
      "id": "node/3025053649"
    },
    {
      "type": "Feature",
      "properties": {
        "@id": "node/3061964490",
        "amenity": "hospital",
        "name": "Clinique des Orchidées",
        "name:fr": "Clinique des Orchidées"
      },
      "geometry": {
        "type": "Point",
        "coordinates": [
          3.0330002,
          36.7360825
        ]
      },
      "id": "node/3061964490"
    },
    {
      "type": "Feature",
      "properties": {
        "@id": "node/3123811827",
        "amenity": "hospital",
        "name": "قاعة علاج برج القائد",
        "name:ar": "قاعة علاج برج القائد",
        "name:en": "Health center"
      },
      "geometry": {
        "type": "Point",
        "coordinates": [
          6.5056775,
          36.8218184
        ]
      },
      "id": "node/3123811827"
    },
    {
      "type": "Feature",
      "properties": {
        "@id": "node/3129815135",
        "amenity": "hospital",
        "healthcare": "hospital"
      },
      "geometry": {
        "type": "Point",
        "coordinates": [
          -5.3765434,
          33.685832
        ]
      },
      "id": "node/3129815135"
    },
    {
      "type": "Feature",
      "properties": {
        "@id": "node/3159366138",
        "addr:city": "حمام الضلعة",
        "addr:city:ar": "حمام الضلعة",
        "amenity": "hospital",
        "healthcare": "hospital",
        "language:ar": "main"
      },
      "geometry": {
        "type": "Point",
        "coordinates": [
          4.3782603,
          35.9256653
        ]
      },
      "id": "node/3159366138"
    },
    {
      "type": "Feature",
      "properties": {
        "@id": "node/3195277059",
        "addr:city": "إليزي",
        "addr:city:ar": "إليزي",
        "amenity": "hospital",
        "healthcare": "hospital",
        "language:ar": "main",
        "name": "مستشفى 120 سرير",
        "name:ar": "مستشفى 120 سرير",
        "name:fr": "HOPITAL 120 LITS"
      },
      "geometry": {
        "type": "Point",
        "coordinates": [
          8.4895468,
          26.515757
        ]
      },
      "id": "node/3195277059"
    },
    {
      "type": "Feature",
      "properties": {
        "@id": "node/3195514325",
        "amenity": "hospital",
        "healthcare": "hospital",
        "name": "Hôpital Mohammed V",
        "phone": "+212 5 39 98 62 28"
      },
      "geometry": {
        "type": "Point",
        "coordinates": [
          -5.2703159,
          35.1690506
        ]
      },
      "id": "node/3195514325"
    },
    {
      "type": "Feature",
      "properties": {
        "@id": "node/3210147239",
        "amenity": "hospital"
      },
      "geometry": {
        "type": "Point",
        "coordinates": [
          5.0229101,
          35.8829135
        ]
      },
      "id": "node/3210147239"
    },
    {
      "type": "Feature",
      "properties": {
        "@id": "node/3224471677",
        "amenity": "hospital",
        "name": "قاعة علاج كشيدة عمر",
        "name:ar": "قاعة علاج كشيدة عمر",
        "name:en": "dispensary",
        "name:fr": "dispensaire"
      },
      "geometry": {
        "type": "Point",
        "coordinates": [
          5.0529325,
          34.4213133
        ]
      },
      "id": "node/3224471677"
    },
    {
      "type": "Feature",
      "properties": {
        "@id": "node/3250160811",
        "amenity": "hospital",
        "healthcare": "hospital",
        "name": "Service des consultations externes"
      },
      "geometry": {
        "type": "Point",
        "coordinates": [
          10.496435,
          34.5317902
        ]
      },
      "id": "node/3250160811"
    },
    {
      "type": "Feature",
      "properties": {
        "@id": "node/3287397600",
        "addr:city": "مديونة",
        "addr:city:ar": "مديونة",
        "amenity": "hospital",
        "healthcare": "hospital"
      },
      "geometry": {
        "type": "Point",
        "coordinates": [
          0.744262,
          36.1222716
        ]
      },
      "id": "node/3287397600"
    },
    {
      "type": "Feature",
      "properties": {
        "@id": "node/3290834192",
        "amenity": "hospital",
        "healthcare": "hospital"
      },
      "geometry": {
        "type": "Point",
        "coordinates": [
          2.7662992,
          36.3599231
        ]
      },
      "id": "node/3290834192"
    },
    {
      "type": "Feature",
      "properties": {
        "@id": "node/3325160486",
        "amenity": "hospital"
      },
      "geometry": {
        "type": "Point",
        "coordinates": [
          -1.1392369,
          35.0694938
        ]
      },
      "id": "node/3325160486"
    },
    {
      "type": "Feature",
      "properties": {
        "@id": "node/3329495501",
        "amenity": "hospital",
        "healthcare": "hospital",
        "name": "المؤسسة العمومية للصحة الجوارية تينركوك",
        "name:ar": "المؤسسة العمومية للصحة الجوارية تينركوك",
        "name:fr": "EPSP Tinerkouk"
      },
      "geometry": {
        "type": "Point",
        "coordinates": [
          0.7202999,
          29.7074983
        ]
      },
      "id": "node/3329495501"
    },
    {
      "type": "Feature",
      "properties": {
        "@id": "node/3334397403",
        "amenity": "hospital",
        "healthcare": "hospital",
        "name": "Rouchai Boualem",
        "operator": "DGSN"
      },
      "geometry": {
        "type": "Point",
        "coordinates": [
          3.0670439,
          36.7521971
        ]
      },
      "id": "node/3334397403"
    },
    {
      "type": "Feature",
      "properties": {
        "@id": "node/3421870365",
        "addr:city": "AIN TEMOUCHENT",
        "addr:postcode": "46000",
        "amenity": "hospital",
        "name": "Polyclinique Aboubakr Belkaïd",
        "opening_hours": "08:00-17:00"
      },
      "geometry": {
        "type": "Point",
        "coordinates": [
          -1.1417506,
          35.3111068
        ]
      },
      "id": "node/3421870365"
    },
    {
      "type": "Feature",
      "properties": {
        "@id": "node/3421890284",
        "addr:city": "Ain Temouchent",
        "addr:postcode": "46000",
        "amenity": "hospital",
        "healthcare": "hospital",
        "healthcare:speciality": "general",
        "name": "Dispensaire Ammour Ahmed",
        "opening_hours": "08:00-20:00"
      },
      "geometry": {
        "type": "Point",
        "coordinates": [
          -1.1316211,
          35.300432
        ]
      },
      "id": "node/3421890284"
    },
    {
      "type": "Feature",
      "properties": {
        "@id": "node/3424490567",
        "amenity": "hospital",
        "emergency": "yes",
        "healthcare": "hospital",
        "name": "مستشقى بلدية الشارف",
        "name:ar": "مستشقى بلدية الشارف",
        "name:fr": "مستشقى بلدية الشارف"
      },
      "geometry": {
        "type": "Point",
        "coordinates": [
          2.8069766,
          34.6189237
        ]
      },
      "id": "node/3424490567"
    },
    {
      "type": "Feature",
      "properties": {
        "@id": "node/3484023513",
        "amenity": "hospital"
      },
      "geometry": {
        "type": "Point",
        "coordinates": [
          2.9589118,
          35.9820602
        ]
      },
      "id": "node/3484023513"
    },
    {
      "type": "Feature",
      "properties": {
        "@id": "node/3513574205",
        "addr:city": "Biskra",
        "amenity": "hospital",
        "emergency": "yes",
        "name": "Hôpital Hakim Saâdane",
        "name:ar": "مستشفى حكيم سعدان",
        "name:fr": "Hôpital Hakim Saâdane"
      },
      "geometry": {
        "type": "Point",
        "coordinates": [
          5.7303812,
          34.8402112
        ]
      },
      "id": "node/3513574205"
    },
    {
      "type": "Feature",
      "properties": {
        "@id": "node/3617968695",
        "addr:city": "أدرار",
        "amenity": "hospital",
        "healthcare": "hospital",
        "name": "مصلحة الوقاية والطب الوقائي",
        "name:ar": "مصلحة الوقاية والطب الوقائي",
        "name:fr": "SEMEP",
        "operator": "مصلحة الوقاية والطب الوقائي"
      },
      "geometry": {
        "type": "Point",
        "coordinates": [
          -0.2828519,
          27.8715251
        ]
      },
      "id": "node/3617968695"
    },
    {
      "type": "Feature",
      "properties": {
        "@id": "node/3620491669",
        "amenity": "hospital",
        "name": "قاعة علاج بني وازل",
        "name:ar": "قاعة علاج بني وازل ودة المنصور",
        "name:fr": "Salle de soins Beni-Ouazel",
        "operator": "E.P.S.P ADRAR"
      },
      "geometry": {
        "type": "Point",
        "coordinates": [
          -0.4253002,
          27.9634503
        ]
      },
      "id": "node/3620491669"
    },
    {
      "type": "Feature",
      "properties": {
        "@id": "node/3620502356",
        "amenity": "hospital",
        "name": "العيادة متعددة الخدمات بودة المنصور",
        "name:ar": "العيادة متعددة الخدمات بودة المنصور",
        "name:fr": "Polyclinique Bouda El-Mansour",
        "operator": "E.P.S.P ADRAR"
      },
      "geometry": {
        "type": "Point",
        "coordinates": [
          -0.4246458,
          27.9554805
        ]
      },
      "id": "node/3620502356"
    },
    {
      "type": "Feature",
      "properties": {
        "@id": "node/3620548260",
        "amenity": "hospital",
        "healthcare": "hospital",
        "name": "قاعة علاج بودة بندراعو",
        "name:ar": "قاعة علاج بودة بندراعو",
        "name:fr": "Salle de soins Bouda Bendraaou"
      },
      "geometry": {
        "type": "Point",
        "coordinates": [
          -0.4264428,
          28.0092083
        ]
      },
      "id": "node/3620548260"
    },
    {
      "type": "Feature",
      "properties": {
        "@id": "node/3718665681",
        "addr:city": "Touahria",
        "addr:postcode": "27013",
        "addr:street": "CW42",
        "amenity": "hospital",
        "name": "Centre médical"
      },
      "geometry": {
        "type": "Point",
        "coordinates": [
          0.2098555,
          35.8094773
        ]
      },
      "id": "node/3718665681"
    },
    {
      "type": "Feature",
      "properties": {
        "@id": "node/3751964639",
        "amenity": "hospital",
        "healthcare": "hospital",
        "name": "Centre de soin Afir",
        "name:ar": "مركز رعاية أعفير"
      },
      "geometry": {
        "type": "Point",
        "coordinates": [
          4.1694615,
          36.8099058
        ]
      },
      "id": "node/3751964639"
    },
    {
      "type": "Feature",
      "properties": {
        "@id": "node/3769823532",
        "amenity": "hospital",
        "emergency": "no",
        "name": "centre de santé",
        "name:fr": "مركز صحي",
        "operator": "EPSP el hammadia"
      },
      "geometry": {
        "type": "Point",
        "coordinates": [
          1.3071566,
          36.1557927
        ]
      },
      "id": "node/3769823532"
    },
    {
      "type": "Feature",
      "properties": {
        "@id": "node/3786889385",
        "amenity": "hospital",
        "name": "مصحة بلعرج",
        "name:ar": "مصحة بلعرج",
        "name:en": "Polyclinique Belaaredj",
        "name:fr": "Polyclinique Belaaredj"
      },
      "geometry": {
        "type": "Point",
        "coordinates": [
          3.0649299,
          36.7427042
        ]
      },
      "id": "node/3786889385"
    },
    {
      "type": "Feature",
      "properties": {
        "@id": "node/3788638318",
        "amenity": "hospital"
      },
      "geometry": {
        "type": "Point",
        "coordinates": [
          0.1878288,
          35.7798071
        ]
      },
      "id": "node/3788638318"
    },
    {
      "type": "Feature",
      "properties": {
        "@id": "node/3791136159",
        "alt_name": "EPSP Adrar",
        "amenity": "hospital",
        "name": "Polyclinique Tlilène",
        "name:ar": "عيادة متعددة الخدمات تيليلان",
        "name:fr": "Polyclinique Tlilène",
        "opening_hours": "24/7"
      },
      "geometry": {
        "type": "Point",
        "coordinates": [
          -0.2636164,
          27.8834696
        ]
      },
      "id": "node/3791136159"
    },
    {
      "type": "Feature",
      "properties": {
        "@id": "node/3792535999",
        "amenity": "hospital"
      },
      "geometry": {
        "type": "Point",
        "coordinates": [
          3.2167671,
          36.728821
        ]
      },
      "id": "node/3792535999"
    },
    {
      "type": "Feature",
      "properties": {
        "@id": "node/3884431472",
        "amenity": "hospital",
        "healthcare": "hospital",
        "name": "Hôpital militaire"
      },
      "geometry": {
        "type": "Point",
        "coordinates": [
          5.3320804,
          31.955207
        ]
      },
      "id": "node/3884431472"
    },
    {
      "type": "Feature",
      "properties": {
        "@id": "node/3884750015",
        "amenity": "hospital",
        "healthcare": "hospital",
        "name": "Les Glycines"
      },
      "geometry": {
        "type": "Point",
        "coordinates": [
          3.0417245,
          36.7572824
        ]
      },
      "id": "node/3884750015"
    },
    {
      "type": "Feature",
      "properties": {
        "@id": "node/3899915428",
        "amenity": "hospital",
        "healthcare": "hospital",
        "name": "Centre hospitalier universitaire Hassan II",
        "wheelchair": "yes"
      },
      "geometry": {
        "type": "Point",
        "coordinates": [
          -4.9637961,
          34.0036766
        ]
      },
      "id": "node/3899915428"
    },
    {
      "type": "Feature",
      "properties": {
        "@id": "node/3927503519",
        "amenity": "hospital",
        "name": "Centre d'Imagerie",
        "name:ar": "مصتوصف"
      },
      "geometry": {
        "type": "Point",
        "coordinates": [
          6.2696414,
          36.4426101
        ]
      },
      "id": "node/3927503519"
    },
    {
      "type": "Feature",
      "properties": {
        "@id": "node/4012432324",
        "amenity": "hospital",
        "name": "dr kermali"
      },
      "geometry": {
        "type": "Point",
        "coordinates": [
          5.4027943,
          36.1782792
        ]
      },
      "id": "node/4012432324"
    },
    {
      "type": "Feature",
      "properties": {
        "@id": "node/4036926224",
        "amenity": "hospital",
        "name": "Dispensaire"
      },
      "geometry": {
        "type": "Point",
        "coordinates": [
          1.1238958,
          36.0718909
        ]
      },
      "id": "node/4036926224"
    },
    {
      "type": "Feature",
      "properties": {
        "@id": "node/4036926239",
        "amenity": "hospital",
        "name": "Hôpital de SOBHA"
      },
      "geometry": {
        "type": "Point",
        "coordinates": [
          1.105041,
          36.105313
        ]
      },
      "id": "node/4036926239"
    },
    {
      "type": "Feature",
      "properties": {
        "@id": "node/4057991325",
        "amenity": "hospital",
        "healthcare": "hospital",
        "name": "Hôpital Sidi Othmane"
      },
      "geometry": {
        "type": "Point",
        "coordinates": [
          -7.5733008,
          33.5585424
        ]
      },
      "id": "node/4057991325"
    },
    {
      "type": "Feature",
      "properties": {
        "@id": "node/4060368134",
        "addr:city": "Ain Oulmane",
        "addr:country": "DZ",
        "addr:postcode": "19200",
        "amenity": "hospital",
        "fixme": "Nom officiel manquant",
        "name": "EPSP"
      },
      "geometry": {
        "type": "Point",
        "coordinates": [
          5.2931623,
          35.9167115
        ]
      },
      "id": "node/4060368134"
    },
    {
      "type": "Feature",
      "properties": {
        "@id": "node/4100734205",
        "addr:city": "Beni Ensar",
        "addr:city:ar": "بني انصار",
        "addr:city:es": "Beni Enzar",
        "addr:city:fr": "Beni Ensar",
        "amenity": "hospital",
        "healthcare": "hospital",
        "name": "Premiers secours",
        "name:ar": "إسعاف أولي",
        "name:de": "Erste Hilfe",
        "name:es": "Primeros Auxilios",
        "name:fr": "Premiers secours",
        "name:nl": "E.H.B.O"
      },
      "geometry": {
        "type": "Point",
        "coordinates": [
          -2.9275725,
          35.2684815
        ]
      },
      "id": "node/4100734205"
    },
    {
      "type": "Feature",
      "properties": {
        "@id": "node/4101850997",
        "amenity": "hospital",
        "healthcare": "hospital",
        "name": "AMG",
        "name:fr": "AMG"
      },
      "geometry": {
        "type": "Point",
        "coordinates": [
          6.6086063,
          36.8770365
        ]
      },
      "id": "node/4101850997"
    },
    {
      "type": "Feature",
      "properties": {
        "@id": "node/4106648790",
        "addr:housenumber": "17200",
        "addr:street": "Cité Slimani Slimane (52)",
        "amenity": "hospital",
        "emergency": "yes",
        "name": "Dispensaire Slimani slimane",
        "name:ar": "مستوصف سليماني سليمان",
        "name:fr": "Dispensaire Slimani slimane"
      },
      "geometry": {
        "type": "Point",
        "coordinates": [
          2.894077,
          35.4492373
        ]
      },
      "id": "node/4106648790"
    },
    {
      "type": "Feature",
      "properties": {
        "@id": "node/4143356492",
        "amenity": "hospital",
        "name": "Hôpital Chelghoum Laïd"
      },
      "geometry": {
        "type": "Point",
        "coordinates": [
          6.1610625,
          36.1701847
        ]
      },
      "id": "node/4143356492"
    },
    {
      "type": "Feature",
      "properties": {
        "@id": "node/4143356495",
        "amenity": "hospital",
        "name": "Polyclinique"
      },
      "geometry": {
        "type": "Point",
        "coordinates": [
          6.1729266,
          36.1635614
        ]
      },
      "id": "node/4143356495"
    },
    {
      "type": "Feature",
      "properties": {
        "@id": "node/4148695492",
        "amenity": "hospital",
        "name": "Hôpital"
      },
      "geometry": {
        "type": "Point",
        "coordinates": [
          6.166417,
          36.1639184
        ]
      },
      "id": "node/4148695492"
    },
    {
      "type": "Feature",
      "properties": {
        "@id": "node/4151870597",
        "addr:city": "الوادي",
        "addr:city:ar": "الوادي",
        "addr:place": "حي الأمير عبد القادر",
        "addr:place:ar": "حي الأمير عبد القادر",
        "addr:street": "شارع الأمير عبد القادر",
        "addr:street:ar": "شارع الأمير عبد القادر",
        "amenity": "hospital",
        "healthcare": "hospital",
        "name": "الأمومة المركزية الوادي",
        "name:ar": "الأمومة المركزية الوادي",
        "name:fr": "Maternité d'El Oued"
      },
      "geometry": {
        "type": "Point",
        "coordinates": [
          6.8453794,
          33.361762
        ]
      },
      "id": "node/4151870597"
    },
    {
      "type": "Feature",
      "properties": {
        "@id": "node/4169315195",
        "amenity": "hospital",
        "name": "Centre De Soins",
        "opening_hours": "Mo-Su 08:00-22:00"
      },
      "geometry": {
        "type": "Point",
        "coordinates": [
          6.1727862,
          35.5340152
        ]
      },
      "id": "node/4169315195"
    },
    {
      "type": "Feature",
      "properties": {
        "@id": "node/4169433293",
        "amenity": "hospital",
        "name": "urgence chirurgicale"
      },
      "geometry": {
        "type": "Point",
        "coordinates": [
          2.9819331,
          36.7790216
        ]
      },
      "id": "node/4169433293"
    },
    {
      "type": "Feature",
      "properties": {
        "@id": "node/4170340791",
        "amenity": "hospital",
        "name": "Urgences pédiatrique et chirurgie pediatrique"
      },
      "geometry": {
        "type": "Point",
        "coordinates": [
          3.1473409,
          36.7218361
        ]
      },
      "id": "node/4170340791"
    },
    {
      "type": "Feature",
      "properties": {
        "@id": "node/4197345590",
        "amenity": "hospital",
        "name": "consultation d'hématologie"
      },
      "geometry": {
        "type": "Point",
        "coordinates": [
          2.983977,
          36.7798892
        ]
      },
      "id": "node/4197345590"
    },
    {
      "type": "Feature",
      "properties": {
        "@id": "node/4197361089",
        "amenity": "hospital",
        "name": "urgence pédiatriques"
      },
      "geometry": {
        "type": "Point",
        "coordinates": [
          2.9833405,
          36.7803676
        ]
      },
      "id": "node/4197361089"
    },
    {
      "type": "Feature",
      "properties": {
        "@id": "node/4202804189",
        "amenity": "hospital",
        "name": "Epsp"
      },
      "geometry": {
        "type": "Point",
        "coordinates": [
          5.1498455,
          23.6908931
        ]
      },
      "id": "node/4202804189"
    },
    {
      "type": "Feature",
      "properties": {
        "@id": "node/4207690496",
        "amenity": "hospital"
      },
      "geometry": {
        "type": "Point",
        "coordinates": [
          4.6233375,
          36.0665638
        ]
      },
      "id": "node/4207690496"
    },
    {
      "type": "Feature",
      "properties": {
        "@id": "node/4208929127",
        "amenity": "hospital",
        "healthcare": "hospital",
        "name": "Hôpital Ziroud Yousef",
        "name:ar": "مستشفى زيرود يوسف"
      },
      "geometry": {
        "type": "Point",
        "coordinates": [
          3.0260964,
          36.7864739
        ]
      },
      "id": "node/4208929127"
    },
    {
      "type": "Feature",
      "properties": {
        "@id": "node/4209701501",
        "amenity": "hospital",
        "name": "الطب المدرسي",
        "name:ar": "الطب المدرسي",
        "name:fr": "Médecine scolaire"
      },
      "geometry": {
        "type": "Point",
        "coordinates": [
          4.6268336,
          36.063401
        ]
      },
      "id": "node/4209701501"
    },
    {
      "type": "Feature",
      "properties": {
        "@id": "node/4210780909",
        "amenity": "hospital",
        "name": "Hôpital",
        "name:ar": "مستشفى عين مران"
      },
      "geometry": {
        "type": "Point",
        "coordinates": [
          0.9660759,
          36.1597631
        ]
      },
      "id": "node/4210780909"
    },
    {
      "type": "Feature",
      "properties": {
        "@id": "node/4210789304",
        "amenity": "hospital",
        "name:ar": "مستشفى",
        "name:fr": "Hôpital"
      },
      "geometry": {
        "type": "Point",
        "coordinates": [
          0.9656134,
          36.162116
        ]
      },
      "id": "node/4210789304"
    },
    {
      "type": "Feature",
      "properties": {
        "@id": "node/4218102291",
        "amenity": "hospital",
        "name": "Polyclinique Douera",
        "opening_hours": "24/7"
      },
      "geometry": {
        "type": "Point",
        "coordinates": [
          2.9395758,
          36.6685826
        ]
      },
      "id": "node/4218102291"
    },
    {
      "type": "Feature",
      "properties": {
        "@id": "node/4230313822",
        "addr:city": "Béni Mellal",
        "addr:postcode": "23000",
        "addr:street": "Avenue Mohammed V, 1 ère étage",
        "amenity": "hospital",
        "healthcare": "hospital",
        "name": "Laboratoire Central D'Analyses Médicales du Tadla",
        "phone": "+212 5 23 48 64 48"
      },
      "geometry": {
        "type": "Point",
        "coordinates": [
          -6.3602737,
          32.3336887
        ]
      },
      "id": "node/4230313822"
    },
    {
      "type": "Feature",
      "properties": {
        "@id": "node/4242560232",
        "amenity": "hospital",
        "name": "Hospital Valme"
      },
      "geometry": {
        "type": "Point",
        "coordinates": [
          -5.9711913,
          37.318874
        ]
      },
      "id": "node/4242560232"
    },
    {
      "type": "Feature",
      "properties": {
        "@id": "node/4242662591",
        "amenity": "hospital",
        "name": "EPH Belhi Abdelhamid",
        "name:ar": "مستشفى بلحي عبد الحميد",
        "opening_hours": "24/7"
      },
      "geometry": {
        "type": "Point",
        "coordinates": [
          5.9801869,
          36.1199102
        ]
      },
      "id": "node/4242662591"
    },
    {
      "type": "Feature",
      "properties": {
        "@id": "node/4246756954",
        "amenity": "hospital",
        "name": "Hôpital de rouiba les urgence"
      },
      "geometry": {
        "type": "Point",
        "coordinates": [
          3.2867442,
          36.7354771
        ]
      },
      "id": "node/4246756954"
    },
    {
      "type": "Feature",
      "properties": {
        "@id": "node/4246766519",
        "amenity": "hospital",
        "name": "Hôpital de rouiba"
      },
      "geometry": {
        "type": "Point",
        "coordinates": [
          3.2857356,
          36.7355846
        ]
      },
      "id": "node/4246766519"
    },
    {
      "type": "Feature",
      "properties": {
        "@id": "node/4246766520",
        "amenity": "hospital",
        "healthcare": "hospital",
        "name": "Clinique d'accouchement"
      },
      "geometry": {
        "type": "Point",
        "coordinates": [
          3.2844081,
          36.7412678
        ]
      },
      "id": "node/4246766520"
    },
    {
      "type": "Feature",
      "properties": {
        "@id": "node/4253359904",
        "addr:city": "السوارخ",
        "addr:city:ar": "السوارخ",
        "addr:place": "أم الطبول",
        "addr:place:ar": "أم الطبول",
        "amenity": "hospital",
        "healthcare": "hospital",
        "name": "مركز أم الطبول الصحي",
        "name:ar": "مركز أم الطبول الصحي",
        "name:fr": "Centre de santé Oum Theboul"
      },
      "geometry": {
        "type": "Point",
        "coordinates": [
          8.5647338,
          36.8814704
        ]
      },
      "id": "node/4253359904"
    },
    {
      "type": "Feature",
      "properties": {
        "@id": "node/4254783516",
        "amenity": "hospital",
        "name": "Hôpital"
      },
      "geometry": {
        "type": "Point",
        "coordinates": [
          4.3885898,
          36.3853436
        ]
      },
      "id": "node/4254783516"
    },
    {
      "type": "Feature",
      "properties": {
        "@id": "node/4257997689",
        "amenity": "hospital",
        "name": "مستشفى الأمومة والتوليد",
        "name:ar": "مستشفى الأمومة والتوليد",
        "name:en": "Maternity Hospital",
        "name:fr": "Hôpital de maternité et d'obstétrique"
      },
      "geometry": {
        "type": "Point",
        "coordinates": [
          7.3942211,
          35.7951245
        ]
      },
      "id": "node/4257997689"
    },
    {
      "type": "Feature",
      "properties": {
        "@id": "node/4267284873",
        "amenity": "hospital",
        "name": "Hamadou Hocine"
      },
      "geometry": {
        "type": "Point",
        "coordinates": [
          0.4099403,
          36.0966948
        ]
      },
      "id": "node/4267284873"
    },
    {
      "type": "Feature",
      "properties": {
        "@id": "node/4267415893",
        "addr:city": "الحجيرة",
        "addr:city:ar": "الحجيرة",
        "amenity": "hospital",
        "healthcare": "hospital"
      },
      "geometry": {
        "type": "Point",
        "coordinates": [
          5.5123105,
          32.6171797
        ]
      },
      "id": "node/4267415893"
    },
    {
      "type": "Feature",
      "properties": {
        "@id": "node/4267416089",
        "addr:city": "سيق",
        "amenity": "hospital",
        "healthcare": "hospital"
      },
      "geometry": {
        "type": "Point",
        "coordinates": [
          -0.1881833,
          35.5305111
        ]
      },
      "id": "node/4267416089"
    },
    {
      "type": "Feature",
      "properties": {
        "@id": "node/4290861092",
        "amenity": "hospital",
        "healthcare": "hospital",
        "name": "المستشفى القديم",
        "name:ar": "مشفى المناوبة الليلية",
        "name:en": "The Old Hospital"
      },
      "geometry": {
        "type": "Point",
        "coordinates": [
          7.3907151,
          35.7916998
        ]
      },
      "id": "node/4290861092"
    },
    {
      "type": "Feature",
      "properties": {
        "@id": "node/4290897896",
        "amenity": "hospital",
        "name": "مستشفى الأمومة والتوليد",
        "name:ar": "مستشفى الأمومة والتوليد",
        "name:fr": "Hôpital de maternité et d'obstétrique"
      },
      "geometry": {
        "type": "Point",
        "coordinates": [
          7.3941655,
          35.7950066
        ]
      },
      "id": "node/4290897896"
    },
    {
      "type": "Feature",
      "properties": {
        "@id": "node/4294149589",
        "addr:street": "وسط المدينة ان غار",
        "amenity": "hospital",
        "name": "مستشفى عين غار",
        "name:ar": "العيادة المتعددة الخدمات ان غار",
        "name:fr": "Hôpital In Ghar",
        "opening_hours": "24/7"
      },
      "geometry": {
        "type": "Point",
        "coordinates": [
          1.9098409,
          27.1071156
        ]
      },
      "id": "node/4294149589"
    },
    {
      "type": "Feature",
      "properties": {
        "@id": "node/4299261122",
        "addr:city": "البيض",
        "addr:place": "حي الصندوق الوطني للتوفير والاحتياط",
        "addr:postcode": "32000",
        "amenity": "hospital",
        "healthcare": "hospital",
        "name": "عيادة الصندوق الوطني للتوفير والاحتياط",
        "name:ar": "عيادة الصندوق الوطني للتوفير والاحتياط",
        "name:fr": "Clinique CNEP"
      },
      "geometry": {
        "type": "Point",
        "coordinates": [
          1.025027,
          33.6741295
        ]
      },
      "id": "node/4299261122"
    },
    {
      "type": "Feature",
      "properties": {
        "@id": "node/4311948959",
        "addr:city": "حاسي مسعود",
        "addr:city:ar": "حاسي مسعود",
        "addr:postcode": "30500",
        "amenity": "hospital",
        "healthcare": "hospital",
        "name": "مستشفى حاسي مسعود",
        "name:ar": "مستشفى حاسي مسعود",
        "name:fr": "Hôpital Hassi Messaoud"
      },
      "geometry": {
        "type": "Point",
        "coordinates": [
          6.064484,
          31.6904039
        ]
      },
      "id": "node/4311948959"
    },
    {
      "type": "Feature",
      "properties": {
        "@id": "node/4312139889",
        "amenity": "hospital",
        "name": "médecine du travail"
      },
      "geometry": {
        "type": "Point",
        "coordinates": [
          5.4042201,
          36.1809403
        ]
      },
      "id": "node/4312139889"
    },
    {
      "type": "Feature",
      "properties": {
        "@id": "node/4312460703",
        "amenity": "hospital",
        "fixme": "Merci de préciser le nom exact.",
        "name:ar": "الاستعجالات",
        "name:fr": "Urgences"
      },
      "geometry": {
        "type": "Point",
        "coordinates": [
          3.0223454,
          35.0876736
        ]
      },
      "id": "node/4312460703"
    },
    {
      "type": "Feature",
      "properties": {
        "@id": "node/4312460704",
        "amenity": "hospital",
        "name": "عيادة تصفية الدم",
        "name:ar": "عيادة تصفية الدم",
        "name:en": "Clinique Hémodialyse",
        "name:fr": "Clinique Hémodialyse"
      },
      "geometry": {
        "type": "Point",
        "coordinates": [
          3.0221684,
          35.0881608
        ]
      },
      "id": "node/4312460704"
    },
    {
      "type": "Feature",
      "properties": {
        "@id": "node/4314201090",
        "amenity": "hospital",
        "healthcare": "hospital"
      },
      "geometry": {
        "type": "Point",
        "coordinates": [
          3.0958139,
          36.5371568
        ]
      },
      "id": "node/4314201090"
    },
    {
      "type": "Feature",
      "properties": {
        "@id": "node/4316966296",
        "amenity": "hospital",
        "name": "polyclinique Souk El Tenine",
        "name:en": "Polyclinique"
      },
      "geometry": {
        "type": "Point",
        "coordinates": [
          5.3360406,
          36.6263104
        ]
      },
      "id": "node/4316966296"
    },
    {
      "type": "Feature",
      "properties": {
        "@id": "node/4317215415",
        "amenity": "hospital",
        "healthcare": "hospital",
        "name": "dispensaire"
      },
      "geometry": {
        "type": "Point",
        "coordinates": [
          -5.2900705,
          31.3541325
        ]
      },
      "id": "node/4317215415"
    },
    {
      "type": "Feature",
      "properties": {
        "@id": "node/4323246391",
        "addr:postcode": "43016",
        "amenity": "hospital",
        "name": "Hôpital",
        "name:ar": "بوفلغط رمضان",
        "opening_hours": "Sa-Th 08:00-16:30"
      },
      "geometry": {
        "type": "Point",
        "coordinates": [
          6.3261281,
          36.3980428
        ]
      },
      "id": "node/4323246391"
    },
    {
      "type": "Feature",
      "properties": {
        "@id": "node/4326895847",
        "addr:city": "برج باجي مختار",
        "addr:street": "طريق الساورة",
        "amenity": "hospital",
        "healthcare": "hospital",
        "name": "المؤسسة العمومية للصحة الجوارية",
        "name:ar": "المؤسسة العمومية للصحة الجوارية",
        "name:fr": "EPSP BBM",
        "opening_hours": "24/7"
      },
      "geometry": {
        "type": "Point",
        "coordinates": [
          0.9607002,
          21.3310251
        ]
      },
      "id": "node/4326895847"
    },
    {
      "type": "Feature",
      "properties": {
        "@id": "node/4327376790",
        "amenity": "hospital",
        "healthcare": "hospital"
      },
      "geometry": {
        "type": "Point",
        "coordinates": [
          2.4901938,
          35.2577878
        ]
      },
      "id": "node/4327376790"
    },
    {
      "type": "Feature",
      "properties": {
        "@id": "node/4333710492",
        "addr:city": "تاجموت",
        "addr:city:ar": "تاجموت",
        "amenity": "hospital",
        "healthcare": "hospital",
        "name": "مستشفى تاجموت",
        "name:ar": "مستشفى تاجموت"
      },
      "geometry": {
        "type": "Point",
        "coordinates": [
          2.5265751,
          33.8806483
        ]
      },
      "id": "node/4333710492"
    },
    {
      "type": "Feature",
      "properties": {
        "@id": "node/4345161389",
        "amenity": "hospital",
        "healthcare": "hospital",
        "name": "عيادة نعوم مريق",
        "name:ar": "عيادة نعوم مريق"
      },
      "geometry": {
        "type": "Point",
        "coordinates": [
          3.138855,
          33.7890491
        ]
      },
      "id": "node/4345161389"
    },
    {
      "type": "Feature",
      "properties": {
        "@id": "node/4349595889",
        "amenity": "hospital",
        "name": "Hopital Selmane"
      },
      "geometry": {
        "type": "Point",
        "coordinates": [
          4.7699016,
          35.6907907
        ]
      },
      "id": "node/4349595889"
    },
    {
      "type": "Feature",
      "properties": {
        "@id": "node/4358196592",
        "addr:postcode": "28005",
        "amenity": "hospital",
        "name": "EPH",
        "name:ar": "المؤسسة الاستشفائية للصحة الجوارية",
        "opening_hours": "24/7"
      },
      "geometry": {
        "type": "Point",
        "coordinates": [
          4.3783081,
          35.9182332
        ]
      },
      "id": "node/4358196592"
    },
    {
      "type": "Feature",
      "properties": {
        "@id": "node/4361681691",
        "amenity": "hospital",
        "name": "المؤسسة العمومية الاستشفائية هواري بومدين",
        "name:ar": "المؤسسة العمومية الاستشفائية هواري بومدين"
      },
      "geometry": {
        "type": "Point",
        "coordinates": [
          7.533409,
          36.131672
        ]
      },
      "id": "node/4361681691"
    },
    {
      "type": "Feature",
      "properties": {
        "@id": "node/4361734090",
        "amenity": "hospital",
        "healthcare": "hospital",
        "name": "الترويض الطبي",
        "name:ar": "الترويض الطبي"
      },
      "geometry": {
        "type": "Point",
        "coordinates": [
          -8.0572744,
          31.6318134
        ]
      },
      "id": "node/4361734090"
    },
    {
      "type": "Feature",
      "properties": {
        "@id": "node/4362065292",
        "amenity": "hospital",
        "healthcare": "hospital",
        "name": "المستشفى القديم",
        "name:ar": "المستشفى القديم"
      },
      "geometry": {
        "type": "Point",
        "coordinates": [
          7.5301868,
          36.1324083
        ]
      },
      "id": "node/4362065292"
    },
    {
      "type": "Feature",
      "properties": {
        "@id": "node/4367896223",
        "amenity": "hospital"
      },
      "geometry": {
        "type": "Point",
        "coordinates": [
          4.2797777,
          35.2219978
        ]
      },
      "id": "node/4367896223"
    },
    {
      "type": "Feature",
      "properties": {
        "@id": "node/4368955096",
        "amenity": "hospital",
        "name": "policlinique Diar Zarga",
        "name:fr": "policlinique Diar Zarga"
      },
      "geometry": {
        "type": "Point",
        "coordinates": [
          7.9713974,
          36.2871513
        ]
      },
      "id": "node/4368955096"
    },
    {
      "type": "Feature",
      "properties": {
        "@id": "node/4381268895",
        "amenity": "hospital",
        "healthcare": "hospital",
        "name": "قاعة العلاج . حاسي الفحل",
        "name:ar": "قاعة العلاج . حاسي الفحل",
        "name:fr": "Centre de santé"
      },
      "geometry": {
        "type": "Point",
        "coordinates": [
          3.6773444,
          31.6052913
        ]
      },
      "id": "node/4381268895"
    },
    {
      "type": "Feature",
      "properties": {
        "@id": "node/4413691091",
        "amenity": "hospital",
        "name": "المركز الصحي الجواري 5 جويلية",
        "name:ar": "المركز الصحي الجواري 5 جويلية",
        "name:fr": "EPSP"
      },
      "geometry": {
        "type": "Point",
        "coordinates": [
          4.7444714,
          36.0723275
        ]
      },
      "id": "node/4413691091"
    },
    {
      "type": "Feature",
      "properties": {
        "@id": "node/4416216189",
        "amenity": "hospital",
        "name": "عيادة محند امقران",
        "name:ar": "عيادة محند امقران",
        "name:fr": "EHS Dr. MAOUCHE MOHAND AMOKRANE",
        "opening_hours": "24/7"
      },
      "geometry": {
        "type": "Point",
        "coordinates": [
          3.0016562,
          36.7677862
        ]
      },
      "id": "node/4416216189"
    },
    {
      "type": "Feature",
      "properties": {
        "@id": "node/4421589589",
        "amenity": "hospital",
        "healthcare": "hospital",
        "name": "ق ع حي الاستقلال",
        "name:ar": "ق ع حي الاستقلال",
        "name:fr": "salle de soins istiklal"
      },
      "geometry": {
        "type": "Point",
        "coordinates": [
          6.7888869,
          33.4742773
        ]
      },
      "id": "node/4421589589"
    },
    {
      "type": "Feature",
      "properties": {
        "@id": "node/4424843791",
        "amenity": "hospital",
        "name": "clinque lambarkia",
        "name:fr": "clinque lambarkia"
      },
      "geometry": {
        "type": "Point",
        "coordinates": [
          6.1873641,
          35.5443817
        ]
      },
      "id": "node/4424843791"
    },
    {
      "type": "Feature",
      "properties": {
        "@id": "node/4425268489",
        "amenity": "hospital",
        "name": "العيادة المتعددة الخدمات رزيق يونس",
        "name:ar": "العيادة المتعددة الخدمات رزيق يونس"
      },
      "geometry": {
        "type": "Point",
        "coordinates": [
          5.741392,
          34.8588164
        ]
      },
      "id": "node/4425268489"
    },
    {
      "type": "Feature",
      "properties": {
        "@id": "node/4425385889",
        "amenity": "hospital"
      },
      "geometry": {
        "type": "Point",
        "coordinates": [
          5.9062927,
          34.755192
        ]
      },
      "id": "node/4425385889"
    },
    {
      "type": "Feature",
      "properties": {
        "@id": "node/4434172190",
        "amenity": "hospital",
        "name": "مركز علاج",
        "name:ar": "مركز علاج",
        "name:fr": "Centre de santé"
      },
      "geometry": {
        "type": "Point",
        "coordinates": [
          -0.6738468,
          35.636284
        ]
      },
      "id": "node/4434172190"
    },
    {
      "type": "Feature",
      "properties": {
        "@id": "node/4436913190",
        "amenity": "hospital",
        "healthcare": "hospital",
        "name": "عيادة رمزي صايم",
        "name:ar": "عيادة رمزي صايم",
        "name:fr": "Clinique Saim Remzi"
      },
      "geometry": {
        "type": "Point",
        "coordinates": [
          7.4010268,
          35.7907903
        ]
      },
      "id": "node/4436913190"
    },
    {
      "type": "Feature",
      "properties": {
        "@id": "node/4438961191",
        "addr:city": "حجاج",
        "addr:city:ar": "حجاج",
        "amenity": "hospital",
        "healthcare": "hospital",
        "name": "المؤسسة الصحة العامة حجاج",
        "name:ar": "المؤسسة الصحة العامة حجاج",
        "name:fr": "Entreprise publique de la santé publique Hadjadj"
      },
      "geometry": {
        "type": "Point",
        "coordinates": [
          0.3250874,
          36.0958771
        ]
      },
      "id": "node/4438961191"
    },
    {
      "type": "Feature",
      "properties": {
        "@id": "node/4443787895",
        "amenity": "hospital",
        "healthcare": "hospital",
        "internet_access": "wlan",
        "name": "العقيد عثمان",
        "name:ar": "العقيد عثمان",
        "name:fr": "EPH Akid Othmane",
        "opening_hours": "24/7",
        "phone": "041447778"
      },
      "geometry": {
        "type": "Point",
        "coordinates": [
          -0.7586068,
          35.7408379
        ]
      },
      "id": "node/4443787895"
    },
    {
      "type": "Feature",
      "properties": {
        "@id": "node/4444752591",
        "addr:city": "تيارت",
        "addr:city:ar": "تيارت",
        "amenity": "hospital",
        "healthcare": "hospital",
        "name": "عيادة بلفرحات",
        "name:ar": "عيادة بلفرحات",
        "name:fr": "Clinique BELFARHAT"
      },
      "geometry": {
        "type": "Point",
        "coordinates": [
          1.3188051,
          35.3696771
        ]
      },
      "id": "node/4444752591"
    },
    {
      "type": "Feature",
      "properties": {
        "@id": "node/4452220122",
        "amenity": "hospital",
        "healthcare": "hospital",
        "name": "Hopital",
        "name:ar": "مستشفى",
        "name:fr": "Hopital"
      },
      "geometry": {
        "type": "Point",
        "coordinates": [
          2.1884059,
          36.6055809
        ]
      },
      "id": "node/4452220122"
    },
    {
      "type": "Feature",
      "properties": {
        "@id": "node/4455492595",
        "amenity": "hospital",
        "name": "مستوصف الجوش",
        "name:ar": "مستوصف الجوش",
        "name:en": "Al Jawsh Hospital"
      },
      "geometry": {
        "type": "Point",
        "coordinates": [
          11.6685354,
          31.9920195
        ]
      },
      "id": "node/4455492595"
    },
    {
      "type": "Feature",
      "properties": {
        "@id": "node/4457173612",
        "amenity": "hospital",
        "name": "Hôpital Neurologie cherchell"
      },
      "geometry": {
        "type": "Point",
        "coordinates": [
          2.1752232,
          36.5967601
        ]
      },
      "id": "node/4457173612"
    },
    {
      "type": "Feature",
      "properties": {
        "@id": "node/4457730290",
        "amenity": "hospital",
        "name": "العربي سلامي",
        "name:ar": "العربي سلامي",
        "name:fr": "Larbi Salami"
      },
      "geometry": {
        "type": "Point",
        "coordinates": [
          5.127404,
          36.2722259
        ]
      },
      "id": "node/4457730290"
    },
    {
      "type": "Feature",
      "properties": {
        "@id": "node/4459613891",
        "amenity": "hospital",
        "healthcare": "hospital",
        "name": "صيدلية بوجاهم",
        "name:ar": "صيدلية بوجاهم"
      },
      "geometry": {
        "type": "Point",
        "coordinates": [
          7.5298482,
          36.370418
        ]
      },
      "id": "node/4459613891"
    },
    {
      "type": "Feature",
      "properties": {
        "@id": "node/4470467851",
        "amenity": "hospital",
        "name": "Hôpital orthopédique"
      },
      "geometry": {
        "type": "Point",
        "coordinates": [
          4.7674742,
          36.6694469
        ]
      },
      "id": "node/4470467851"
    },
    {
      "type": "Feature",
      "properties": {
        "@id": "node/4477469493",
        "amenity": "hospital",
        "healthcare": "hospital",
        "name": "Salle De Soins",
        "name:ar": "غرفة العلاج"
      },
      "geometry": {
        "type": "Point",
        "coordinates": [
          3.7472039,
          32.8234426
        ]
      },
      "id": "node/4477469493"
    },
    {
      "type": "Feature",
      "properties": {
        "@id": "node/4477484992",
        "amenity": "hospital",
        "healthcare": "centre",
        "name": "Nouveau Centre de santé (non encore achevé)",
        "name:fr": "Nouveau Centre de santé (non encore achevé)"
      },
      "geometry": {
        "type": "Point",
        "coordinates": [
          4.0370245,
          36.257556
        ]
      },
      "id": "node/4477484992"
    },
    {
      "type": "Feature",
      "properties": {
        "@id": "node/4490692289",
        "amenity": "hospital",
        "name:ar": "تحاليل طبية",
        "name:fr": "Analyses médicales"
      },
      "geometry": {
        "type": "Point",
        "coordinates": [
          1.954616,
          36.2599684
        ]
      },
      "id": "node/4490692289"
    },
    {
      "type": "Feature",
      "properties": {
        "@id": "node/4498172790",
        "amenity": "hospital",
        "name": "مستوصف تالة تقانة",
        "name:ar": "مستوصف تالة تقانة",
        "name:fr": "Disponsair"
      },
      "geometry": {
        "type": "Point",
        "coordinates": [
          4.2969111,
          36.7978511
        ]
      },
      "id": "node/4498172790"
    },
    {
      "type": "Feature",
      "properties": {
        "@id": "node/4509535114",
        "addr:city": "خنشلة",
        "addr:city:ar": "خنشلة",
        "amenity": "hospital",
        "healthcare": "hospital"
      },
      "geometry": {
        "type": "Point",
        "coordinates": [
          7.1238579,
          35.4498428
        ]
      },
      "id": "node/4509535114"
    },
    {
      "type": "Feature",
      "properties": {
        "@id": "node/4510066291",
        "amenity": "hospital",
        "name": "العيادة المتعددة الخدمات",
        "name:ar": "العيادة المتعددة الخدمات"
      },
      "geometry": {
        "type": "Point",
        "coordinates": [
          5.5604412,
          35.4389021
        ]
      },
      "id": "node/4510066291"
    },
    {
      "type": "Feature",
      "properties": {
        "@id": "node/4510162129",
        "amenity": "hospital",
        "name": "Entree des Urgence"
      },
      "geometry": {
        "type": "Point",
        "coordinates": [
          7.1613808,
          36.3160468
        ]
      },
      "id": "node/4510162129"
    },
    {
      "type": "Feature",
      "properties": {
        "@id": "node/4511828192",
        "amenity": "hospital",
        "name": "Service de radiologie",
        "name:fr": "Service de radiologie"
      },
      "geometry": {
        "type": "Point",
        "coordinates": [
          6.626289,
          35.4832655
        ]
      },
      "id": "node/4511828192"
    },
    {
      "type": "Feature",
      "properties": {
        "@id": "node/4512622791",
        "amenity": "hospital",
        "name": "Hôpital de Bormadia",
        "name:fr": "Hôpital de Bormadia"
      },
      "geometry": {
        "type": "Point",
        "coordinates": [
          0.5743154,
          35.7062844
        ]
      },
      "id": "node/4512622791"
    },
    {
      "type": "Feature",
      "properties": {
        "@id": "node/4514207089",
        "addr:street": "Sonatrach ASL In Amenas",
        "amenity": "hospital",
        "healthcare": "hospital",
        "name": "C.R.M.T ASL",
        "operator:type": "public"
      },
      "geometry": {
        "type": "Point",
        "coordinates": [
          9.5738023,
          28.039151
        ]
      },
      "id": "node/4514207089"
    },
    {
      "type": "Feature",
      "properties": {
        "@id": "node/4515441798",
        "amenity": "hospital",
        "healthcare": "hospital",
        "name": "Polyclinique",
        "name:fr": "Polyclinique."
      },
      "geometry": {
        "type": "Point",
        "coordinates": [
          2.7521002,
          35.8863361
        ]
      },
      "id": "node/4515441798"
    },
    {
      "type": "Feature",
      "properties": {
        "@id": "node/4518524370",
        "amenity": "hospital",
        "healthcare": "hospital",
        "name": "المؤسسة العمومية للصحة الجوارية",
        "name:ar": "المؤسسة العمومية للصحة الجوارية",
        "name:fr": "EPSP"
      },
      "geometry": {
        "type": "Point",
        "coordinates": [
          4.4531814,
          34.183742
        ]
      },
      "id": "node/4518524370"
    },
    {
      "type": "Feature",
      "properties": {
        "@id": "node/4524273690",
        "addr:postcode": "2046",
        "amenity": "hospital",
        "healthcare": "hospital",
        "name": "حالة طوارئ",
        "name:ar": "حالة طوارئ",
        "name:en": "Emergency",
        "name:fr": "Urgences"
      },
      "geometry": {
        "type": "Point",
        "coordinates": [
          10.2895844,
          36.8667257
        ]
      },
      "id": "node/4524273690"
    },
    {
      "type": "Feature",
      "properties": {
        "@id": "node/4524682901",
        "addr:street": "Route kebili C206",
        "amenity": "hospital",
        "check_date": "2025-02-28",
        "name": "المستشفى المحلي لدوز",
        "name:ar": "المستشفى المحلي لدوز",
        "name:fr": "Hôpital de Douz",
        "phone": "+216 75 470 012"
      },
      "geometry": {
        "type": "Point",
        "coordinates": [
          9.0218993,
          33.4751136
        ]
      },
      "id": "node/4524682901"
    },
    {
      "type": "Feature",
      "properties": {
        "@id": "node/4527169390",
        "amenity": "hospital",
        "opening_hours": "24/7"
      },
      "geometry": {
        "type": "Point",
        "coordinates": [
          3.0088862,
          36.5786358
        ]
      },
      "id": "node/4527169390"
    },
    {
      "type": "Feature",
      "properties": {
        "@id": "node/4528433389",
        "amenity": "hospital",
        "name": "مركز صحي",
        "name:ar": "مركز صحي"
      },
      "geometry": {
        "type": "Point",
        "coordinates": [
          0.5766999,
          35.7538241
        ]
      },
      "id": "node/4528433389"
    },
    {
      "type": "Feature",
      "properties": {
        "@id": "node/4534923292",
        "amenity": "hospital",
        "name": "Polyclinique",
        "name:ar": "Polyclinique"
      },
      "geometry": {
        "type": "Point",
        "coordinates": [
          5.2147961,
          35.758489
        ]
      },
      "id": "node/4534923292"
    },
    {
      "type": "Feature",
      "properties": {
        "@id": "node/4537153090",
        "amenity": "hospital",
        "name": "Hopital Torki Noredine",
        "office": "government"
      },
      "geometry": {
        "type": "Point",
        "coordinates": [
          1.4719241,
          35.4164158
        ]
      },
      "id": "node/4537153090"
    },
    {
      "type": "Feature",
      "properties": {
        "@id": "node/4538618189",
        "amenity": "hospital",
        "healthcare": "hospital",
        "name": "Hôpital Djilali Bounâama",
        "name:ar": "جيلالي بونعامة",
        "name:fr": "Hôpital djilali bounâama"
      },
      "geometry": {
        "type": "Point",
        "coordinates": [
          2.9407469,
          36.6678856
        ]
      },
      "id": "node/4538618189"
    },
    {
      "type": "Feature",
      "properties": {
        "@id": "node/4542033085",
        "addr:city": "Fés",
        "addr:street": "47 LOT WAHDA NARJISSB",
        "amenity": "hospital",
        "emergency": "no",
        "healthcare": "hospital",
        "name": "Azzouzi صيدلية العزوزي",
        "name:ar": "صيدلية العزوزي",
        "name:fr": "Azzouzi",
        "operator": "AZZOUZI OMAR",
        "phone": "+212 5 35 96 04 28"
      },
      "geometry": {
        "type": "Point",
        "coordinates": [
          -7.6187673,
          32.9980669
        ]
      },
      "id": "node/4542033085"
    },
    {
      "type": "Feature",
      "properties": {
        "@id": "node/4549356194",
        "amenity": "hospital",
        "name": "Urgences",
        "name:fr": "Urgences"
      },
      "geometry": {
        "type": "Point",
        "coordinates": [
          0.5509565,
          35.7330666
        ]
      },
      "id": "node/4549356194"
    },
    {
      "type": "Feature",
      "properties": {
        "@id": "node/4551038489",
        "addr:city": "بني عباس",
        "addr:street": "طريق بني عباس",
        "amenity": "hospital",
        "healthcare": "hospital",
        "name": "مستوصف",
        "name:ar": "مستوصف",
        "name:fr": "Clinique"
      },
      "geometry": {
        "type": "Point",
        "coordinates": [
          -2.1684335,
          30.1282269
        ]
      },
      "id": "node/4551038489"
    },
    {
      "type": "Feature",
      "properties": {
        "@id": "node/4564108991",
        "amenity": "hospital",
        "name": "Grande porte de l'hôpital sebiane",
        "name:fr": "Grande porte de l'hôpital sebiane"
      },
      "geometry": {
        "type": "Point",
        "coordinates": [
          -0.6423197,
          35.6950799
        ]
      },
      "id": "node/4564108991"
    },
    {
      "type": "Feature",
      "properties": {
        "@id": "node/4565427693",
        "amenity": "hospital",
        "healthcare": "hospital"
      },
      "geometry": {
        "type": "Point",
        "coordinates": [
          7.2934883,
          36.8584766
        ]
      },
      "id": "node/4565427693"
    },
    {
      "type": "Feature",
      "properties": {
        "@id": "node/4566011405",
        "amenity": "hospital",
        "healthcare": "hospital",
        "name": "PSP Kerkera",
        "name:ar": "العيادة المتعددة الخدمات كركرة",
        "name:fr": "PSP Kerkera"
      },
      "geometry": {
        "type": "Point",
        "coordinates": [
          6.5889453,
          36.9296473
        ]
      },
      "id": "node/4566011405"
    },
    {
      "type": "Feature",
      "properties": {
        "@id": "node/4567426870",
        "amenity": "hospital",
        "healthcare": "psychotherapist",
        "name": "Clinica El Seranil-Hospital de Salud Mental"
      },
      "geometry": {
        "type": "Point",
        "coordinates": [
          -4.1990574,
          36.7157623
        ]
      },
      "id": "node/4567426870"
    },
    {
      "type": "Feature",
      "properties": {
        "@id": "node/4570347191",
        "addr:city": "ولهاصة",
        "amenity": "hospital",
        "healthcare": "hospital",
        "name": "Centre de santé Souk El Tenine",
        "name:ar": "سوق الإثنين",
        "name:en": "Suq al-Ithnain",
        "name:fr": "Centre de santé Souk el tenine"
      },
      "geometry": {
        "type": "Point",
        "coordinates": [
          -1.5057249,
          35.2272191
        ]
      },
      "id": "node/4570347191"
    },
    {
      "type": "Feature",
      "properties": {
        "@id": "node/4573210106",
        "addr:housenumber": "36404214",
        "addr:postcode": "19031",
        "amenity": "hospital",
        "internet_access": "wlan",
        "name": "عيادة متعددة الخدمات أيث شبانة",
        "name:ar": "عيادة متعددة الخدمات بني شبانة",
        "name:fr": "Polyclinique Ait Chebana",
        "phone": "0364404217"
      },
      "geometry": {
        "type": "Point",
        "coordinates": [
          4.8672682,
          36.4689527
        ]
      },
      "id": "node/4573210106"
    },
    {
      "type": "Feature",
      "properties": {
        "@id": "node/4574632890",
        "amenity": "hospital"
      },
      "geometry": {
        "type": "Point",
        "coordinates": [
          1.2367499,
          35.2565245
        ]
      },
      "id": "node/4574632890"
    },
    {
      "type": "Feature",
      "properties": {
        "@id": "node/4575735295",
        "addr:postcode": "23000",
        "amenity": "hospital",
        "healthcare": "hospital",
        "name": "مستشفى ابن رشد",
        "name:ar": "مستشفى ابن رشد",
        "name:en": "Ibn Rochd Hospital",
        "name:fr": "Hôpital Ibn Rochd"
      },
      "geometry": {
        "type": "Point",
        "coordinates": [
          7.746547,
          36.9107362
        ]
      },
      "id": "node/4575735295"
    },
    {
      "type": "Feature",
      "properties": {
        "@id": "node/4577311790",
        "addr:city": "Hraoua",
        "amenity": "hospital",
        "healthcare": "vaccination_centre",
        "healthcare:speciality": "vaccination;covid19",
        "name": "Polyclinique de Hraoua",
        "name:ar": "مستوصف هراوة",
        "name:fr": "Polyclinique de Hraoua",
        "vaccination": "covid19"
      },
      "geometry": {
        "type": "Point",
        "coordinates": [
          3.3042981,
          36.774987
        ]
      },
      "id": "node/4577311790"
    },
    {
      "type": "Feature",
      "properties": {
        "@id": "node/4581255978",
        "amenity": "hospital",
        "name": "نادية بوجناح",
        "name:ar": "نادية بوجناح",
        "name:fr": "Nadia boujnah"
      },
      "geometry": {
        "type": "Point",
        "coordinates": [
          3.0202952,
          36.7880307
        ]
      },
      "id": "node/4581255978"
    },
    {
      "type": "Feature",
      "properties": {
        "@id": "node/4589465399",
        "amenity": "hospital",
        "name": "بوصيدة كسال",
        "name:ar": "بوصيدة كسال"
      },
      "geometry": {
        "type": "Point",
        "coordinates": [
          4.8891376,
          35.9023313
        ]
      },
      "id": "node/4589465399"
    },
    {
      "type": "Feature",
      "properties": {
        "@id": "node/4605161197",
        "addr:city": "الدوسن",
        "addr:city:ar": "الدوسن",
        "amenity": "hospital",
        "healthcare": "hospital"
      },
      "geometry": {
        "type": "Point",
        "coordinates": [
          5.1023613,
          34.5969047
        ]
      },
      "id": "node/4605161197"
    },
    {
      "type": "Feature",
      "properties": {
        "@id": "node/4617339161",
        "amenity": "hospital",
        "emergency": "Généco-obstetrique",
        "healthcare": "hospital",
        "healthcare:speciality": "gynaecology;paediatrics",
        "name": "المؤسسة الاستشفائية المتخصصة عبد الله نواورية البوني أمراض النساء والتوليد جراحة الأطفال جراحة التوليد",
        "name:ar": "المؤسسة الاستشفائية المتخصصة عبد الله نواورية البوني أمراض النساء والتوليد جراحة الأطفال جراحة التوليد",
        "name:fr": "Abdellah Nouaria El-Bouni"
      },
      "geometry": {
        "type": "Point",
        "coordinates": [
          7.7372108,
          36.8562889
        ]
      },
      "id": "node/4617339161"
    },
    {
      "type": "Feature",
      "properties": {
        "@id": "node/4622328692",
        "amenity": "hospital",
        "healthcare": "hospital",
        "name": "Maternité",
        "name:fr": "Maternité"
      },
      "geometry": {
        "type": "Point",
        "coordinates": [
          0.0962475,
          35.9248464
        ]
      },
      "id": "node/4622328692"
    },
    {
      "type": "Feature",
      "properties": {
        "@id": "node/4630157585",
        "amenity": "hospital",
        "name": "مستشفى الأمراض العقلية",
        "name:ar": "مستشفى الأمراض العقلية"
      },
      "geometry": {
        "type": "Point",
        "coordinates": [
          5.9842739,
          34.9498957
        ]
      },
      "id": "node/4630157585"
    },
    {
      "type": "Feature",
      "properties": {
        "@id": "node/4637364689",
        "addr:housenumber": "026112333",
        "addr:street": "Rue des Frères Belhadj",
        "amenity": "hospital",
        "name": "Centre d'imagerie médicale mahmoudi",
        "name:fr": "Centre d'imagerie médicale mahmoudi"
      },
      "geometry": {
        "type": "Point",
        "coordinates": [
          4.039308,
          36.700881
        ]
      },
      "id": "node/4637364689"
    },
    {
      "type": "Feature",
      "properties": {
        "@id": "node/4641832090",
        "addr:postcode": "39014",
        "amenity": "hospital",
        "name": "مستشفى كوينين",
        "name:ar": "مستشفى كوينين",
        "name:en": "Hospital KOUININE",
        "name:fr": "Hôpital Kouinine",
        "opening_hours": "Su-Th 08:00-18:00"
      },
      "geometry": {
        "type": "Point",
        "coordinates": [
          6.8260188,
          33.4036702
        ]
      },
      "id": "node/4641832090"
    },
    {
      "type": "Feature",
      "properties": {
        "@id": "node/4642269682",
        "amenity": "hospital"
      },
      "geometry": {
        "type": "Point",
        "coordinates": [
          6.0107718,
          36.3033904
        ]
      },
      "id": "node/4642269682"
    },
    {
      "type": "Feature",
      "properties": {
        "@id": "node/4649231191",
        "amenity": "hospital",
        "healthcare": "hospital",
        "name": "رلاينس الجزائر مندس",
        "name:ar": "رلاينس الجزائر مندس",
        "name:en": "Mendes Reliance Algeria",
        "name:zh": "Mendes 60床医院",
        "opening_hours": "24/7"
      },
      "geometry": {
        "type": "Point",
        "coordinates": [
          0.8654125,
          35.6560508
        ]
      },
      "id": "node/4649231191"
    },
    {
      "type": "Feature",
      "properties": {
        "@id": "node/4652629001",
        "amenity": "hospital",
        "name": "مستشفى الرقيبة",
        "name:ar": "مستشفى الرقيبة",
        "name:fr": "Hôpital Reguiba"
      },
      "geometry": {
        "type": "Point",
        "coordinates": [
          6.7151779,
          33.5638007
        ]
      },
      "id": "node/4652629001"
    },
    {
      "type": "Feature",
      "properties": {
        "@id": "node/4661347691",
        "amenity": "hospital"
      },
      "geometry": {
        "type": "Point",
        "coordinates": [
          2.0277527,
          35.8742847
        ]
      },
      "id": "node/4661347691"
    },
    {
      "type": "Feature",
      "properties": {
        "@id": "node/4681663993",
        "addr:city": "تين ظواتين",
        "addr:city:ar": "تين ظواتين",
        "addr:postcode": "11150",
        "alt_name": "المؤسسة العمومية للصحة الجوارية تين زواتين تمنراست",
        "alt_name:ar": "المؤسسة العمومية للصحة الجوارية تين زواتين تمنراست",
        "amenity": "hospital",
        "healthcare": "hospital",
        "language:ar": "main",
        "name": "المؤسسة العمومية للصحة الجوارية تين ظواتين تمنراست",
        "name:ar": "المؤسسة العمومية للصحة الجوارية تين ظواتين تمنراست",
        "name:fr": "Epsp Tin Zaouatine",
        "opening_hours": "24/7"
      },
      "geometry": {
        "type": "Point",
        "coordinates": [
          2.9640262,
          19.9549048
        ]
      },
      "id": "node/4681663993"
    },
    {
      "type": "Feature",
      "properties": {
        "@id": "node/4682578289",
        "addr:city": "باتنة",
        "amenity": "hospital",
        "healthcare": "hospital"
      },
      "geometry": {
        "type": "Point",
        "coordinates": [
          6.1729694,
          35.5613999
        ]
      },
      "id": "node/4682578289"
    },
    {
      "type": "Feature",
      "properties": {
        "@id": "node/4691872095",
        "amenity": "hospital",
        "name": "المؤسسة العمومية للصحة الجوارية - سيدي ساعد",
        "name:ar": "المؤسسة العمومية للصحة الجوارية - سيدي ساعد"
      },
      "geometry": {
        "type": "Point",
        "coordinates": [
          1.6781462,
          36.275231
        ]
      },
      "id": "node/4691872095"
    },
    {
      "type": "Feature",
      "properties": {
        "@id": "node/4701121990",
        "amenity": "hospital",
        "internet_access": "wlan",
        "name": "bloc opératoire",
        "name:fr": "bloc opératoire"
      },
      "geometry": {
        "type": "Point",
        "coordinates": [
          6.6408143,
          36.8391011
        ]
      },
      "id": "node/4701121990"
    },
    {
      "type": "Feature",
      "properties": {
        "@id": "node/4707259891",
        "addr:city": "Bab El Assa",
        "addr:city:ar": "باب العسة",
        "addr:city:fr": "Bab El Assa",
        "amenity": "hospital",
        "healthcare": "hospital",
        "name": "Hôpital de Bab El Assa",
        "name:fr": "Hôpital de Bab El Assa"
      },
      "geometry": {
        "type": "Point",
        "coordinates": [
          -2.0307071,
          34.9608456
        ]
      },
      "id": "node/4707259891"
    },
    {
      "type": "Feature",
      "properties": {
        "@id": "node/4707287392",
        "addr:city": "الدويس",
        "addr:city:ar": "الدويس",
        "amenity": "hospital",
        "healthcare": "hospital",
        "name": "مستشفى الدويس",
        "name:ar": "مستشفى الدويس"
      },
      "geometry": {
        "type": "Point",
        "coordinates": [
          2.7025322,
          34.3695899
        ]
      },
      "id": "node/4707287392"
    },
    {
      "type": "Feature",
      "properties": {
        "@id": "node/4722460515",
        "amenity": "hospital",
        "name": "مركز تصفية الدم",
        "name:ar": "مركز تصفية الدم",
        "name:en": "hemodialysis center",
        "name:fr": "Centre d'hémodialyse"
      },
      "geometry": {
        "type": "Point",
        "coordinates": [
          2.9048785,
          35.45599
        ]
      },
      "id": "node/4722460515"
    },
    {
      "type": "Feature",
      "properties": {
        "@id": "node/4728650389",
        "addr:city": "Biskra",
        "addr:postcode": "07000",
        "amenity": "hospital",
        "healthcare:speciality": "gynaecology",
        "name": "المؤسسة الإستشفائية المتخصصة في طب النساء و التوليد",
        "name:ar": "مصلحة الاستعمالات الطبية بشير بن ناصر",
        "name:fr": "Établissement hospitalière spécialisé en gynécologie obstétrique"
      },
      "geometry": {
        "type": "Point",
        "coordinates": [
          5.7419969,
          34.8497377
        ]
      },
      "id": "node/4728650389"
    },
    {
      "type": "Feature",
      "properties": {
        "@id": "node/4729394391",
        "amenity": "hospital"
      },
      "geometry": {
        "type": "Point",
        "coordinates": [
          3.0365692,
          36.263088
        ]
      },
      "id": "node/4729394391"
    },
    {
      "type": "Feature",
      "properties": {
        "@id": "node/4737083723",
        "amenity": "hospital",
        "name": "عروة",
        "name:ar": "عروة",
        "name:en": "Aroua",
        "name:fr": "Aroua"
      },
      "geometry": {
        "type": "Point",
        "coordinates": [
          3.039529,
          36.741079
        ]
      },
      "id": "node/4737083723"
    },
    {
      "type": "Feature",
      "properties": {
        "@id": "node/4746117326",
        "amenity": "hospital",
        "healthcare": "hospital",
        "name": "Hopital Sidi Aïd",
        "name:ar": "مستشفى سيدي عايد",
        "name:fr": "EPH"
      },
      "geometry": {
        "type": "Point",
        "coordinates": [
          -0.9729479,
          35.3551028
        ]
      },
      "id": "node/4746117326"
    },
    {
      "type": "Feature",
      "properties": {
        "@id": "node/4753760034",
        "addr:city": "البياضة",
        "addr:city:ar": "البياضة",
        "amenity": "hospital",
        "healthcare": "hospital"
      },
      "geometry": {
        "type": "Point",
        "coordinates": [
          6.8876927,
          33.3313991
        ]
      },
      "id": "node/4753760034"
    },
    {
      "type": "Feature",
      "properties": {
        "@id": "node/4759754328",
        "addr:city": "مشرع الصفاء",
        "amenity": "hospital",
        "healthcare": "hospital",
        "name": "عيادة مشرع الصفاء",
        "name:ar": "عيادة مشرع الصفاء",
        "name:fr": "Polyclinique mechraa-sfa"
      },
      "geometry": {
        "type": "Point",
        "coordinates": [
          1.0577834,
          35.3824172
        ]
      },
      "id": "node/4759754328"
    },
    {
      "type": "Feature",
      "properties": {
        "@id": "node/4767475021",
        "amenity": "hospital",
        "healthcare": "hospital",
        "name": "قاعة العلاج الطاحونتين",
        "name:ar": "قاعة العلاج الطاحونتين",
        "name:en": "Salle de Soin Deux Moulins",
        "name:fr": "Salle de Soin Deux Moulins"
      },
      "geometry": {
        "type": "Point",
        "coordinates": [
          3.0295017,
          36.8113647
        ]
      },
      "id": "node/4767475021"
    },
    {
      "type": "Feature",
      "properties": {
        "@id": "node/4777640227",
        "amenity": "hospital",
        "name": "المركز الطبي البيداغوجي",
        "name:ar": "المركز الطبي البيداغوجي",
        "name:en": "Pedagogic Medical Center",
        "name:fr": "centre de médecine pédagogique"
      },
      "geometry": {
        "type": "Point",
        "coordinates": [
          2.892693,
          35.4590664
        ]
      },
      "id": "node/4777640227"
    },
    {
      "type": "Feature",
      "properties": {
        "@id": "node/4784838621",
        "amenity": "hospital",
        "name": "المركز الصحي شيمينو",
        "name:ar": "المركز الصحي شيمينو",
        "name:en": "Centre de santè Cheminot",
        "name:fr": "Centre de santè Cheminot"
      },
      "geometry": {
        "type": "Point",
        "coordinates": [
          5.4208297,
          36.1915202
        ]
      },
      "id": "node/4784838621"
    },
    {
      "type": "Feature",
      "properties": {
        "@id": "node/4787179057",
        "addr:city": "سيدي خالد",
        "addr:city:ar": "سيدي خالد",
        "amenity": "hospital",
        "healthcare": "hospital",
        "name": "المستشفى القديم",
        "name:ar": "المستشفى القديم",
        "name:en": "The Old Hospital"
      },
      "geometry": {
        "type": "Point",
        "coordinates": [
          4.9977127,
          34.3960709
        ]
      },
      "id": "node/4787179057"
    },
    {
      "type": "Feature",
      "properties": {
        "@id": "node/4794767523",
        "amenity": "hospital",
        "name": "Centre d'expertise Médicale (CNEMPN)"
      },
      "geometry": {
        "type": "Point",
        "coordinates": [
          3.0599525,
          36.71939
        ]
      },
      "id": "node/4794767523"
    },
    {
      "type": "Feature",
      "properties": {
        "@id": "node/4804307802",
        "addr:city": "البياضة",
        "addr:city:ar": "البياضة",
        "amenity": "hospital",
        "healthcare": "hospital",
        "name": "استعجالات طبية طواهرية",
        "name:ar": "استعجالات طبية طواهرية",
        "name:fr": "Urgences médicales"
      },
      "geometry": {
        "type": "Point",
        "coordinates": [
          6.8864498,
          33.3319116
        ]
      },
      "id": "node/4804307802"
    },
    {
      "type": "Feature",
      "properties": {
        "@id": "node/4819712921",
        "amenity": "hospital",
        "name:fr": "dellys"
      },
      "geometry": {
        "type": "Point",
        "coordinates": [
          3.8955502,
          36.9164971
        ]
      },
      "id": "node/4819712921"
    },
    {
      "type": "Feature",
      "properties": {
        "@id": "node/4822390322",
        "amenity": "hospital",
        "healthcare": "hospital",
        "name:ar": "مصحة بوشنافة",
        "name:en": "Polyclinique Bouchnafa"
      },
      "geometry": {
        "type": "Point",
        "coordinates": [
          3.0629111,
          36.7563995
        ]
      },
      "id": "node/4822390322"
    },
    {
      "type": "Feature",
      "properties": {
        "@id": "node/4826105422",
        "addr:housenumber": "92",
        "addr:postcode": "0332",
        "addr:street": "احمد فرحاة",
        "amenity": "hospital",
        "name": "عميرة عكوش",
        "name:ar": "ابو العتوه عميرة عكوش",
        "name:en": "Omar akkouche",
        "phone": "0555557180"
      },
      "geometry": {
        "type": "Point",
        "coordinates": [
          2.9988748,
          33.7501642
        ]
      },
      "id": "node/4826105422"
    },
    {
      "type": "Feature",
      "properties": {
        "@id": "node/4840425307",
        "addr:housenumber": "حي البساتين",
        "amenity": "hospital",
        "name": "مركز للصحة الجوارية",
        "name:ar": "مركز للصحة الجوارية"
      },
      "geometry": {
        "type": "Point",
        "coordinates": [
          4.1721584,
          34.8397937
        ]
      },
      "id": "node/4840425307"
    },
    {
      "type": "Feature",
      "properties": {
        "@id": "node/4860482621",
        "amenity": "hospital",
        "name": "الاستعجالات الطبية",
        "name:ar": "الاستعجالات الطبية (المعاينة)",
        "name:en": "Emergency",
        "name:fr": "Urgences médicales (consultation )",
        "opening_hours": "24/7"
      },
      "geometry": {
        "type": "Point",
        "coordinates": [
          2.9052217,
          35.4547572
        ]
      },
      "id": "node/4860482621"
    },
    {
      "type": "Feature",
      "properties": {
        "@id": "node/4864353325",
        "addr:city": "تاجرونة",
        "addr:city:ar": "تاجرونة",
        "amenity": "hospital",
        "healthcare": "hospital",
        "name": "مستشفى",
        "name:ar": "مستشفى",
        "name:en": "clinic"
      },
      "geometry": {
        "type": "Point",
        "coordinates": [
          2.1083016,
          33.5106937
        ]
      },
      "id": "node/4864353325"
    },
    {
      "type": "Feature",
      "properties": {
        "@id": "node/4875849221",
        "amenity": "hospital",
        "name": "مستشفى متعدد الخدمات",
        "name:ar": "عيادة متعددةالخدمات",
        "name:en": "عيادة متعددة الخدمات",
        "name:fr": "Polyclinique"
      },
      "geometry": {
        "type": "Point",
        "coordinates": [
          4.3738074,
          36.1208625
        ]
      },
      "id": "node/4875849221"
    },
    {
      "type": "Feature",
      "properties": {
        "@id": "node/4875896421",
        "amenity": "hospital",
        "name": "قاعة الاستعجالات",
        "name:ar": "قاعة الاستعجالات",
        "name:fr": "Salle D'Urgence"
      },
      "geometry": {
        "type": "Point",
        "coordinates": [
          5.8983129,
          35.3799785
        ]
      },
      "id": "node/4875896421"
    },
    {
      "type": "Feature",
      "properties": {
        "@id": "node/4883706021",
        "addr:city": "تيميمون",
        "amenity": "hospital",
        "healthcare": "hospital"
      },
      "geometry": {
        "type": "Point",
        "coordinates": [
          0.2340537,
          29.256022
        ]
      },
      "id": "node/4883706021"
    },
    {
      "type": "Feature",
      "properties": {
        "@id": "node/4884077374",
        "addr:city": "Marbella",
        "addr:postcode": "29603",
        "addr:street": "Calle Bogey",
        "amenity": "hospital",
        "emergency": "yes",
        "healthcare": "hospital",
        "name": "Urgencias Hospital Costa del Sol",
        "opening_hours": "24/7",
        "operator": "Servicio Andaluz de Salud",
        "operator:short": "SAS",
        "operator:type": "public",
        "operator:wikidata": "Q4753529",
        "wheelchair": "yes"
      },
      "geometry": {
        "type": "Point",
        "coordinates": [
          -4.8265699,
          36.5085679
        ]
      },
      "id": "node/4884077374"
    },
    {
      "type": "Feature",
      "properties": {
        "@id": "node/4894508221",
        "amenity": "hospital",
        "name": "الاستعجالات الطبية الجراحية",
        "name:ar": "الاستعجالات الطبية",
        "name:en": "Surgical medical emergencies",
        "name:fr": "Urgences Médicales Chirurgicale",
        "opening_hours": "24/7"
      },
      "geometry": {
        "type": "Point",
        "coordinates": [
          2.9055754,
          35.4549244
        ]
      },
      "id": "node/4894508221"
    },
    {
      "type": "Feature",
      "properties": {
        "@id": "node/4894512108",
        "amenity": "hospital",
        "name": "Pédiatre",
        "name:ar": "مصلحة طب الأطفال",
        "name:fr": "Pédiatre"
      },
      "geometry": {
        "type": "Point",
        "coordinates": [
          2.9051492,
          35.4559228
        ]
      },
      "id": "node/4894512108"
    },
    {
      "type": "Feature",
      "properties": {
        "@id": "node/4895713321",
        "addr:street": "شارع عين الدفيلة",
        "amenity": "hospital",
        "name": "مستوصف",
        "name:ar": "مستوصف"
      },
      "geometry": {
        "type": "Point",
        "coordinates": [
          5.4643506,
          35.2101846
        ]
      },
      "id": "node/4895713321"
    },
    {
      "type": "Feature",
      "properties": {
        "@id": "node/4915520523",
        "amenity": "hospital",
        "healthcare": "hospital",
        "name": "المركز الوطني لمكافحة الدرن والأمراض المزمنة",
        "name:ar": "المركز الوطني لمكافحة الدرن والأمراض المزمنة",
        "name:en": "NCDC"
      },
      "geometry": {
        "type": "Point",
        "coordinates": [
          10.4632329,
          30.1638533
        ]
      },
      "id": "node/4915520523"
    },
    {
      "type": "Feature",
      "properties": {
        "@id": "node/4943050527",
        "addr:city": "سفيزف",
        "addr:city:ar": "سفيزف",
        "amenity": "hospital",
        "healthcare": "hospital"
      },
      "geometry": {
        "type": "Point",
        "coordinates": [
          -0.2328704,
          35.2383026
        ]
      },
      "id": "node/4943050527"
    },
    {
      "type": "Feature",
      "properties": {
        "@id": "node/4958994623",
        "addr:city": "العنصر",
        "addr:city:ar": "العنصر",
        "amenity": "hospital",
        "healthcare": "hospital",
        "name": "المؤسسة العمومية للصحة الجوارية العنصر",
        "name:ar": "المؤسسة العمومية للصحة الجوارية العنصر",
        "name:fr": "EPSP Ançor",
        "opening_hours": "24/7"
      },
      "geometry": {
        "type": "Point",
        "coordinates": [
          -0.8662666,
          35.6861202
        ]
      },
      "id": "node/4958994623"
    },
    {
      "type": "Feature",
      "properties": {
        "@id": "node/4965021526",
        "amenity": "hospital",
        "emergency": "yes",
        "name": "مستوصف طبي",
        "name:ar": "مستوصف طبي",
        "operator": "مساعد ممرض فقط"
      },
      "geometry": {
        "type": "Point",
        "coordinates": [
          6.5450386,
          35.2173346
        ]
      },
      "id": "node/4965021526"
    },
    {
      "type": "Feature",
      "properties": {
        "@id": "node/4987948623",
        "amenity": "hospital",
        "name": "Polyclinique sidi chaib",
        "name:ar": "Polyclinique sidi chaib"
      },
      "geometry": {
        "type": "Point",
        "coordinates": [
          -0.5507738,
          34.5927437
        ]
      },
      "id": "node/4987948623"
    },
    {
      "type": "Feature",
      "properties": {
        "@id": "node/4995347122",
        "amenity": "hospital"
      },
      "geometry": {
        "type": "Point",
        "coordinates": [
          3.7541259,
          36.0004396
        ]
      },
      "id": "node/4995347122"
    },
    {
      "type": "Feature",
      "properties": {
        "@id": "node/5010389321",
        "amenity": "hospital",
        "name": "المؤسسة العمومية الاستشفائية لحي القدس",
        "name:ar": "المؤسسة العمومية الاستشفائية لحي القدس",
        "name:fr": "EPH"
      },
      "geometry": {
        "type": "Point",
        "coordinates": [
          3.5026668,
          34.1733732
        ]
      },
      "id": "node/5010389321"
    },
    {
      "type": "Feature",
      "properties": {
        "@id": "node/5025342425",
        "amenity": "hospital",
        "name": "مؤسسة الإستشفائية مهر محي الدين",
        "name:ar": "مؤسسة الإستشفائية مهر محي الدين",
        "name:fr": "S.M.U mascara mhor mhaydin"
      },
      "geometry": {
        "type": "Point",
        "coordinates": [
          0.1367773,
          35.4024932
        ]
      },
      "id": "node/5025342425"
    },
    {
      "type": "Feature",
      "properties": {
        "@id": "node/5029444821",
        "addr:city": "ابن جرير",
        "addr:city:ar": "ابن جرير",
        "amenity": "hospital",
        "healthcare": "hospital",
        "name": "Hôpital Ben Guerir مستشفى ابن جرير",
        "name:ar": "مستشفى ابن جرير",
        "name:en": "Ben Guerir Hospital",
        "name:fr": "Hôpital Ben Guerir",
        "name:zh": "本格里医院"
      },
      "geometry": {
        "type": "Point",
        "coordinates": [
          -7.959034,
          32.2396786
        ]
      },
      "id": "node/5029444821"
    },
    {
      "type": "Feature",
      "properties": {
        "@id": "node/5052821921",
        "addr:city": "حساني عبد الكريم",
        "addr:city:ar": "حساني عبد الكريم",
        "amenity": "hospital",
        "healthcare": "hospital",
        "name": "عيادة صحية",
        "name:ar": "عيادة صحية",
        "name:fr": "Clinique"
      },
      "geometry": {
        "type": "Point",
        "coordinates": [
          6.8817541,
          33.4686854
        ]
      },
      "id": "node/5052821921"
    },
    {
      "type": "Feature",
      "properties": {
        "@id": "node/5066644792",
        "amenity": "hospital",
        "healthcare": "hospital",
        "name": "Croissant Rouge Maroccaine"
      },
      "geometry": {
        "type": "Point",
        "coordinates": [
          -7.9848854,
          31.6205269
        ]
      },
      "id": "node/5066644792"
    },
    {
      "type": "Feature",
      "properties": {
        "@id": "node/5072569522",
        "amenity": "hospital",
        "name": "مركز صحي للحماية المدنية",
        "name:ar": "مركز صحي للحماية المدنية",
        "name:fr": "centre médical de la protection civile"
      },
      "geometry": {
        "type": "Point",
        "coordinates": [
          -0.6254419,
          35.6899669
        ]
      },
      "id": "node/5072569522"
    },
    {
      "type": "Feature",
      "properties": {
        "@id": "node/5098331621",
        "amenity": "hospital",
        "name": "المصحة الكوبية الجزائرية لقرح القدم",
        "name:ar": "المصحة الكوبية الجزائرية لقرح القدم",
        "name:fr": "Clinique algéro-cubaine"
      },
      "geometry": {
        "type": "Point",
        "coordinates": [
          3.0574631,
          36.7350305
        ]
      },
      "id": "node/5098331621"
    },
    {
      "type": "Feature",
      "properties": {
        "@id": "node/5107037124",
        "addr:city": "البرواقية",
        "addr:city:ar": "البرواقية",
        "amenity": "hospital",
        "healthcare": "hospital"
      },
      "geometry": {
        "type": "Point",
        "coordinates": [
          2.9288638,
          36.1332725
        ]
      },
      "id": "node/5107037124"
    },
    {
      "type": "Feature",
      "properties": {
        "@id": "node/5108596326",
        "amenity": "hospital",
        "healthcare": "hospital"
      },
      "geometry": {
        "type": "Point",
        "coordinates": [
          6.3290014,
          36.5209888
        ]
      },
      "id": "node/5108596326"
    },
    {
      "type": "Feature",
      "properties": {
        "@id": "node/5110103322",
        "amenity": "hospital",
        "healthcare": "hospital",
        "name:fr": "Hôpital"
      },
      "geometry": {
        "type": "Point",
        "coordinates": [
          7.4603361,
          36.8338193
        ]
      },
      "id": "node/5110103322"
    },
    {
      "type": "Feature",
      "properties": {
        "@id": "node/5126131429",
        "amenity": "hospital",
        "healthcare:speciality": "neurology",
        "name": "حيسونة طب الأعصاب",
        "name:ar": "حيسونة طب الأعصاب",
        "name:en": "Haissouna",
        "name:fr": "Haissouna"
      },
      "geometry": {
        "type": "Point",
        "coordinates": [
          3.2544259,
          34.6704187
        ]
      },
      "id": "node/5126131429"
    },
    {
      "type": "Feature",
      "properties": {
        "@id": "node/5126658922",
        "amenity": "hospital"
      },
      "geometry": {
        "type": "Point",
        "coordinates": [
          5.7191895,
          34.8500278
        ]
      },
      "id": "node/5126658922"
    },
    {
      "type": "Feature",
      "properties": {
        "@id": "node/5133147524",
        "addr:housenumber": "N 12",
        "addr:street": "cité les Vergers 3",
        "amenity": "hospital",
        "internet_access": "wlan",
        "name": "دكتورة غلاتي أ",
        "name:ar": "دكتورة غلاتي أ",
        "name:fr": "Dr GUELLATI.A",
        "opening_hours": "Sa-Th 09:00-17:00",
        "phone": "0553071540"
      },
      "geometry": {
        "type": "Point",
        "coordinates": [
          3.0527537,
          36.7251201
        ]
      },
      "id": "node/5133147524"
    },
    {
      "type": "Feature",
      "properties": {
        "@id": "node/5154286706",
        "amenity": "hospital",
        "healthcare": "hospital"
      },
      "geometry": {
        "type": "Point",
        "coordinates": [
          4.0075173,
          36.6833773
        ]
      },
      "id": "node/5154286706"
    },
    {
      "type": "Feature",
      "properties": {
        "@id": "node/5171942129",
        "amenity": "hospital"
      },
      "geometry": {
        "type": "Point",
        "coordinates": [
          4.6846687,
          35.9459876
        ]
      },
      "id": "node/5171942129"
    },
    {
      "type": "Feature",
      "properties": {
        "@id": "node/5172899121",
        "amenity": "hospital",
        "name": "Hôpital bouteldja"
      },
      "geometry": {
        "type": "Point",
        "coordinates": [
          8.1954677,
          36.7891198
        ]
      },
      "id": "node/5172899121"
    },
    {
      "type": "Feature",
      "properties": {
        "@id": "node/5182009624",
        "amenity": "hospital",
        "name": "طبيب عام",
        "name:ar": "طبيب عام"
      },
      "geometry": {
        "type": "Point",
        "coordinates": [
          4.1558906,
          35.1886843
        ]
      },
      "id": "node/5182009624"
    },
    {
      "type": "Feature",
      "properties": {
        "@id": "node/5208984574",
        "amenity": "hospital",
        "healthcare": "hospital",
        "name": "Cruz Roja",
        "operator": "Cruz Roja",
        "operator:type": "ngo",
        "operator:wikidata": "Q7178"
      },
      "geometry": {
        "type": "Point",
        "coordinates": [
          -5.4567803,
          36.1567269
        ]
      },
      "id": "node/5208984574"
    },
    {
      "type": "Feature",
      "properties": {
        "@id": "node/5246387407",
        "amenity": "hospital",
        "healthcare": "hospital",
        "healthcare:speciality": "paediatrics"
      },
      "geometry": {
        "type": "Point",
        "coordinates": [
          6.3863753,
          36.1828549
        ]
      },
      "id": "node/5246387407"
    },
    {
      "type": "Feature",
      "properties": {
        "@id": "node/5262083523",
        "amenity": "hospital",
        "healthcare": "hospital",
        "name": "Hôpital Mariouari et Idoudouhan ⵙⴻⴱⴼⵉⵟⴰⵔ ⴻⵏ ⵢ'ⴷⵓⴷⵓⵃⴻⵏ مستشفى ماريواري وإدودوحن",
        "name:ar": "مستشفى ماريواري وإدودوحن",
        "name:ber": "ⵙⴻⴱⴼⵉⵟⴰⵔ ⴻⵏ ⵢ'ⴷⵓⴷⵓⵃⴻⵏ",
        "name:fr": "Hôpital Mariouari et Idoudouhan"
      },
      "geometry": {
        "type": "Point",
        "coordinates": [
          -2.9755335,
          35.3014161
        ]
      },
      "id": "node/5262083523"
    },
    {
      "type": "Feature",
      "properties": {
        "@id": "node/5277195122",
        "amenity": "hospital",
        "name": "مصلحة الاشعة",
        "name:ar": "مصلحة الاشعة",
        "name:fr": "Centre d'imagerie"
      },
      "geometry": {
        "type": "Point",
        "coordinates": [
          2.9052516,
          35.4548321
        ]
      },
      "id": "node/5277195122"
    },
    {
      "type": "Feature",
      "properties": {
        "@id": "node/5299443501",
        "addr:city": "عين تموشنت",
        "addr:postcode": "46000",
        "amenity": "hospital",
        "designation": "Etablissement Hospitalier",
        "emergency": "yes",
        "healthcare": "hospital",
        "name": "Hôpital Docteur Benzarjeb",
        "name:ar": "مستشفى الدكتور بن زرجب",
        "name:fr": "Hôpital Docteur Benzarjeb"
      },
      "geometry": {
        "type": "Point",
        "coordinates": [
          -1.1287361,
          35.2886316
        ]
      },
      "id": "node/5299443501"
    },
    {
      "type": "Feature",
      "properties": {
        "@id": "node/5320284823",
        "amenity": "hospital",
        "healthcare": "hospital",
        "name": "département médico technique centre de diagnostic",
        "name:fr": "département médico technique centre de diagnostic"
      },
      "geometry": {
        "type": "Point",
        "coordinates": [
          -8.8765138,
          30.4729314
        ]
      },
      "id": "node/5320284823"
    },
    {
      "type": "Feature",
      "properties": {
        "@id": "node/5331679196",
        "addr:city": "عين تموشنت",
        "addr:postcode": "46000",
        "amenity": "hospital",
        "healthcare": "hospital",
        "name": "Centre de santé",
        "name:ar": "مركز الصحة",
        "name:fr": "Centre de santé"
      },
      "geometry": {
        "type": "Point",
        "coordinates": [
          -1.1407311,
          35.2954639
        ]
      },
      "id": "node/5331679196"
    },
    {
      "type": "Feature",
      "properties": {
        "@id": "node/5332970221",
        "amenity": "hospital",
        "name:fr": "EPH LAKHDARIA"
      },
      "geometry": {
        "type": "Point",
        "coordinates": [
          3.6017012,
          36.5765624
        ]
      },
      "id": "node/5332970221"
    },
    {
      "type": "Feature",
      "properties": {
        "@id": "node/5334697192",
        "amenity": "hospital",
        "healthcare": "hospital",
        "name": "مستوصف",
        "name:ar": "مستوصف"
      },
      "geometry": {
        "type": "Point",
        "coordinates": [
          0.4900907,
          35.3727148
        ]
      },
      "id": "node/5334697192"
    },
    {
      "type": "Feature",
      "properties": {
        "@id": "node/5338666421",
        "addr:city": "قسنطينة",
        "addr:city:ar": "قسنطينة",
        "amenity": "hospital",
        "healthcare": "hospital",
        "healthcare:speciality": "dermatology",
        "language:ar": "main"
      },
      "geometry": {
        "type": "Point",
        "coordinates": [
          6.6183092,
          36.37353
        ]
      },
      "id": "node/5338666421"
    },
    {
      "type": "Feature",
      "properties": {
        "@id": "node/5347052530",
        "amenity": "hospital",
        "description": "العيادة الطبية الامير",
        "healthcare": "hospital",
        "healthcare:speciality": "gynaecology;internal;general",
        "name": "عيادة الأمير",
        "name:ar": "عيادة الأمير",
        "name:en": "Clinique Amir",
        "operator": "berkani"
      },
      "geometry": {
        "type": "Point",
        "coordinates": [
          7.392083,
          35.8014142
        ]
      },
      "id": "node/5347052530"
    },
    {
      "type": "Feature",
      "properties": {
        "@id": "node/5348983622",
        "amenity": "hospital",
        "name": "القطاع الصحي سيدي سليمان",
        "name:ar": "القطاع الصحي سيدي سليمان"
      },
      "geometry": {
        "type": "Point",
        "coordinates": [
          4.1561146,
          35.1907808
        ]
      },
      "id": "node/5348983622"
    },
    {
      "type": "Feature",
      "properties": {
        "@id": "node/5353925922",
        "addr:city": "عين ماضي",
        "addr:city:ar": "عين ماضي",
        "amenity": "hospital",
        "healthcare": "hospital",
        "name": "عيادة",
        "name:ar": "عيادة"
      },
      "geometry": {
        "type": "Point",
        "coordinates": [
          2.3015669,
          33.7982667
        ]
      },
      "id": "node/5353925922"
    },
    {
      "type": "Feature",
      "properties": {
        "@id": "node/5371044571",
        "amenity": "hospital",
        "healthcare": "hospital",
        "healthcare:speciality": "gynaecology",
        "name": "عيادة الامل",
        "name:ar": "عيادة الامل",
        "name:fr": "Clinique El Amel"
      },
      "geometry": {
        "type": "Point",
        "coordinates": [
          7.3826288,
          35.7959078
        ]
      },
      "id": "node/5371044571"
    },
    {
      "type": "Feature",
      "properties": {
        "@id": "node/5417590700",
        "amenity": "hospital",
        "emergency": "no",
        "name": "Hôpital Psychiatrique"
      },
      "geometry": {
        "type": "Point",
        "coordinates": [
          5.7651341,
          36.8156549
        ]
      },
      "id": "node/5417590700"
    },
    {
      "type": "Feature",
      "properties": {
        "@id": "node/5473517521",
        "amenity": "hospital",
        "healthcare": "hospital",
        "name": "مصحة مصطفى نقاش",
        "name:ar": "مصحة مصطفى نقاش",
        "name:en": "Polyclinique Mustapha Nakach",
        "name:fr": "Polyclinique Mustapha Nakach"
      },
      "geometry": {
        "type": "Point",
        "coordinates": [
          3.0647532,
          36.7404035
        ]
      },
      "id": "node/5473517521"
    },
    {
      "type": "Feature",
      "properties": {
        "@id": "node/5477990321",
        "amenity": "hospital",
        "name": "مستشفى سوقر قرميط ناصر",
        "name:ar": "مستشفى سوقر قرميط ناصر",
        "name:fr": "eph sougueur guermit Nasseur"
      },
      "geometry": {
        "type": "Point",
        "coordinates": [
          1.491342,
          35.1865102
        ]
      },
      "id": "node/5477990321"
    },
    {
      "type": "Feature",
      "properties": {
        "@id": "node/5493365859",
        "addr:city": "Sidi M'Hamed",
        "addr:housenumber": "40 C",
        "addr:street": "Rue Didouche Mourad",
        "amenity": "hospital",
        "healthcare": "hospital",
        "healthcare:speciality": "Opticien"
      },
      "geometry": {
        "type": "Point",
        "coordinates": [
          3.053517,
          36.7674019
        ]
      },
      "id": "node/5493365859"
    },
    {
      "type": "Feature",
      "properties": {
        "@id": "node/5548655822",
        "amenity": "hospital",
        "name": "مخبر التحاليل الطبية",
        "name:ar": "مخبر التحاليل الطبية",
        "name:fr": "Laboratoire d’analyse Médicale"
      },
      "geometry": {
        "type": "Point",
        "coordinates": [
          3.2859042,
          36.7364695
        ]
      },
      "id": "node/5548655822"
    },
    {
      "type": "Feature",
      "properties": {
        "@id": "node/5558891231",
        "addr:city": "rue mohamed ZARKTOUNI FEZ",
        "amenity": "hospital",
        "healthcare": "hospital",
        "name": "Cabinet de Rheumatologie",
        "operator": "DR LAZRAK",
        "phone": "+212 5 35 62 50 99"
      },
      "geometry": {
        "type": "Point",
        "coordinates": [
          -5.0019344,
          34.0369853
        ]
      },
      "id": "node/5558891231"
    },
    {
      "type": "Feature",
      "properties": {
        "@id": "node/5591921821",
        "addr:city": "Béjaïa",
        "addr:city:ar": "بجاية",
        "addr:city:ber": "ⴲⴳⴰⵢⴻⵝ",
        "addr:city:fr": "Béjaïa",
        "addr:city:kab": "Bgayet",
        "amenity": "hospital",
        "healthcare": "hospital",
        "language:ar": "yes",
        "name": "Oued achalal",
        "name:ar": "وادي الشلال",
        "name:fr": "Oued achalal"
      },
      "geometry": {
        "type": "Point",
        "coordinates": [
          5.0817569,
          36.758808
        ]
      },
      "id": "node/5591921821"
    },
    {
      "type": "Feature",
      "properties": {
        "@id": "node/5614257524",
        "amenity": "hospital",
        "name": "مستوصف",
        "name:ar": "مستوصف",
        "name:fr": "policlinique"
      },
      "geometry": {
        "type": "Point",
        "coordinates": [
          2.9180313,
          36.6292618
        ]
      },
      "id": "node/5614257524"
    },
    {
      "type": "Feature",
      "properties": {
        "@id": "node/5615035825",
        "addr:city": "تلاغ",
        "addr:street": "نهج العربي بن مهيدي",
        "amenity": "hospital",
        "healthcare": "hospital",
        "name": "المؤسسة العمومية للصحة الجوارية\"سايج يحي\"",
        "name:ar": "المؤسسة العمومية للصحة الجوارية\"سايج يحي\"",
        "name:fr": "EPSP SAIDJ YAHIA",
        "opening_hours": "24/7"
      },
      "geometry": {
        "type": "Point",
        "coordinates": [
          -0.5719594,
          34.7873444
        ]
      },
      "id": "node/5615035825"
    },
    {
      "type": "Feature",
      "properties": {
        "@id": "node/5636207705",
        "addr:street": "Rue Allal Al Fassi",
        "amenity": "hospital",
        "healthcare": "hospital",
        "name": "Clinique les princes مصحة الأمراء",
        "name:ar": "مصحة الأمراء",
        "name:fr": "Clinique les princes",
        "source": "Kaart Ground Survey 2018"
      },
      "geometry": {
        "type": "Point",
        "coordinates": [
          -7.6195697,
          33.5878622
        ]
      },
      "id": "node/5636207705"
    },
    {
      "type": "Feature",
      "properties": {
        "@id": "node/5637121083",
        "amenity": "hospital",
        "healthcare": "hospital",
        "name": "Infirmary"
      },
      "geometry": {
        "type": "Point",
        "coordinates": [
          -7.9927378,
          31.5342243
        ]
      },
      "id": "node/5637121083"
    },
    {
      "type": "Feature",
      "properties": {
        "@id": "node/5673214937",
        "amenity": "hospital",
        "emergency": "no",
        "healthcare": "hospital",
        "healthcare:speciality": "general",
        "name": "المستشفى المحلي محمد سلامة",
        "name:ar": "المستشفى المحلي محمد سلامة",
        "name:fr": "Hôpital Régional Mohamed Slama",
        "operator": "Ministère de la santé publique",
        "operator:type": "government"
      },
      "geometry": {
        "type": "Point",
        "coordinates": [
          10.8524315,
          35.6810749
        ]
      },
      "id": "node/5673214937"
    },
    {
      "type": "Feature",
      "properties": {
        "@id": "node/5689543821",
        "addr:city": "رقان",
        "amenity": "hospital",
        "healthcare": "hospital",
        "name": "المؤسسة العمومية الاستشفائية برقان",
        "name:ar": "المؤسسة العمومية الاستشفائية برقان",
        "name:en": "E.P.H.R",
        "name:fr": "EPH"
      },
      "geometry": {
        "type": "Point",
        "coordinates": [
          0.1696677,
          26.7216236
        ]
      },
      "id": "node/5689543821"
    },
    {
      "type": "Feature",
      "properties": {
        "@id": "node/5732235352",
        "amenity": "hospital",
        "healthcare": "hospital",
        "name": "Hôpital d'El Atteuf",
        "name:ar": "مستشفى العطف",
        "name:fr": "Hôpital d'El Atteuf"
      },
      "geometry": {
        "type": "Point",
        "coordinates": [
          3.7442453,
          32.4804318
        ]
      },
      "id": "node/5732235352"
    },
    {
      "type": "Feature",
      "properties": {
        "@id": "node/5765259135",
        "amenity": "hospital",
        "name": "Clinique de Bir morad rais",
        "name:ar": "عيادة بئر مرادرايس"
      },
      "geometry": {
        "type": "Point",
        "coordinates": [
          3.034632,
          36.7348887
        ]
      },
      "id": "node/5765259135"
    },
    {
      "type": "Feature",
      "properties": {
        "@id": "node/5808660055",
        "amenity": "hospital",
        "name": "المركز الصحي المنكوبين",
        "name:ar": "المركز الصحي المنكوبين",
        "name:fr": "Centre de santé",
        "opening_hours": "Su-Th 08:00-16:00"
      },
      "geometry": {
        "type": "Point",
        "coordinates": [
          5.694079,
          36.163683
        ]
      },
      "id": "node/5808660055"
    },
    {
      "type": "Feature",
      "properties": {
        "@id": "node/5818469853",
        "amenity": "hospital",
        "name": "مستشفى ابن سينا",
        "name:ar": "مستشفى ابن سينا",
        "name:en": "Ibn Sina Hospital",
        "name:fr": "Hôpital Ibn Sina (ex Caroubier)"
      },
      "geometry": {
        "type": "Point",
        "coordinates": [
          7.7667381,
          36.9042439
        ]
      },
      "id": "node/5818469853"
    },
    {
      "type": "Feature",
      "properties": {
        "@id": "node/5832777386",
        "amenity": "hospital",
        "name": "محمد الصادق بن يحي",
        "name:ar": "محمد الصادق بن يحي"
      },
      "geometry": {
        "type": "Point",
        "coordinates": [
          6.2022264,
          35.5267107
        ]
      },
      "id": "node/5832777386"
    },
    {
      "type": "Feature",
      "properties": {
        "@id": "node/5859600196",
        "amenity": "hospital",
        "name": "Policlinica Lacibis Cartama",
        "phone": "+34 952 42 17 69",
        "website": "https://www.policlinicalacibis.com/"
      },
      "geometry": {
        "type": "Point",
        "coordinates": [
          -4.61127,
          36.735299
        ]
      },
      "id": "node/5859600196"
    },
    {
      "type": "Feature",
      "properties": {
        "@id": "node/5889185885",
        "addr:street": "Boulevard Chihani Bachir",
        "amenity": "hospital",
        "healthcare": "hospital",
        "name:fr": "Consultation psychiatrique externe - Chihani Bachir"
      },
      "geometry": {
        "type": "Point",
        "coordinates": [
          6.625348,
          36.3741467
        ]
      },
      "id": "node/5889185885"
    },
    {
      "type": "Feature",
      "properties": {
        "@id": "node/5892663404",
        "amenity": "hospital",
        "healthcare": "hospital",
        "name": "Riyadh Al Qastani Hospital مستشفى رياض القسطاني",
        "name:ar": "مستشفى رياض القسطاني",
        "name:fr": "Riyadh Al Qastani Hospital"
      },
      "geometry": {
        "type": "Point",
        "coordinates": [
          -5.5640886,
          33.8974417
        ]
      },
      "id": "node/5892663404"
    },
    {
      "type": "Feature",
      "properties": {
        "@id": "node/5913754485",
        "amenity": "hospital",
        "name": "عيادة متعددة الخدمات الصحية محفوظي العمري",
        "name:ar": "عيادة متعددة الخدمات الصحية محفوظي العمري",
        "name:en": "Polyclinique Mahfoudi Lamri",
        "name:fr": "Polyclinique Mahfoudi Lamri"
      },
      "geometry": {
        "type": "Point",
        "coordinates": [
          5.0795389,
          36.1304673
        ]
      },
      "id": "node/5913754485"
    },
    {
      "type": "Feature",
      "properties": {
        "@id": "node/5928841313",
        "addr:street": "route de sidi abdelli",
        "amenity": "hospital",
        "name": "urgence médicale"
      },
      "geometry": {
        "type": "Point",
        "coordinates": [
          -1.2230568,
          35.0784869
        ]
      },
      "id": "node/5928841313"
    },
    {
      "type": "Feature",
      "properties": {
        "@id": "node/5962131387",
        "addr:city": "مصطفى بن إبراهيم",
        "addr:city:ar": "مصطفى بن إبراهيم",
        "amenity": "hospital",
        "healthcare": "hospital",
        "healthcare:speciality": "general",
        "name": "مركز الصحة",
        "name:ar": "مركز الصحة",
        "name:fr": "centre de centé"
      },
      "geometry": {
        "type": "Point",
        "coordinates": [
          -0.35876,
          35.1918965
        ]
      },
      "id": "node/5962131387"
    },
    {
      "type": "Feature",
      "properties": {
        "@id": "node/5974080386",
        "addr:city": "عين قزام",
        "amenity": "hospital",
        "healthcare": "hospital",
        "name": "المؤسسة العمومية للصحة الجوارية",
        "name:ar": "المؤسسة العمومية للصحة الجوارية",
        "name:en": "Polyclinic",
        "name:fr": "Société publique pour la santé de proximité"
      },
      "geometry": {
        "type": "Point",
        "coordinates": [
          5.7704645,
          19.5732691
        ]
      },
      "id": "node/5974080386"
    },
    {
      "type": "Feature",
      "properties": {
        "@id": "node/6001298368",
        "amenity": "hospital",
        "name": "dispensaire"
      },
      "geometry": {
        "type": "Point",
        "coordinates": [
          3.98773,
          36.8432286
        ]
      },
      "id": "node/6001298368"
    },
    {
      "type": "Feature",
      "properties": {
        "@id": "node/6052911586",
        "amenity": "hospital",
        "healthcare": "hospital",
        "name": "الحكيمة بوعروج",
        "name:ar": "الحكيمة بوعروج",
        "name:fr": "Bouaroudj"
      },
      "geometry": {
        "type": "Point",
        "coordinates": [
          6.2648324,
          36.4482963
        ]
      },
      "id": "node/6052911586"
    },
    {
      "type": "Feature",
      "properties": {
        "@id": "node/6130844701",
        "amenity": "hospital",
        "healthcare": "hospital",
        "name": "Maternité"
      },
      "geometry": {
        "type": "Point",
        "coordinates": [
          3.9538842,
          36.5372167
        ]
      },
      "id": "node/6130844701"
    },
    {
      "type": "Feature",
      "properties": {
        "@id": "node/6130844895",
        "amenity": "hospital",
        "name": "Adhkhchim"
      },
      "geometry": {
        "type": "Point",
        "coordinates": [
          3.9175313,
          36.5036004
        ]
      },
      "id": "node/6130844895"
    },
    {
      "type": "Feature",
      "properties": {
        "@id": "node/6187423686",
        "amenity": "hospital",
        "healthcare": "hospital",
        "name": "Centre médical Boudjemâa Moghni",
        "name:fr": "Centre médical Boudjemâa Moghni"
      },
      "geometry": {
        "type": "Point",
        "coordinates": [
          3.0985284,
          36.7403747
        ]
      },
      "id": "node/6187423686"
    },
    {
      "type": "Feature",
      "properties": {
        "@id": "node/6189288087",
        "amenity": "hospital",
        "healthcare": "hospital",
        "healthcare:speciality": "gynaecology;paediatrics",
        "name": "Epsp gynécologue pédiatrie"
      },
      "geometry": {
        "type": "Point",
        "coordinates": [
          3.031899,
          36.7679829
        ]
      },
      "id": "node/6189288087"
    },
    {
      "type": "Feature",
      "properties": {
        "@id": "node/6246886823",
        "amenity": "hospital",
        "name:fr": "Hôpital de Tigzirt"
      },
      "geometry": {
        "type": "Point",
        "coordinates": [
          4.1264974,
          36.8923759
        ]
      },
      "id": "node/6246886823"
    },
    {
      "type": "Feature",
      "properties": {
        "@id": "node/6249875562",
        "amenity": "hospital",
        "name": "cabinet CARDIOLOGUE DR BELKHIR"
      },
      "geometry": {
        "type": "Point",
        "coordinates": [
          3.3064486,
          36.2284391
        ]
      },
      "id": "node/6249875562"
    },
    {
      "type": "Feature",
      "properties": {
        "@id": "node/6249915362",
        "amenity": "hospital",
        "healthcare": "hospital",
        "name": "قاعة علاج",
        "name:ar": "قاعة علاج"
      },
      "geometry": {
        "type": "Point",
        "coordinates": [
          3.6468799,
          36.2355667
        ]
      },
      "id": "node/6249915362"
    },
    {
      "type": "Feature",
      "properties": {
        "@id": "node/6295377085",
        "addr:street": "rue sidi abdallah",
        "amenity": "hospital",
        "name:fr": "EPH MORSOTT",
        "phone": "037657224"
      },
      "geometry": {
        "type": "Point",
        "coordinates": [
          8.0130463,
          35.6704096
        ]
      },
      "id": "node/6295377085"
    },
    {
      "type": "Feature",
      "properties": {
        "@id": "node/6303025150",
        "amenity": "hospital",
        "healthcare": "doctor",
        "name": "طبيبة عامة دحماني",
        "name:ar": "طبيبة عامة دحماني"
      },
      "geometry": {
        "type": "Point",
        "coordinates": [
          3.6487243,
          36.2345134
        ]
      },
      "id": "node/6303025150"
    },
    {
      "type": "Feature",
      "properties": {
        "@id": "node/6327479698",
        "amenity": "hospital",
        "emergency": "yes",
        "healthcare": "hospital",
        "name": "Hospital Valle del Guadalhorce",
        "network": "Servicio Andaluz de Salud",
        "network:short": "SAS",
        "operator:type": "public",
        "wikidata": "Q87762200"
      },
      "geometry": {
        "type": "Point",
        "coordinates": [
          -4.6710606,
          36.7218449
        ]
      },
      "id": "node/6327479698"
    },
    {
      "type": "Feature",
      "properties": {
        "@id": "node/6411403481",
        "amenity": "hospital",
        "healthcare": "hospital",
        "name": "Laboratory",
        "operator": "Laboratoire achifae"
      },
      "geometry": {
        "type": "Point",
        "coordinates": [
          -7.7256209,
          33.5354999
        ]
      },
      "id": "node/6411403481"
    },
    {
      "type": "Feature",
      "properties": {
        "@id": "node/6452249687",
        "addr:city": "غات",
        "addr:city:ar": "غات",
        "amenity": "hospital",
        "healthcare": "hospital",
        "name": "مستشفي غات العام",
        "name:ar": "مستشفي غات العام",
        "name:en": "GATT General Hospital",
        "name:fr": "Hôpital Général de Ghat"
      },
      "geometry": {
        "type": "Point",
        "coordinates": [
          10.1841763,
          24.9593474
        ]
      },
      "id": "node/6452249687"
    },
    {
      "type": "Feature",
      "properties": {
        "@id": "node/6454369090",
        "addr:city": "dellys",
        "addr:housenumber": "17",
        "addr:street": "cite 92 logts les jardins",
        "amenity": "hospital",
        "emergency": "no",
        "healthcare": "hospital",
        "healthcare:speciality": "gynaecology",
        "name": "Dr LOUAHCHI Gynecologue",
        "phone": "024762825"
      },
      "geometry": {
        "type": "Point",
        "coordinates": [
          3.8941501,
          36.917622
        ]
      },
      "id": "node/6454369090"
    },
    {
      "type": "Feature",
      "properties": {
        "@id": "node/6655121204",
        "addr:city": "سوق الاثنين",
        "addr:city:ar": "سوق الاثنين",
        "amenity": "hospital",
        "healthcare": "hospital",
        "language:ar": "main",
        "name": "Hôpital Souk El Tenine مستشفى سوق الاثنين",
        "name:ar": "مستشفى سوق الاثنين",
        "name:en": "Souk El Tenine Hospital",
        "name:fr": "Hôpital Souk El Tenine"
      },
      "geometry": {
        "type": "Point",
        "coordinates": [
          5.339233,
          36.6288242
        ]
      },
      "id": "node/6655121204"
    },
    {
      "type": "Feature",
      "properties": {
        "@id": "node/6716444987",
        "amenity": "hospital",
        "name": "Polyclinique"
      },
      "geometry": {
        "type": "Point",
        "coordinates": [
          3.8487679,
          35.9574251
        ]
      },
      "id": "node/6716444987"
    },
    {
      "type": "Feature",
      "properties": {
        "@id": "node/6719106688",
        "amenity": "hospital",
        "healthcare": "hospital",
        "name": "مشفى",
        "name:ar": "مشفى",
        "name:en": "hospital",
        "name:fr": "hospital"
      },
      "geometry": {
        "type": "Point",
        "coordinates": [
          5.9687414,
          36.1177623
        ]
      },
      "id": "node/6719106688"
    },
    {
      "type": "Feature",
      "properties": {
        "@id": "node/6737692086",
        "addr:city": "برج باجي مختار",
        "amenity": "hospital",
        "healthcare": "hospital",
        "name": "عيادة الحكيم فراجي",
        "name:ar": "عيادة الحكيم فراجي"
      },
      "geometry": {
        "type": "Point",
        "coordinates": [
          0.9491468,
          21.3307062
        ]
      },
      "id": "node/6737692086"
    },
    {
      "type": "Feature",
      "properties": {
        "@id": "node/6784641748",
        "amenity": "hospital",
        "healthcare": "hospital",
        "name:fr": "centre pour radiologie et chimiothérapie"
      },
      "geometry": {
        "type": "Point",
        "coordinates": [
          2.8799767,
          36.6616155
        ]
      },
      "id": "node/6784641748"
    },
    {
      "type": "Feature",
      "properties": {
        "@id": "node/6801392586",
        "amenity": "hospital",
        "healthcare": "hospital",
        "name": "مركز تحقين الدم",
        "name:ar": "مركز تحقين الدم",
        "name:fr": "Centre transfusion de sang"
      },
      "geometry": {
        "type": "Point",
        "coordinates": [
          4.0381155,
          36.7126975
        ]
      },
      "id": "node/6801392586"
    },
    {
      "type": "Feature",
      "properties": {
        "@id": "node/6852736985",
        "amenity": "hospital",
        "name": "مصحة نابتي",
        "name:ar": "مصحة نابتي",
        "name:fr": "Clinique NABTI",
        "opening_hours": "24/7"
      },
      "geometry": {
        "type": "Point",
        "coordinates": [
          5.407536,
          36.1759794
        ]
      },
      "id": "node/6852736985"
    },
    {
      "type": "Feature",
      "properties": {
        "@id": "node/6940002915",
        "amenity": "hospital",
        "healthcare": "hospital"
      },
      "geometry": {
        "type": "Point",
        "coordinates": [
          5.9927132,
          33.5791529
        ]
      },
      "id": "node/6940002915"
    },
    {
      "type": "Feature",
      "properties": {
        "@id": "node/6954436790",
        "addr:postcode": "22000",
        "amenity": "hospital",
        "name:fr": "Les rosiers",
        "opening_hours": "24/7"
      },
      "geometry": {
        "type": "Point",
        "coordinates": [
          -0.6363444,
          35.1945455
        ]
      },
      "id": "node/6954436790"
    },
    {
      "type": "Feature",
      "properties": {
        "@id": "node/6965905185",
        "addr:city": "غليزان",
        "addr:city:ar": "غليزان",
        "amenity": "hospital",
        "healthcare": "hospital",
        "name": "العيادة المتعددة الخدمات غليزان",
        "name:ar": "العيادة المتعددة الخدمات غليزان",
        "name:en": "EPSP Relizane",
        "name:fr": "EPSP Relizane"
      },
      "geometry": {
        "type": "Point",
        "coordinates": [
          0.5604548,
          35.7321765
        ]
      },
      "id": "node/6965905185"
    },
    {
      "type": "Feature",
      "properties": {
        "@id": "node/7044729185",
        "amenity": "hospital",
        "healthcare": "hospital"
      },
      "geometry": {
        "type": "Point",
        "coordinates": [
          7.8508323,
          36.7066201
        ]
      },
      "id": "node/7044729185"
    },
    {
      "type": "Feature",
      "properties": {
        "@id": "node/7048020985",
        "addr:city": "مغنية",
        "addr:city:ar": "مغنية",
        "amenity": "hospital",
        "healthcare": "hospital",
        "name": "طبيبة بريكسي",
        "name:ar": "طبيبة بريكسي",
        "name:fr": "Medcin brikci"
      },
      "geometry": {
        "type": "Point",
        "coordinates": [
          -1.7403039,
          34.8479339
        ]
      },
      "id": "node/7048020985"
    },
    {
      "type": "Feature",
      "properties": {
        "@id": "node/7122917994",
        "addr:city": "biskra",
        "amenity": "hospital",
        "healthcare": "hospital",
        "name": "المجمع الصحي بن باديس",
        "name:ar": "المجمع الصحي بن باديس",
        "name:fr": "Polyclinique Abdelhamid Ibn Badis"
      },
      "geometry": {
        "type": "Point",
        "coordinates": [
          5.7055732,
          34.8489451
        ]
      },
      "id": "node/7122917994"
    },
    {
      "type": "Feature",
      "properties": {
        "@id": "node/7168679411",
        "amenity": "hospital",
        "healthcare": "hospital",
        "name": "Hospital CNSS"
      },
      "geometry": {
        "type": "Point",
        "coordinates": [
          -7.5008035,
          33.6107521
        ]
      },
      "id": "node/7168679411"
    },
    {
      "type": "Feature",
      "properties": {
        "@id": "node/7170205986",
        "amenity": "hospital",
        "opening_hours": "Su-Th 08:00-12:00"
      },
      "geometry": {
        "type": "Point",
        "coordinates": [
          6.5509145,
          36.9054005
        ]
      },
      "id": "node/7170205986"
    },
    {
      "type": "Feature",
      "properties": {
        "@id": "node/7178708786",
        "addr:city": "الرابوني",
        "addr:city:ar": "الرابوني",
        "amenity": "hospital",
        "healthcare": "hospital",
        "language:ar": "main",
        "name": "عيادة خارجية مستشفى الرابوني",
        "name:ar": "عيادة خارجية مستشفى الرابوني",
        "name:en": "External clinic Rabouni Hospital",
        "opening_hours": "24/7"
      },
      "geometry": {
        "type": "Point",
        "coordinates": [
          -8.0815465,
          27.4820272
        ]
      },
      "id": "node/7178708786"
    },
    {
      "type": "Feature",
      "properties": {
        "@id": "node/7195209602",
        "amenity": "hospital",
        "healthcare": "hospital",
        "name": "Centro de Salud \"Cruz de Caravaca\"",
        "wikidata": "Q97286283"
      },
      "geometry": {
        "type": "Point",
        "coordinates": [
          -2.456012,
          36.8516397
        ]
      },
      "id": "node/7195209602"
    },
    {
      "type": "Feature",
      "properties": {
        "@id": "node/7346123785",
        "amenity": "hospital",
        "name": "عين سرار",
        "name:ar": "عين سرار",
        "name:fr": "Ain srar"
      },
      "geometry": {
        "type": "Point",
        "coordinates": [
          3.2597628,
          34.6898524
        ]
      },
      "id": "node/7346123785"
    },
    {
      "type": "Feature",
      "properties": {
        "@id": "node/7347151316",
        "amenity": "hospital",
        "healthcare": "hospital",
        "name": "بارافرماسي",
        "name:ar": "بارافرماسي",
        "name:fr": "parapharmacie"
      },
      "geometry": {
        "type": "Point",
        "coordinates": [
          10.1685548,
          36.8525991
        ]
      },
      "id": "node/7347151316"
    },
    {
      "type": "Feature",
      "properties": {
        "@id": "node/7390914086",
        "amenity": "hospital",
        "healthcare": "clinic",
        "name": "مستشفى دائرة التفاريتي",
        "name:ar": "مستشفى دائرة التفاريتي"
      },
      "geometry": {
        "type": "Point",
        "coordinates": [
          -7.8413459,
          27.4926907
        ]
      },
      "id": "node/7390914086"
    },
    {
      "type": "Feature",
      "properties": {
        "@id": "node/7428813590",
        "amenity": "hospital",
        "healthcare": "hospital",
        "name": "ذوي الاحتياجات الخاصة \"كاسترو\"",
        "name:ar": "ذوي الاحتياجات الخاصة \"كاسترو\""
      },
      "geometry": {
        "type": "Point",
        "coordinates": [
          -7.8257443,
          27.4929189
        ]
      },
      "id": "node/7428813590"
    },
    {
      "type": "Feature",
      "properties": {
        "@id": "node/7428951990",
        "amenity": "hospital",
        "healthcare": "hospital",
        "name": "مستشفى دائرة أمهيريز",
        "name:ar": "مستشفى دائرة أمهيريز"
      },
      "geometry": {
        "type": "Point",
        "coordinates": [
          -7.8458717,
          27.4887147
        ]
      },
      "id": "node/7428951990"
    },
    {
      "type": "Feature",
      "properties": {
        "@id": "node/7530030185",
        "amenity": "hospital",
        "name": "المؤسسة الاستشفائية للصحة الجوارية (ليشانة)",
        "name:ar": "المؤسسة الاستشفائية للصحة الجوارية (ليشانة)",
        "name:en": "Hospital",
        "name:fr": "Hôpital"
      },
      "geometry": {
        "type": "Point",
        "coordinates": [
          5.4371823,
          34.7295665
        ]
      },
      "id": "node/7530030185"
    },
    {
      "type": "Feature",
      "properties": {
        "@id": "node/7571651896",
        "addr:city": "Sidi Allal El Bahraoui ⵙⵉⴷⵉ ⵄⵍⵍⴰⵍ ⴰⴱⵃⵔⴰⵡⵉ سيدي علال البحراوي",
        "addr:housenumber": "134",
        "addr:street": "HAY ENNASSER",
        "amenity": "hospital",
        "ele": "34.01",
        "healthcare": "hospital",
        "healthcare:speciality": "general",
        "name": "Cabinet Dr Siham BENALI OUMJOUD",
        "operator": "Dr Siham BENALI OUMJOUD",
        "operator:type": "private",
        "website": "https://cabinet-docteur-siham-benali-oumjoud.business.site/website/cabinet-docteur-siham-benali-oumjoud/"
      },
      "geometry": {
        "type": "Point",
        "coordinates": [
          -6.5294678,
          34.0076276
        ]
      },
      "id": "node/7571651896"
    },
    {
      "type": "Feature",
      "properties": {
        "@id": "node/7577448985",
        "addr:street": "حي المنظر الجميل بالقرب من نزل سي موسى",
        "amenity": "hospital",
        "email": "mounirkhelef@gmail.com",
        "healthcare": "hospital",
        "internet_access": "wlan",
        "name": "خلف منير",
        "name:ar": "خلف منير",
        "name:en": "Dr Mounir Khelrf",
        "name:fr": "Mounir Khelrf",
        "phone": "032110738"
      },
      "geometry": {
        "type": "Point",
        "coordinates": [
          6.850159,
          33.368114
        ]
      },
      "id": "node/7577448985"
    },
    {
      "type": "Feature",
      "properties": {
        "@id": "node/7602911185",
        "addr:housenumber": "Immeuble 2",
        "addr:postcode": "60000",
        "addr:street": "rue saad zaghloul",
        "amenity": "hospital",
        "healthcare": "hospital",
        "internet_access": "wlan"
      },
      "geometry": {
        "type": "Point",
        "coordinates": [
          -1.9235752,
          34.6731549
        ]
      },
      "id": "node/7602911185"
    },
    {
      "type": "Feature",
      "properties": {
        "@id": "node/7618827585",
        "amenity": "hospital",
        "name": "مستشفى عمامرة الحبيب",
        "name:ar": "مستشفى عمامرة الحبيب",
        "name:en": "hôpital AMAMRA HBIB",
        "name:fr": "hôpital AMAMRA HBIB"
      },
      "geometry": {
        "type": "Point",
        "coordinates": [
          0.6941959,
          35.4608616
        ]
      },
      "id": "node/7618827585"
    },
    {
      "type": "Feature",
      "properties": {
        "@id": "node/7638176189",
        "amenity": "hospital",
        "name": "طبيب الأسنان",
        "name:ar": "طبيب الأسنان"
      },
      "geometry": {
        "type": "Point",
        "coordinates": [
          3.6738962,
          36.2907305
        ]
      },
      "id": "node/7638176189"
    },
    {
      "type": "Feature",
      "properties": {
        "@id": "node/7700371985",
        "addr:postcode": "24016",
        "amenity": "hospital",
        "name": "العيادة المتعددة الخدمات الجديدة",
        "name:en": "New polyclinique",
        "name:fr": "Nouvelle polyclinique",
        "opening_hours": "24/7"
      },
      "geometry": {
        "type": "Point",
        "coordinates": [
          7.5212157,
          36.3670847
        ]
      },
      "id": "node/7700371985"
    },
    {
      "type": "Feature",
      "properties": {
        "@id": "node/7728916299",
        "addr:city": "Tit Mellil تيط مليل",
        "addr:housenumber": "288",
        "addr:street": "Bd Attawhid",
        "amenity": "hospital",
        "emergency": "yes",
        "healthcare": "hospital",
        "healthcare:speciality": "general",
        "name": "Urgences",
        "operator": "Dr Benkhouja",
        "operator:type": "private",
        "phone": "+212 5 22 33 17 77"
      },
      "geometry": {
        "type": "Point",
        "coordinates": [
          -7.4852956,
          33.549182
        ]
      },
      "id": "node/7728916299"
    },
    {
      "type": "Feature",
      "properties": {
        "@id": "node/7817989485",
        "amenity": "hospital",
        "name": "De police"
      },
      "geometry": {
        "type": "Point",
        "coordinates": [
          -0.6444025,
          35.1898784
        ]
      },
      "id": "node/7817989485"
    },
    {
      "type": "Feature",
      "properties": {
        "@id": "node/7853259084",
        "amenity": "hospital",
        "healthcare": "hospital"
      },
      "geometry": {
        "type": "Point",
        "coordinates": [
          -7.1264144,
          33.6140866
        ]
      },
      "id": "node/7853259084"
    },
    {
      "type": "Feature",
      "properties": {
        "@id": "node/7861591888",
        "amenity": "hospital",
        "name": "قاعة علاج",
        "name:ar": "قاعة علاج"
      },
      "geometry": {
        "type": "Point",
        "coordinates": [
          -0.5505049,
          34.8864955
        ]
      },
      "id": "node/7861591888"
    },
    {
      "type": "Feature",
      "properties": {
        "@id": "node/7887745588",
        "amenity": "hospital",
        "name": "مستشفى",
        "name:ar": "مستشفى"
      },
      "geometry": {
        "type": "Point",
        "coordinates": [
          -0.8078268,
          34.4993608
        ]
      },
      "id": "node/7887745588"
    },
    {
      "type": "Feature",
      "properties": {
        "@id": "node/7887746186",
        "amenity": "hospital",
        "name": "مستشفى",
        "name:ar": "مستشفى",
        "name:en": "Hopital"
      },
      "geometry": {
        "type": "Point",
        "coordinates": [
          -0.8267119,
          34.4951978
        ]
      },
      "id": "node/7887746186"
    },
    {
      "type": "Feature",
      "properties": {
        "@id": "node/7887746187",
        "amenity": "hospital",
        "name": "عيادة شيالي",
        "name:ar": "عيادة شيالي",
        "name:en": "Clinique chiali"
      },
      "geometry": {
        "type": "Point",
        "coordinates": [
          -0.6307306,
          35.1883586
        ]
      },
      "id": "node/7887746187"
    },
    {
      "type": "Feature",
      "properties": {
        "@id": "node/7890433148",
        "addr:city": "باتنة",
        "addr:postcode": "05000",
        "amenity": "hospital",
        "healthcare": "hospital",
        "name": "مركز الاصيل الاكاديمي العالمي",
        "name:ar": "مركز الاصيل الاكاديمي العالمي"
      },
      "geometry": {
        "type": "Point",
        "coordinates": [
          6.1716802,
          35.5477347
        ]
      },
      "id": "node/7890433148"
    },
    {
      "type": "Feature",
      "properties": {
        "@id": "node/7919870954",
        "amenity": "hospital",
        "healthcare": "clinic",
        "name": "Hôpital Sbikha"
      },
      "geometry": {
        "type": "Point",
        "coordinates": [
          10.0214701,
          35.9292217
        ]
      },
      "id": "node/7919870954"
    },
    {
      "type": "Feature",
      "properties": {
        "@id": "node/7966222817",
        "addr:city": "نابل",
        "addr:housenumber": "37",
        "addr:postcode": "8000",
        "addr:street": "شارع الحبيب بورقيبة",
        "amenity": "hospital",
        "healthcare": "doctor",
        "healthcare:speciality": "general",
        "name": "Immeuble City Center"
      },
      "geometry": {
        "type": "Point",
        "coordinates": [
          10.7356077,
          36.450657
        ]
      },
      "id": "node/7966222817"
    },
    {
      "type": "Feature",
      "properties": {
        "@id": "node/8026718685",
        "addr:city": "Houmt Essouk",
        "amenity": "hospital",
        "emergency": "yes",
        "healthcare": "hospital",
        "healthcare:speciality": "general",
        "name": "مستشفى الصادق مقدم",
        "name:ar": "مستشفى الصادق مقدم",
        "name:fr": "Hôpital Sadok Mokaddem",
        "operator": "citoyens",
        "operator:type": "public",
        "phone": "+216 75 650 160"
      },
      "geometry": {
        "type": "Point",
        "coordinates": [
          10.865201,
          33.8671347
        ]
      },
      "id": "node/8026718685"
    },
    {
      "type": "Feature",
      "properties": {
        "@id": "node/8114172346",
        "amenity": "hospital",
        "healthcare": "hospital",
        "name": "Hôpital Privé Al Khiraoui",
        "name:ar": "مستشفى خاص الطبيب الخيراوي",
        "name:fr": "Hôpital Privé"
      },
      "geometry": {
        "type": "Point",
        "coordinates": [
          -6.3693369,
          32.5464322
        ]
      },
      "id": "node/8114172346"
    },
    {
      "type": "Feature",
      "properties": {
        "@id": "node/8377190516",
        "addr:city": "Al Hoceima",
        "addr:street": "La Rocade Méditerranéenne الطريق الساحلية المتوسطية",
        "amenity": "hospital",
        "healthcare": "hospital",
        "name": "Centre Hospitalier Provincial Mohammed VI",
        "operator": "Ministère de la Santé",
        "operator:type": "public"
      },
      "geometry": {
        "type": "Point",
        "coordinates": [
          -3.8875079,
          35.1957408
        ]
      },
      "id": "node/8377190516"
    },
    {
      "type": "Feature",
      "properties": {
        "@id": "node/8385169673",
        "amenity": "hospital",
        "healthcare": "hospital",
        "healthcare:speciality": "dentist",
        "name": "gherbi"
      },
      "geometry": {
        "type": "Point",
        "coordinates": [
          5.7361529,
          34.8501343
        ]
      },
      "id": "node/8385169673"
    },
    {
      "type": "Feature",
      "properties": {
        "@id": "node/8390829217",
        "amenity": "hospital",
        "name": "مستشفى مختلط",
        "name:fr": "hôpital Tati argali"
      },
      "geometry": {
        "type": "Point",
        "coordinates": [
          0.9659421,
          21.3266163
        ]
      },
      "id": "node/8390829217"
    },
    {
      "type": "Feature",
      "properties": {
        "@id": "node/8392889917",
        "amenity": "hospital",
        "name": "عيادة",
        "name:en": "Hospital"
      },
      "geometry": {
        "type": "Point",
        "coordinates": [
          7.3135844,
          34.1800695
        ]
      },
      "id": "node/8392889917"
    },
    {
      "type": "Feature",
      "properties": {
        "@id": "node/8432133217",
        "amenity": "hospital",
        "name": "قاعة علاج الحويطة",
        "name:fr": "Hospital"
      },
      "geometry": {
        "type": "Point",
        "coordinates": [
          2.4491939,
          33.6465374
        ]
      },
      "id": "node/8432133217"
    },
    {
      "type": "Feature",
      "properties": {
        "@id": "node/8454573018",
        "amenity": "hospital",
        "name": "Laboratoire d'analyses médicales Atf Kamoun"
      },
      "geometry": {
        "type": "Point",
        "coordinates": [
          10.1510901,
          36.833963
        ]
      },
      "id": "node/8454573018"
    },
    {
      "type": "Feature",
      "properties": {
        "@id": "node/8488822777",
        "amenity": "hospital",
        "healthcare": "hospital",
        "name": "CSB"
      },
      "geometry": {
        "type": "Point",
        "coordinates": [
          10.7472075,
          36.4680179
        ]
      },
      "id": "node/8488822777"
    },
    {
      "type": "Feature",
      "properties": {
        "@id": "node/8602201718",
        "amenity": "hospital",
        "name:fr": "EPSP KHEMIS EL KHACHNA"
      },
      "geometry": {
        "type": "Point",
        "coordinates": [
          3.3196429,
          36.6431711
        ]
      },
      "id": "node/8602201718"
    },
    {
      "type": "Feature",
      "properties": {
        "@id": "node/8661142191",
        "addr:street": "Calle Juan Gray",
        "amenity": "hospital",
        "email": "informacion@policlinicaaguilas.com",
        "name": "Policlínica Águilas",
        "website": "https://www.policlinicaaguilas.com/"
      },
      "geometry": {
        "type": "Point",
        "coordinates": [
          -1.5896641,
          37.4037285
        ]
      },
      "id": "node/8661142191"
    },
    {
      "type": "Feature",
      "properties": {
        "@id": "node/8692791117",
        "amenity": "hospital",
        "name": "مستشفى الأمومة والطفولة",
        "name:fr": "Maternite",
        "phone": "046 22 26 01",
        "wheelchair": "yes"
      },
      "geometry": {
        "type": "Point",
        "coordinates": [
          1.3430739,
          35.3476624
        ]
      },
      "id": "node/8692791117"
    },
    {
      "type": "Feature",
      "properties": {
        "@id": "node/8702157318",
        "amenity": "hospital"
      },
      "geometry": {
        "type": "Point",
        "coordinates": [
          -0.4479773,
          34.7779417
        ]
      },
      "id": "node/8702157318"
    },
    {
      "type": "Feature",
      "properties": {
        "@id": "node/8776855671",
        "amenity": "hospital",
        "healthcare": "hospital",
        "healthcare:speciality": "general;acupuncture;traditional_chinese_medicine",
        "name": "Cabinet médical général Dr. Boulfous",
        "name:ar": "عيادة طبية عامة الدكتورة بولفوس"
      },
      "geometry": {
        "type": "Point",
        "coordinates": [
          6.059463,
          36.4966756
        ]
      },
      "id": "node/8776855671"
    },
    {
      "type": "Feature",
      "properties": {
        "@id": "node/8873173032",
        "amenity": "hospital",
        "is_in:country": "Algeria الجزائر",
        "is_in:state": "Tlemcen تلمسان",
        "name": "Sanatorium Lalla Setti مستشفى لالا ستي",
        "name:ar": "مستشفى لالا ستي",
        "name:en": "Sanatorium Lalla Setti"
      },
      "geometry": {
        "type": "Point",
        "coordinates": [
          -1.3030037,
          34.863915
        ]
      },
      "id": "node/8873173032"
    },
    {
      "type": "Feature",
      "properties": {
        "@id": "node/9343524360",
        "amenity": "hospital",
        "healthcare": "hospital",
        "name": "مستشفى سيدي قاسم"
      },
      "geometry": {
        "type": "Point",
        "coordinates": [
          -5.6988963,
          34.2206173
        ]
      },
      "id": "node/9343524360"
    },
    {
      "type": "Feature",
      "properties": {
        "@id": "node/9554359928",
        "addr:city": "Sfax",
        "addr:housenumber": "Centre Ennakhla",
        "addr:postcode": "3021",
        "addr:street": "Rte de Tunis km 6, Sakiet Ezzit",
        "amenity": "hospital",
        "emergency": "no",
        "healthcare": "hospital",
        "healthcare:speciality": "opticien",
        "name": "DAMMAK OPTIQUE",
        "operator": "DAMMAK OPTIQUE",
        "operator:type": "private"
      },
      "geometry": {
        "type": "Point",
        "coordinates": [
          10.7603483,
          34.797783
        ]
      },
      "id": "node/9554359928"
    },
    {
      "type": "Feature",
      "properties": {
        "@id": "node/9613551606",
        "amenity": "hospital",
        "healthcare": "hospital",
        "name": "Clinical Les Fleurs"
      },
      "geometry": {
        "type": "Point",
        "coordinates": [
          -7.6220232,
          33.5815871
        ]
      },
      "id": "node/9613551606"
    },
    {
      "type": "Feature",
      "properties": {
        "@id": "node/9748773606",
        "addr:street": "Plaza de Madrid",
        "amenity": "hospital",
        "check_date": "2025-08-09",
        "email": "info@gmlopezcano.com",
        "healthcare": "hospital",
        "name": "Hospital Doctor López Cano",
        "nohousenumber": "yes",
        "phone": "+34 956 20 58 54;+34 956 20 58 55",
        "website": "https://www.gmlopezcano.com"
      },
      "geometry": {
        "type": "Point",
        "coordinates": [
          -6.2734749,
          36.5019728
        ]
      },
      "id": "node/9748773606"
    },
    {
      "type": "Feature",
      "properties": {
        "@id": "node/9792586717",
        "addr:housenumber": "E13",
        "addr:postcode": "50050",
        "addr:street": "Riad Azzaytoune B",
        "amenity": "hospital",
        "email": "nabil@gynecomeknes.ma",
        "healthcare": "hospital",
        "internet_access": "wlan",
        "name": "طبيب النساء و التوليد",
        "name:en": "Gynecologist",
        "name:fr": "Gynécologue Obstétricien",
        "opening_hours": "24/7",
        "phone": "+212 5 35 46 82 82",
        "website": "http://gynecomeknes.ma"
      },
      "geometry": {
        "type": "Point",
        "coordinates": [
          -5.5717484,
          33.8589416
        ]
      },
      "id": "node/9792586717"
    },
    {
      "type": "Feature",
      "properties": {
        "@id": "node/9811078186",
        "amenity": "hospital",
        "healthcare": "yes",
        "name": "مركز الصحة الأساسية بتونكت",
        "name:ar": "مركز الصحة الأساسية بتونكت",
        "name:fr": "Centre de santé de base de Tounket"
      },
      "geometry": {
        "type": "Point",
        "coordinates": [
          10.4852018,
          32.8749386
        ]
      },
      "id": "node/9811078186"
    },
    {
      "type": "Feature",
      "properties": {
        "@id": "node/9818004436",
        "addr:city": "Douiret",
        "addr:postcode": "3232",
        "amenity": "hospital",
        "healthcare": "yes",
        "name": "مركز الصحة الأساسية بالدويرات",
        "name:ar": "مركز الصحة الأساسية بالدويرات",
        "name:fr": "Centre de santé de base à Duiret"
      },
      "geometry": {
        "type": "Point",
        "coordinates": [
          10.2889111,
          32.8567264
        ]
      },
      "id": "node/9818004436"
    },
    {
      "type": "Feature",
      "properties": {
        "@id": "node/9818004439",
        "addr:city": "شنني",
        "addr:postcode": "3222",
        "addr:street": "chenini tataouine",
        "amenity": "hospital",
        "healthcare": "yes",
        "name": "مركز الصحة الأساسية بشنني",
        "name:ar": "مركز الصحة الأساسية بشنني",
        "name:fr": "Centre de santé de base à Chenini"
      },
      "geometry": {
        "type": "Point",
        "coordinates": [
          10.2605246,
          32.9105272
        ]
      },
      "id": "node/9818004439"
    },
    {
      "type": "Feature",
      "properties": {
        "@id": "node/9885635629",
        "amenity": "hospital",
        "healthcare": "hospital",
        "name": "المركز الصحي الحضري المستوى 1 الوحدة",
        "name:ar": "المركز الصحي الحضري المستوى 1 الوحدة",
        "name:ber": "ⴰⵎⵎⴰⵙ ⴰⴷⵓⵙⴰⵏ ⴰⵖⵔⵎⴰⵏ ⴰⵍ ⵡⴰⵃⴷⴰ",
        "name:fr": "Centre de Santé Urbain Niveau 1 Al Wahda"
      },
      "geometry": {
        "type": "Point",
        "coordinates": [
          -5.5449476,
          33.8539401
        ]
      },
      "id": "node/9885635629"
    },
    {
      "type": "Feature",
      "properties": {
        "@id": "node/9919775398",
        "addr:city": "Tipaza",
        "amenity": "hospital",
        "healthcare": "hospital",
        "name": "Centre du sang de Tipaza",
        "name:ar": "مركز التبرع بالدم",
        "name:en": "Tipaza Blood Centre",
        "name:fr": "Centre du sang de Tipaza"
      },
      "geometry": {
        "type": "Point",
        "coordinates": [
          2.4388187,
          36.5873594
        ]
      },
      "id": "node/9919775398"
    },
    {
      "type": "Feature",
      "properties": {
        "@id": "node/9927722618",
        "amenity": "hospital",
        "name": "مستشفى هواري بومدين",
        "name:en": "Houari boumedien Hospital",
        "name:fr": "EPH Houari boumedienne",
        "opening_hours": "24/7",
        "phone": "037776718"
      },
      "geometry": {
        "type": "Point",
        "coordinates": [
          7.5338348,
          36.1319566
        ]
      },
      "id": "node/9927722618"
    },
    {
      "type": "Feature",
      "properties": {
        "@id": "node/9944920276",
        "amenity": "hospital",
        "healthcare": "hospital",
        "name": "Hopital El Fouar",
        "name:fr": "Hopital El Fouar"
      },
      "geometry": {
        "type": "Point",
        "coordinates": [
          8.6636946,
          33.3613593
        ]
      },
      "id": "node/9944920276"
    },
    {
      "type": "Feature",
      "properties": {
        "@id": "node/9983928969",
        "amenity": "hospital",
        "healthcare": "hospital"
      },
      "geometry": {
        "type": "Point",
        "coordinates": [
          -7.0339299,
          33.8551214
        ]
      },
      "id": "node/9983928969"
    },
    {
      "type": "Feature",
      "properties": {
        "@id": "node/9985600118",
        "amenity": "hospital",
        "name": "13 - hospital"
      },
      "geometry": {
        "type": "Point",
        "coordinates": [
          0.0978456,
          35.9545878
        ]
      },
      "id": "node/9985600118"
    },
    {
      "type": "Feature",
      "properties": {
        "@id": "node/9985889508",
        "amenity": "hospital",
        "healthcare": "hospital"
      },
      "geometry": {
        "type": "Point",
        "coordinates": [
          -7.0477275,
          33.8411937
        ]
      },
      "id": "node/9985889508"
    },
    {
      "type": "Feature",
      "properties": {
        "@id": "node/10012456377",
        "amenity": "hospital",
        "healthcare": "hospital",
        "name": "Clinique El Wahda"
      },
      "geometry": {
        "type": "Point",
        "coordinates": [
          -2.9451742,
          35.1683846
        ]
      },
      "id": "node/10012456377"
    },
    {
      "type": "Feature",
      "properties": {
        "@id": "node/10073064473",
        "amenity": "hospital",
        "healthcare": "hospital",
        "name": "Centre d'Hémodialyse"
      },
      "geometry": {
        "type": "Point",
        "coordinates": [
          -7.1348526,
          33.6308643
        ]
      },
      "id": "node/10073064473"
    },
    {
      "type": "Feature",
      "properties": {
        "@id": "node/10073071769",
        "amenity": "hospital",
        "healthcare": "hospital",
        "healthcare:speciality": "general",
        "name": "Centre Hospitalier Provincial de Benslimane"
      },
      "geometry": {
        "type": "Point",
        "coordinates": [
          -7.1346264,
          33.6304207
        ]
      },
      "id": "node/10073071769"
    },
    {
      "type": "Feature",
      "properties": {
        "@id": "node/10113736560",
        "addr:city": "Saoula السحاولة",
        "addr:country": "DZ",
        "addr:state": "algers",
        "amenity": "hospital",
        "name": "clinic zohor عيادة زهور",
        "name:ar": "عيادة زهور",
        "name:en": "clinic zohor"
      },
      "geometry": {
        "type": "Point",
        "coordinates": [
          3.0250966,
          36.7016323
        ]
      },
      "id": "node/10113736560"
    },
    {
      "type": "Feature",
      "properties": {
        "@id": "node/10242606009",
        "amenity": "hospital",
        "name": "El Hamma",
        "name:en": "Institut Pasteur d’Algérie"
      },
      "geometry": {
        "type": "Point",
        "coordinates": [
          3.0758822,
          36.7443224
        ]
      },
      "id": "node/10242606009"
    },
    {
      "type": "Feature",
      "properties": {
        "@id": "node/10293916500",
        "amenity": "hospital",
        "healthcare": "hospital",
        "name": "مستشفى"
      },
      "geometry": {
        "type": "Point",
        "coordinates": [
          -4.9140958,
          34.6321673
        ]
      },
      "id": "node/10293916500"
    },
    {
      "type": "Feature",
      "properties": {
        "@id": "node/10295661909",
        "amenity": "hospital",
        "name": "شوبان توفيق",
        "name:fr": "Choban toufik",
        "phone": "049611264"
      },
      "geometry": {
        "type": "Point",
        "coordinates": [
          1.0136291,
          33.673487
        ]
      },
      "id": "node/10295661909"
    },
    {
      "type": "Feature",
      "properties": {
        "@id": "node/10313284409",
        "amenity": "hospital",
        "name": "أم الأقصاب",
        "name:en": "om lagsab"
      },
      "geometry": {
        "type": "Point",
        "coordinates": [
          8.3592423,
          34.7092626
        ]
      },
      "id": "node/10313284409"
    },
    {
      "type": "Feature",
      "properties": {
        "@id": "node/10558675910",
        "amenity": "hospital",
        "healthcare": "hospital"
      },
      "geometry": {
        "type": "Point",
        "coordinates": [
          -5.926075,
          35.6842694
        ]
      },
      "id": "node/10558675910"
    },
    {
      "type": "Feature",
      "properties": {
        "@id": "node/10564950209",
        "amenity": "hospital",
        "name:ar": "اسحاق"
      },
      "geometry": {
        "type": "Point",
        "coordinates": [
          3.2350318,
          36.7665051
        ]
      },
      "id": "node/10564950209"
    },
    {
      "type": "Feature",
      "properties": {
        "@id": "node/10616449409",
        "amenity": "hospital",
        "name": "Carthagene قرطاجنة"
      },
      "geometry": {
        "type": "Point",
        "coordinates": [
          10.2001733,
          36.8454573
        ]
      },
      "id": "node/10616449409"
    },
    {
      "type": "Feature",
      "properties": {
        "@id": "node/10657554106",
        "amenity": "hospital",
        "healthcare": "hospital",
        "name": "المستعجلات",
        "name:fr": "URGENCES"
      },
      "geometry": {
        "type": "Point",
        "coordinates": [
          -6.8707789,
          33.9698292
        ]
      },
      "id": "node/10657554106"
    },
    {
      "type": "Feature",
      "properties": {
        "@id": "node/10756670211",
        "amenity": "hospital",
        "healthcare": "hospital",
        "name": "Hôpital de Proximité Rich",
        "name:ar": "مستشفى القرب الريش"
      },
      "geometry": {
        "type": "Point",
        "coordinates": [
          -4.4906056,
          32.275429
        ]
      },
      "id": "node/10756670211"
    },
    {
      "type": "Feature",
      "properties": {
        "@id": "node/10759343505",
        "amenity": "hospital",
        "name:en": "مستوصف حي الرياض3"
      },
      "geometry": {
        "type": "Point",
        "coordinates": [
          10.600555,
          35.8061298
        ]
      },
      "id": "node/10759343505"
    },
    {
      "type": "Feature",
      "properties": {
        "@id": "node/10900946705",
        "amenity": "hospital"
      },
      "geometry": {
        "type": "Point",
        "coordinates": [
          3.0649542,
          36.7190082
        ]
      },
      "id": "node/10900946705"
    },
    {
      "type": "Feature",
      "properties": {
        "@id": "node/10920276384",
        "addr:city": "Al Hoceima",
        "addr:street": "Imzouren",
        "amenity": "hospital",
        "healthcare": "hospital",
        "name": "Health Center Imzouren"
      },
      "geometry": {
        "type": "Point",
        "coordinates": [
          -3.8525583,
          35.1455755
        ]
      },
      "id": "node/10920276384"
    },
    {
      "type": "Feature",
      "properties": {
        "@id": "node/10928011106",
        "amenity": "hospital",
        "healthcare": "hospital",
        "healthcare:speciality": "pulmonology",
        "name": "Ex-Centre des insuffisants respiratoires مستشفى الأمراض التنفسية والصدرية",
        "name:ar": "مستشفى الأمراض التنفسية والصدرية",
        "name:fr": "Centre des insuffisants respiratoires"
      },
      "geometry": {
        "type": "Point",
        "coordinates": [
          2.2464439,
          36.3458164
        ]
      },
      "id": "node/10928011106"
    },
    {
      "type": "Feature",
      "properties": {
        "@id": "node/10963595856",
        "addr:city": "London",
        "addr:housenumber": "50-52",
        "addr:postcode": "W1G8TL",
        "addr:street": "New Cavendish St",
        "amenity": "hospital",
        "description": "Mr Deshmukh is a consultant ophthalmologist and an expert Cataract Surgeon with world renowned Moorfields Eye Hospital in London. \nHe has supervised and trained many ophthalmologists in cataract surgery since 2013.",
        "healthcare": "hospital",
        "name": "Rajesh Deshmukh Consultant Eye Surgeon",
        "operator": "Rajesh Deshmukh, Eye Specialist & Surgeon",
        "operator:type": "private"
      },
      "geometry": {
        "type": "Point",
        "coordinates": [
          -1.3326404,
          34.9230433
        ]
      },
      "id": "node/10963595856"
    },
    {
      "type": "Feature",
      "properties": {
        "@id": "node/11045850259",
        "addr:city": "Casablanca ⵜⴰⴷⴷⴰⵔⵜ ⵜⵓⵎⵍⵉⵍⵜ الدار البيضاء",
        "addr:street": "Rue 18 زنقة",
        "amenity": "hospital",
        "healthcare": "hospital",
        "healthcare:speciality": "physiotherapy",
        "name": "Kiné oum & co",
        "phone": "+212 6 73 24 03 66"
      },
      "geometry": {
        "type": "Point",
        "coordinates": [
          -7.5509901,
          33.5403113
        ]
      },
      "id": "node/11045850259"
    },
    {
      "type": "Feature",
      "properties": {
        "@id": "node/11049082924",
        "addr:city": "Djelfa",
        "addr:postcode": "17001",
        "addr:street": "Cité Guanani N°184 étage 1, Rond point Chiguvara.",
        "amenity": "hospital",
        "healthcare": "hospital",
        "healthcare:speciality": "ophthalmology",
        "name": "Sameh Mezher Ophtalmologie",
        "operator": "Sameh mezher",
        "operator:type": "private"
      },
      "geometry": {
        "type": "Point",
        "coordinates": [
          3.2517335,
          34.6651918
        ]
      },
      "id": "node/11049082924"
    },
    {
      "type": "Feature",
      "properties": {
        "@id": "node/11068047902",
        "amenity": "hospital",
        "healthcare": "hospital",
        "name": "Centre Amel"
      },
      "geometry": {
        "type": "Point",
        "coordinates": [
          10.0686408,
          36.537361
        ]
      },
      "id": "node/11068047902"
    },
    {
      "type": "Feature",
      "properties": {
        "@id": "node/11178932321",
        "amenity": "hospital",
        "healthcare": "hospital",
        "name": "Hospital Amizmiz"
      },
      "geometry": {
        "type": "Point",
        "coordinates": [
          -8.2333754,
          31.2188183
        ]
      },
      "id": "node/11178932321"
    },
    {
      "type": "Feature",
      "properties": {
        "@id": "node/11214370265",
        "amenity": "hospital",
        "healthcare": "hospital",
        "name": "مستشفى مولاي الحسن",
        "name:ru": "Больница имени Мулай-эль-Хассана"
      },
      "geometry": {
        "type": "Point",
        "coordinates": [
          -7.6340318,
          33.6046028
        ]
      },
      "id": "node/11214370265"
    },
    {
      "type": "Feature",
      "properties": {
        "@id": "node/11217986872",
        "amenity": "hospital",
        "healthcare": "hospital",
        "name": "المستشفى الجهوي فوشانة",
        "name:ar": "المستشفى الجهوي فوشانة",
        "name:fr": "Hôpital régional de fouchana"
      },
      "geometry": {
        "type": "Point",
        "coordinates": [
          10.1696931,
          36.6974127
        ]
      },
      "id": "node/11217986872"
    },
    {
      "type": "Feature",
      "properties": {
        "@id": "node/11223466688",
        "amenity": "hospital",
        "healthcare": "hospital",
        "name": "مستشفى بانيو"
      },
      "geometry": {
        "type": "Point",
        "coordinates": [
          -5.5146489,
          33.9032974
        ]
      },
      "id": "node/11223466688"
    },
    {
      "type": "Feature",
      "properties": {
        "@id": "node/11242294480",
        "abandoned": "yes",
        "amenity": "hospital",
        "description": "الدمار و الخراب يسود المكان",
        "healthcare": "hospital",
        "name": "مستشفى بن صميم",
        "ruins:building": "yes"
      },
      "geometry": {
        "type": "Point",
        "coordinates": [
          -5.1681919,
          33.4980278
        ]
      },
      "id": "node/11242294480"
    },
    {
      "type": "Feature",
      "properties": {
        "@id": "node/11245299924",
        "amenity": "hospital",
        "healthcare": "hospital",
        "healthcare:speciality": "fertility",
        "name": "المركز الصحي ويسلان 2"
      },
      "geometry": {
        "type": "Point",
        "coordinates": [
          -5.4903978,
          33.9084211
        ]
      },
      "id": "node/11245299924"
    },
    {
      "type": "Feature",
      "properties": {
        "@id": "node/11278964169",
        "addr:postcode": "17000",
        "amenity": "hospital",
        "name": "مستشفى العقيد احمد بن شريف لمرضى السرطان",
        "name:fr": "Hôpital Ahmed Ben Cherif des malades du cancer",
        "opening_hours": "Sa-We 08:00-16:00"
      },
      "geometry": {
        "type": "Point",
        "coordinates": [
          3.273903,
          34.6965156
        ]
      },
      "id": "node/11278964169"
    },
    {
      "type": "Feature",
      "properties": {
        "@id": "node/11299533778",
        "amenity": "hospital",
        "check_date": "2023-10-30",
        "healthcare": "hospital",
        "name": "Edificio Administración Y Mantenimiento Hospital"
      },
      "geometry": {
        "type": "Point",
        "coordinates": [
          -5.9780052,
          37.3641701
        ]
      },
      "id": "node/11299533778"
    },
    {
      "type": "Feature",
      "properties": {
        "@id": "node/11314407770",
        "addr:postcode": "17079",
        "amenity": "hospital",
        "name": "عيادة متعددة الخدمات الوئام",
        "name:fr": "Polyclinique El-wiam",
        "opening_hours": "24/7"
      },
      "geometry": {
        "type": "Point",
        "coordinates": [
          3.2765084,
          34.6760679
        ]
      },
      "id": "node/11314407770"
    },
    {
      "type": "Feature",
      "properties": {
        "@id": "node/11357668144",
        "amenity": "hospital",
        "healthcare": "hospital",
        "name": "Optical Shop"
      },
      "geometry": {
        "type": "Point",
        "coordinates": [
          -6.9240534,
          30.9239015
        ]
      },
      "id": "node/11357668144"
    },
    {
      "type": "Feature",
      "properties": {
        "@id": "node/11394127169",
        "amenity": "hospital",
        "name": "قاعة علاج"
      },
      "geometry": {
        "type": "Point",
        "coordinates": [
          2.7712809,
          36.680812
        ]
      },
      "id": "node/11394127169"
    },
    {
      "type": "Feature",
      "properties": {
        "@id": "node/11405405969",
        "amenity": "hospital",
        "name": "قاعة علاج",
        "name:fr": "Salle de soins"
      },
      "geometry": {
        "type": "Point",
        "coordinates": [
          -1.0363253,
          34.9112261
        ]
      },
      "id": "node/11405405969"
    },
    {
      "type": "Feature",
      "properties": {
        "@id": "node/11417348625",
        "amenity": "hospital",
        "healthcare": "hospital",
        "name": "Ait ourir"
      },
      "geometry": {
        "type": "Point",
        "coordinates": [
          -7.6618097,
          31.5648056
        ]
      },
      "id": "node/11417348625"
    },
    {
      "type": "Feature",
      "properties": {
        "@id": "node/11483939469",
        "amenity": "hospital"
      },
      "geometry": {
        "type": "Point",
        "coordinates": [
          2.7950234,
          36.4837421
        ]
      },
      "id": "node/11483939469"
    },
    {
      "type": "Feature",
      "properties": {
        "@id": "node/11483947169",
        "amenity": "hospital"
      },
      "geometry": {
        "type": "Point",
        "coordinates": [
          2.7949971,
          36.4838796
        ]
      },
      "id": "node/11483947169"
    },
    {
      "type": "Feature",
      "properties": {
        "@id": "node/11510958381",
        "amenity": "hospital",
        "healthcare": "hospital",
        "name": "Hospital moulay Ismail"
      },
      "geometry": {
        "type": "Point",
        "coordinates": [
          -5.5463359,
          33.893774
        ]
      },
      "id": "node/11510958381"
    },
    {
      "type": "Feature",
      "properties": {
        "@id": "node/11520102956",
        "amenity": "hospital",
        "healthcare": "hospital"
      },
      "geometry": {
        "type": "Point",
        "coordinates": [
          -6.6262417,
          34.224404
        ]
      },
      "id": "node/11520102956"
    },
    {
      "type": "Feature",
      "properties": {
        "@id": "node/11594732101",
        "amenity": "hospital",
        "healthcare": "hospital"
      },
      "geometry": {
        "type": "Point",
        "coordinates": [
          -8.5219203,
          32.2487299
        ]
      },
      "id": "node/11594732101"
    },
    {
      "type": "Feature",
      "properties": {
        "@id": "node/11700829768",
        "addr:city": "Youssoufia ⵢⵓⵙⴼⵉⵢⴰ اليوسفية",
        "addr:housenumber": "12",
        "addr:postcode": "46300",
        "addr:street": "rue ibn sina quartier takaddoun",
        "amenity": "hospital",
        "description": "tous types de soins+injections+traitement des fractures",
        "emergency": "yes",
        "healthcare": "hospital",
        "healthcare:speciality": "infirmier_soins_injections",
        "name": "Infirmier à domicile",
        "operator": "ELLOUAD infirmier",
        "phone": "+212 6 70 05 62 27"
      },
      "geometry": {
        "type": "Point",
        "coordinates": [
          -8.5384158,
          32.2332171
        ]
      },
      "id": "node/11700829768"
    },
    {
      "type": "Feature",
      "properties": {
        "@id": "node/11700863625",
        "addr:city": "Youssoufia ⵢⵓⵙⴼⵉⵢⴰ اليوسفية",
        "addr:housenumber": "24",
        "addr:postcode": "46300",
        "addr:street": "quartier dakhla",
        "amenity": "hospital",
        "emergency": "yes",
        "healthcare": "hospital",
        "healthcare:speciality": "blood_check;traitement_des_factures;sérums;sutures;garde_malade",
        "name": "جميع العلاجات التمريضية اليوسفية",
        "operator": "هشام الفرملي",
        "operator:type": "private",
        "phone": "+212 6 70 05 62 27"
      },
      "geometry": {
        "type": "Point",
        "coordinates": [
          -8.5351106,
          32.2346169
        ]
      },
      "id": "node/11700863625"
    },
    {
      "type": "Feature",
      "properties": {
        "@id": "node/11700905797",
        "addr:city": "Youssoufia ⵢⵓⵙⴼⵉⵢⴰ اليوسفية",
        "addr:housenumber": "12",
        "addr:postcode": "46300",
        "addr:street": "QUARTIER HASSANI",
        "amenity": "hospital",
        "emergency": "yes",
        "fax": "+212 6 70 05 62 27",
        "healthcare": "hospital",
        "healthcare:speciality": "هشام_الفرملي_الجبيرةـ_السيروم_ـ",
        "name": "جميع العلاجات التمريضية اليوسفية",
        "operator": "جميع العلاجات التمريضية اليوسفية",
        "operator:type": "private",
        "phone": "+212 6 70 05 62 27"
      },
      "geometry": {
        "type": "Point",
        "coordinates": [
          -8.5238442,
          32.248714
        ]
      },
      "id": "node/11700905797"
    },
    {
      "type": "Feature",
      "properties": {
        "@id": "node/11700963470",
        "addr:city": "chemaia",
        "addr:postcode": "46053",
        "addr:street": "chef mbarek",
        "amenity": "hospital",
        "emergency": "yes",
        "healthcare": "hospital",
        "healthcare:speciality": "الجبيرةـ_السيروم_ـ",
        "name": "هشام الفرملي",
        "operator": "جميع العلاجات التمريضية اليوسفية",
        "operator:type": "private",
        "phone": "+212 6 70 05 62 27"
      },
      "geometry": {
        "type": "Point",
        "coordinates": [
          -8.6266709,
          32.0760205
        ]
      },
      "id": "node/11700963470"
    },
    {
      "type": "Feature",
      "properties": {
        "@id": "node/11700984956",
        "addr:city": "Echemmaia ⵛⵎⴰⵄⵉⵢⴰ الشماعية",
        "addr:housenumber": "12",
        "addr:place": "Echemmaia ⵛⵎⴰⵄⵉⵢⴰ الشماعية",
        "addr:postcode": "46053",
        "amenity": "hospital",
        "emergency": "yes",
        "healthcare": "hospital",
        "healthcare:speciality": "الجبيرةـ_السيروم_ـ",
        "name": "هشام الفرملي",
        "operator": "هشام الفرملي",
        "operator:type": "private",
        "phone": "+212 6 70 05 62 27"
      },
      "geometry": {
        "type": "Point",
        "coordinates": [
          -8.6267226,
          32.0780905
        ]
      },
      "id": "node/11700984956"
    },
    {
      "type": "Feature",
      "properties": {
        "@id": "node/11702318984",
        "addr:city": "CHP KHOURIBGA",
        "amenity": "hospital",
        "emergency": "yes",
        "healthcare": "hospital",
        "healthcare:speciality": "general",
        "name": "HOPITAL DE JOUR"
      },
      "geometry": {
        "type": "Point",
        "coordinates": [
          -6.905217,
          32.8917963
        ]
      },
      "id": "node/11702318984"
    },
    {
      "type": "Feature",
      "properties": {
        "@id": "node/11702318985",
        "addr:city": "chp khouribga",
        "amenity": "hospital",
        "healthcare": "hospital",
        "healthcare:speciality": "emergency",
        "name": "Service des urgences"
      },
      "geometry": {
        "type": "Point",
        "coordinates": [
          -6.9055456,
          32.8924455
        ]
      },
      "id": "node/11702318985"
    },
    {
      "type": "Feature",
      "properties": {
        "@id": "node/11704900486",
        "addr:city": "Youssoufia",
        "addr:postcode": "46300",
        "addr:street": "quartier amal",
        "amenity": "hospital",
        "emergency": "yes",
        "healthcare": "hospital",
        "healthcare:speciality": "polyvalent_garde_malade",
        "name": "infirmerie",
        "operator": "Hicham infirmier",
        "operator:type": "private",
        "phone": "+212 6 70 05 62 27"
      },
      "geometry": {
        "type": "Point",
        "coordinates": [
          -8.528899,
          32.2573017
        ]
      },
      "id": "node/11704900486"
    },
    {
      "type": "Feature",
      "properties": {
        "@id": "node/11704914866",
        "addr:city": "Youssoufia",
        "addr:postcode": "46300",
        "addr:street": "rue aguendis",
        "amenity": "hospital",
        "emergency": "yes",
        "healthcare": "hospital",
        "healthcare:speciality": "serum_et_traitement_des_fractures",
        "name": "Infirmerie tous type de soins",
        "operator": "ELLOUAD HICHAM",
        "operator:type": "private",
        "phone": "+212 6 70 05 62 27"
      },
      "geometry": {
        "type": "Point",
        "coordinates": [
          -8.5268569,
          32.260338
        ]
      },
      "id": "node/11704914866"
    },
    {
      "type": "Feature",
      "properties": {
        "@id": "node/11728736969",
        "amenity": "hospital",
        "name": "مستشفى عموشة",
        "name:fr": "hôpital amoucha"
      },
      "geometry": {
        "type": "Point",
        "coordinates": [
          5.4112672,
          36.3760495
        ]
      },
      "id": "node/11728736969"
    },
    {
      "type": "Feature",
      "properties": {
        "@id": "node/11746843793",
        "amenity": "hospital",
        "healthcare": "hospital",
        "name": "hopital de douar"
      },
      "geometry": {
        "type": "Point",
        "coordinates": [
          -5.7064525,
          32.9124129
        ]
      },
      "id": "node/11746843793"
    },
    {
      "type": "Feature",
      "properties": {
        "@id": "node/11860836308",
        "amenity": "hospital",
        "healthcare": "hospital",
        "name": "pharmacier"
      },
      "geometry": {
        "type": "Point",
        "coordinates": [
          7.3927627,
          35.7923614
        ]
      },
      "id": "node/11860836308"
    },
    {
      "type": "Feature",
      "properties": {
        "@id": "node/11883160558",
        "amenity": "hospital",
        "healthcare": "hospital"
      },
      "geometry": {
        "type": "Point",
        "coordinates": [
          4.7816239,
          36.0687876
        ]
      },
      "id": "node/11883160558"
    },
    {
      "type": "Feature",
      "properties": {
        "@id": "node/11897381669",
        "amenity": "hospital",
        "name": "Centro de salud, Viñuela",
        "name:en": "Health center, Viñuela"
      },
      "geometry": {
        "type": "Point",
        "coordinates": [
          -4.142385,
          36.8655459
        ]
      },
      "id": "node/11897381669"
    },
    {
      "type": "Feature",
      "properties": {
        "@id": "node/11942981566",
        "amenity": "hospital",
        "healthcare": "hospital",
        "name": "Hôpital Ali Aït Idir"
      },
      "geometry": {
        "type": "Point",
        "coordinates": [
          3.0584179,
          36.7874026
        ]
      },
      "id": "node/11942981566"
    },
    {
      "type": "Feature",
      "properties": {
        "@id": "node/12011939926",
        "amenity": "hospital",
        "healthcare": "hospital",
        "healthcare:speciality": "community",
        "name": "Hôpital"
      },
      "geometry": {
        "type": "Point",
        "coordinates": [
          9.0116366,
          33.6678843
        ]
      },
      "id": "node/12011939926"
    },
    {
      "type": "Feature",
      "properties": {
        "@id": "node/12015175569",
        "amenity": "hospital",
        "healthcare": "hospital",
        "name:fr": "rhumatologie"
      },
      "geometry": {
        "type": "Point",
        "coordinates": [
          -6.8700317,
          33.976422
        ]
      },
      "id": "node/12015175569"
    },
    {
      "type": "Feature",
      "properties": {
        "@id": "node/12103974875",
        "amenity": "hospital",
        "healthcare": "hospital"
      },
      "geometry": {
        "type": "Point",
        "coordinates": [
          5.398548,
          31.9584478
        ]
      },
      "id": "node/12103974875"
    },
    {
      "type": "Feature",
      "properties": {
        "@id": "node/12103979598",
        "amenity": "hospital",
        "healthcare": "hospital",
        "name": "العيادة متعددة الخدمات"
      },
      "geometry": {
        "type": "Point",
        "coordinates": [
          5.3867806,
          31.9592961
        ]
      },
      "id": "node/12103979598"
    },
    {
      "type": "Feature",
      "properties": {
        "@id": "node/12118900630",
        "amenity": "hospital",
        "healthcare": "hospital",
        "name": "Hôpital Provincial 20 Août"
      },
      "geometry": {
        "type": "Point",
        "coordinates": [
          -5.2144338,
          33.4392031
        ]
      },
      "id": "node/12118900630"
    },
    {
      "type": "Feature",
      "properties": {
        "@id": "node/12184781801",
        "addr:street": "Rue Iben El Haitham دربن ابن الهثم",
        "amenity": "hospital",
        "healthcare": "hospital",
        "name": "Hopital charifa",
        "opening_hours": "24/7",
        "outdoor_seating": "no"
      },
      "geometry": {
        "type": "Point",
        "coordinates": [
          -7.9660628,
          31.6067425
        ]
      },
      "id": "node/12184781801"
    },
    {
      "type": "Feature",
      "properties": {
        "@id": "node/12290450535",
        "addr:city": "Tunis",
        "addr:housenumber": "6",
        "addr:postcode": "1008",
        "addr:street": "Rue Sidi El Bechir",
        "amenity": "hospital",
        "contact:facebook": "https://www.facebook.com/profile.php?id=61566754815639&mibextid=LQQJ4d",
        "email": "attialina44@gmail.com",
        "healthcare": "hospital",
        "healthcare:speciality": "dentist",
        "level": "3",
        "name": "Cabinet dentaire Dr Lina Attia",
        "opening_hours": "Mo-Fr 09:00-18:00",
        "phone": "+21623422232"
      },
      "geometry": {
        "type": "Point",
        "coordinates": [
          10.176895,
          36.7923403
        ]
      },
      "id": "node/12290450535"
    },
    {
      "type": "Feature",
      "properties": {
        "@id": "node/12312754491",
        "amenity": "hospital",
        "healthcare": "hospital"
      },
      "geometry": {
        "type": "Point",
        "coordinates": [
          3.245227,
          36.7730211
        ]
      },
      "id": "node/12312754491"
    },
    {
      "type": "Feature",
      "properties": {
        "@id": "node/12439063344",
        "amenity": "hospital",
        "healthcare": "hospital",
        "name": "Dr BEKKOUCHE Dentiste"
      },
      "geometry": {
        "type": "Point",
        "coordinates": [
          6.1283942,
          36.3913589
        ]
      },
      "id": "node/12439063344"
    },
    {
      "type": "Feature",
      "properties": {
        "@id": "node/12458531012",
        "addr:city": "التحرير",
        "addr:postcode": "2000",
        "addr:street": "شارع المنجي سليم",
        "amenity": "hospital",
        "healthcare": "hospital",
        "name": "Centre médical AHLEM"
      },
      "geometry": {
        "type": "Point",
        "coordinates": [
          10.1200428,
          36.8272095
        ]
      },
      "id": "node/12458531012"
    },
    {
      "type": "Feature",
      "properties": {
        "@id": "node/12493615764",
        "amenity": "hospital",
        "name": "مستوصف جبل الريحان",
        "name:en": "jbal al reihan hospital",
        "opening_hours": "Tu 07:00-15:00"
      },
      "geometry": {
        "type": "Point",
        "coordinates": [
          9.661965,
          35.7716956
        ]
      },
      "id": "node/12493615764"
    },
    {
      "type": "Feature",
      "properties": {
        "@id": "node/12504888066",
        "amenity": "hospital",
        "healthcare": "hospital"
      },
      "geometry": {
        "type": "Point",
        "coordinates": [
          -5.9669875,
          37.3287963
        ]
      },
      "id": "node/12504888066"
    },
    {
      "type": "Feature",
      "properties": {
        "@id": "node/12526682360",
        "amenity": "hospital",
        "name": "regional hospital oueslatia"
      },
      "geometry": {
        "type": "Point",
        "coordinates": [
          9.5966014,
          35.8455144
        ]
      },
      "id": "node/12526682360"
    },
    {
      "type": "Feature",
      "properties": {
        "@id": "node/12526701227",
        "amenity": "hospital",
        "name": "regional hospital oueslatia"
      },
      "geometry": {
        "type": "Point",
        "coordinates": [
          9.5966014,
          35.8455144
        ]
      },
      "id": "node/12526701227"
    },
    {
      "type": "Feature",
      "properties": {
        "@id": "node/12729460358",
        "addr:city": "Tanger",
        "addr:housenumber": "Residence Zainab, num 8",
        "addr:street": "Place des Nations ساحة الأمم",
        "amenity": "hospital",
        "fax": "+212 6 66 06 16 66",
        "healthcare": "hospital",
        "healthcare:speciality": "dentist;orthodontics;dental_oral_maxillo_facial_surgery;clinic",
        "level": "0",
        "name": "APEX Dental Clinic"
      },
      "geometry": {
        "type": "Point",
        "coordinates": [
          -5.8046245,
          35.7757254
        ]
      },
      "id": "node/12729460358"
    },
    {
      "type": "Feature",
      "properties": {
        "@id": "node/12790544081",
        "amenity": "hospital",
        "emergency": "no",
        "healthcare": "hospital"
      },
      "geometry": {
        "type": "Point",
        "coordinates": [
          -7.1579558,
          32.4022293
        ]
      },
      "id": "node/12790544081"
    },
    {
      "type": "Feature",
      "properties": {
        "@id": "node/12803144478",
        "amenity": "hospital",
        "healthcare": "hospital",
        "name": "Dispensaire Issers"
      },
      "geometry": {
        "type": "Point",
        "coordinates": [
          3.6642005,
          36.7210059
        ]
      },
      "id": "node/12803144478"
    },
    {
      "type": "Feature",
      "properties": {
        "@id": "node/12815056754",
        "addr:city": "Larache",
        "addr:street": "Rue Moulay Mohammed Ben Abdallah",
        "amenity": "hospital",
        "fax": "0567890734",
        "healthcare": "hospital",
        "healthcare:speciality": "général",
        "name": "Hôpital Princesse Lalla Meriem",
        "operator:type": "public"
      },
      "geometry": {
        "type": "Point",
        "coordinates": [
          -6.1568307,
          35.1857703
        ]
      },
      "id": "node/12815056754"
    },
    {
      "type": "Feature",
      "properties": {
        "@id": "node/12815139758",
        "addr:city": "Larache",
        "addr:street": "Avenue Mehdi Ibn Toumert, Larache, Maroc",
        "amenity": "hospital",
        "fax": "+212 5 39 50 04 03",
        "healthcare": "hospital",
        "name": "Polyclinique Lixus",
        "operator:type": "private"
      },
      "geometry": {
        "type": "Point",
        "coordinates": [
          -6.1463313,
          35.1806608
        ]
      },
      "id": "node/12815139758"
    },
    {
      "type": "Feature",
      "properties": {
        "@id": "node/12815486724",
        "addr:city": "Ouazzane ⵡⴰⵣⴰⵏ وزان",
        "amenity": "hospital",
        "emergency": "yes",
        "healthcare": "hospital",
        "healthcare:speciality": "general",
        "name": "Projet Centre Hospitalier Provincial d'Ouezzane"
      },
      "geometry": {
        "type": "Point",
        "coordinates": [
          -5.5597105,
          34.8036143
        ]
      },
      "id": "node/12815486724"
    },
    {
      "type": "Feature",
      "properties": {
        "@id": "node/12815486726",
        "addr:city": "Ouazzane ⵡⴰⵣⴰⵏ وزان",
        "addr:street": "QCXC+2F7, Ouazzane",
        "amenity": "hospital",
        "healthcare": "hospital",
        "healthcare:speciality": "general",
        "name": "Centre de Santé Urbain المركز الصحي الحضري",
        "operator": "Centre de santé",
        "operator:type": "public"
      },
      "geometry": {
        "type": "Point",
        "coordinates": [
          -5.5789704,
          34.7974555
        ]
      },
      "id": "node/12815486726"
    },
    {
      "type": "Feature",
      "properties": {
        "@id": "node/12815486727",
        "addr:city": "Ouazzane ⵡⴰⵣⴰⵏ وزان",
        "amenity": "hospital",
        "healthcare": "hospital",
        "healthcare:speciality": "general",
        "name": "Centre de Santé Urbain 9 Juillet",
        "operator": "Ministère de la Santé Maroc",
        "operator:type": "public"
      },
      "geometry": {
        "type": "Point",
        "coordinates": [
          -5.5767769,
          34.8017803
        ]
      },
      "id": "node/12815486727"
    },
    {
      "type": "Feature",
      "properties": {
        "@id": "node/12815486728",
        "addr:city": "Ouazzane وزان",
        "amenity": "hospital",
        "healthcare": "hospital",
        "name": "مصحة متعددة الاختصاصات وزان دار الضمانة",
        "operator": "clinic",
        "operator:type": "private"
      },
      "geometry": {
        "type": "Point",
        "coordinates": [
          -5.5644632,
          34.7965183
        ]
      },
      "id": "node/12815486728"
    },
    {
      "type": "Feature",
      "properties": {
        "@id": "node/12815516503",
        "addr:city": "Ouazzane ⵡⴰⵣⴰⵏ وزان",
        "amenity": "hospital",
        "healthcare": "hospital",
        "healthcare:speciality": "general",
        "name": "Hôpital Abou El Kacem Zahraoui_Ouazzane مستشفى أبو القاسم الزهراوي وزان",
        "operator": "hospital",
        "operator:type": "public"
      },
      "geometry": {
        "type": "Point",
        "coordinates": [
          -5.5882348,
          34.7990076
        ]
      },
      "id": "node/12815516503"
    },
    {
      "type": "Feature",
      "properties": {
        "@id": "node/12815618481",
        "addr:city": "Assilah",
        "addr:street": "Avenue du 2 Mars",
        "amenity": "hospital",
        "healthcare": "hospital",
        "name": "Hôpital",
        "operator": "hopital",
        "operator:type": "public"
      },
      "geometry": {
        "type": "Point",
        "coordinates": [
          -6.0269395,
          35.4647749
        ]
      },
      "id": "node/12815618481"
    },
    {
      "type": "Feature",
      "properties": {
        "@id": "node/12815701962",
        "addr:city": "Assilah",
        "addr:street": "Avenue Ibn Rochd شارع ابن رشد",
        "amenity": "hospital",
        "healthcare": "hospital",
        "name": "Hôpital Le Croissant Rouge d'Asilah",
        "operator": "hopital",
        "operator:type": "public"
      },
      "geometry": {
        "type": "Point",
        "coordinates": [
          -6.0344082,
          35.4677114
        ]
      },
      "id": "node/12815701962"
    },
    {
      "type": "Feature",
      "properties": {
        "@id": "node/12846726229",
        "addr:city": "Al Hoceima",
        "addr:street": "Rue l'Egypte",
        "amenity": "hospital",
        "healthcare": "hospital",
        "name": "C. d'oncologie d'Al Hoceima"
      },
      "geometry": {
        "type": "Point",
        "coordinates": [
          -3.928308,
          35.2373441
        ]
      },
      "id": "node/12846726229"
    },
    {
      "type": "Feature",
      "properties": {
        "@id": "node/12846991817",
        "addr:city": "Tanger",
        "addr:street": "Rue Aboubakr Razi",
        "amenity": "hospital",
        "fax": "+212 5 39 34 04 04",
        "healthcare": "hospital",
        "name": "Clinique Tingis",
        "operator": "clinic",
        "operator:type": "private"
      },
      "geometry": {
        "type": "Point",
        "coordinates": [
          -5.8072381,
          35.7708912
        ]
      },
      "id": "node/12846991817"
    },
    {
      "type": "Feature",
      "properties": {
        "@id": "node/12883269740",
        "addr:city": "أريانة",
        "addr:postcode": "1001",
        "addr:street": "نهج جبران خليل جبران",
        "amenity": "hospital",
        "healthcare": "hospital",
        "name": "مركز الصحة بحي إنسيم",
        "name:aeb": "مركز الصحة بحي إنسيم",
        "name:ar": "مركز الصحة بحي إنسيم",
        "name:fr": "centre de santé de base cité Nassim",
        "operator": "centre",
        "operator:type": "public"
      },
      "geometry": {
        "type": "Point",
        "coordinates": [
          10.1990583,
          36.8767262
        ]
      },
      "id": "node/12883269740"
    },
    {
      "type": "Feature",
      "properties": {
        "@id": "node/12915652612",
        "amenity": "hospital",
        "check_date": "2025-06-15",
        "healthcare": "hospital",
        "image": "https://static.lematin.ma/files/lematin/images/articles/2022/09/82b48d817e2b34d2600be8ada8a60f2b.jpg",
        "name": "Hôpital Privé International de Casablanca المستشفى الخاص الدولي للدار البيضاء",
        "name:ar": "المستشفى الخاص الدولي للدار البيضاء",
        "name:fr": "Hôpital Privé International de Casablanca",
        "operator:type": "private",
        "short_name:fr": "HPIC"
      },
      "geometry": {
        "type": "Point",
        "coordinates": [
          -7.6403102,
          33.5819777
        ]
      },
      "id": "node/12915652612"
    },
    {
      "type": "Feature",
      "properties": {
        "@id": "node/12942726106",
        "addr:city": "Batna",
        "amenity": "hospital",
        "healthcare": "hospital",
        "name": "projet centre des autistes"
      },
      "geometry": {
        "type": "Point",
        "coordinates": [
          6.1709932,
          35.5495817
        ]
      },
      "id": "node/12942726106"
    },
    {
      "type": "Feature",
      "properties": {
        "@id": "node/13006074098",
        "addr:city": "casablanca",
        "amenity": "hospital",
        "emergency": "yes",
        "healthcare": "hospital",
        "healthcare:speciality": "emergency;radiology;intensive",
        "name": "Akdital oasis",
        "operator": "Clininique Akdital",
        "operator:type": "private",
        "wheelchair": "yes"
      },
      "geometry": {
        "type": "Point",
        "coordinates": [
          -7.6293283,
          33.5606808
        ]
      },
      "id": "node/13006074098"
    },
    {
      "type": "Feature",
      "properties": {
        "@id": "node/13015292526",
        "amenity": "hospital",
        "name": "Polyclinic Dine Djelloul"
      },
      "geometry": {
        "type": "Point",
        "coordinates": [
          1.1324072,
          34.8002679
        ]
      },
      "id": "node/13015292526"
    },
    {
      "type": "Feature",
      "properties": {
        "@id": "node/13037150162",
        "amenity": "hospital",
        "name": "مركز تصفية الدم"
      },
      "geometry": {
        "type": "Point",
        "coordinates": [
          1.9494832,
          34.2963821
        ]
      },
      "id": "node/13037150162"
    },
    {
      "type": "Feature",
      "properties": {
        "@id": "node/13037150165",
        "amenity": "hospital",
        "name": "المؤسسة العمومية للصحة الجوارية قلتة سيدي سعد"
      },
      "geometry": {
        "type": "Point",
        "coordinates": [
          1.94929,
          34.2967632
        ]
      },
      "id": "node/13037150165"
    },
    {
      "type": "Feature",
      "properties": {
        "@id": "node/13043823128",
        "amenity": "hospital",
        "healthcare": "hospital",
        "name": "مركز صحي",
        "name:ar": "مركز صحي"
      },
      "geometry": {
        "type": "Point",
        "coordinates": [
          0.9823135,
          34.7547476
        ]
      },
      "id": "node/13043823128"
    },
    {
      "type": "Feature",
      "properties": {
        "@id": "node/13045373904",
        "addr:city": "سوسة",
        "addr:postcode": "4051",
        "addr:street": "شارع زهير بن أبي سلمى",
        "amenity": "hospital",
        "emergency": "yes",
        "healthcare": "hospital",
        "healthcare:speciality": "nephrology",
        "name": "cantre de dyalise"
      },
      "geometry": {
        "type": "Point",
        "coordinates": [
          10.6052634,
          35.8538177
        ]
      },
      "id": "node/13045373904"
    },
    {
      "type": "Feature",
      "properties": {
        "@id": "node/13057214058",
        "amenity": "hospital",
        "name": "مستشفى محمد بوضياف"
      },
      "geometry": {
        "type": "Point",
        "coordinates": [
          1.7687157,
          35.4332932
        ]
      },
      "id": "node/13057214058"
    },
    {
      "type": "Feature",
      "properties": {
        "@id": "node/13057792339",
        "amenity": "hospital",
        "name": "Epsp ain dzarit - عيادة صحية"
      },
      "geometry": {
        "type": "Point",
        "coordinates": [
          1.6688034,
          35.3543712
        ]
      },
      "id": "node/13057792339"
    },
    {
      "type": "Feature",
      "properties": {
        "@id": "node/13060807979",
        "addr:city": "Tanger طنجة",
        "addr:postcode": "90000",
        "addr:street": "Avenue Al Quds شارع القدس",
        "amenity": "hospital",
        "emergency": "yes",
        "healthcare": "hospital",
        "healthcare:speciality": "dentist;dentistry",
        "loc_name": "La Symphony Dental Centre",
        "mobile": "+212 6 68 67 98 11",
        "name": "La Symphony Dental Centre",
        "opening_hours": "Mo-Su 09:00-21:00",
        "website": "https://lasymphonydental.com/"
      },
      "geometry": {
        "type": "Point",
        "coordinates": [
          -5.7989835,
          35.7493705
        ]
      },
      "id": "node/13060807979"
    },
    {
      "type": "Feature",
      "properties": {
        "@id": "node/13067630487",
        "addr:city": "Tanger",
        "addr:postcode": "90060",
        "addr:street": "Rue de Fès",
        "amenity": "hospital",
        "emergency": "no",
        "healthcare": "hospital",
        "name": "Centre de Santé Said Noussairi",
        "name:ar": "المركز الصحي سعيد النصيري",
        "phone": "+212 6 63 61 32 42"
      },
      "geometry": {
        "type": "Point",
        "coordinates": [
          -5.8146093,
          35.7706014
        ]
      },
      "id": "node/13067630487"
    },
    {
      "type": "Feature",
      "properties": {
        "@id": "node/13149137101",
        "addr:street": "Boulevard du 11 Décembre 1960",
        "amenity": "hospital",
        "email": "communication@cliniqueduval.org",
        "name": "Clinique du Val",
        "phone": "3301 021 98 31 60",
        "website": "https://clinique-du-val.com"
      },
      "geometry": {
        "type": "Point",
        "coordinates": [
          3.0253798,
          36.7583064
        ]
      },
      "id": "node/13149137101"
    },
    {
      "type": "Feature",
      "properties": {
        "@id": "node/13179386469",
        "addr:street": "Boulevard Abderrahim Bouabid",
        "amenity": "hospital",
        "healthcare": "hospital",
        "name": "Clinique Attal",
        "source": "Kaart Ground Survey 2018"
      },
      "geometry": {
        "type": "Point",
        "coordinates": [
          -7.637683,
          33.55864
        ]
      },
      "id": "node/13179386469"
    },
    {
      "type": "Feature",
      "properties": {
        "@id": "node/13205221671",
        "addr:street": "Rue Ibnou Majat",
        "amenity": "hospital",
        "healthcare": "hospital",
        "name": "Clinique Socrate",
        "source": "Kaart Ground Survey 2018"
      },
      "geometry": {
        "type": "Point",
        "coordinates": [
          -7.6472013,
          33.5788058
        ]
      },
      "id": "node/13205221671"
    },
    {
      "type": "Feature",
      "properties": {
        "@id": "node/13239670915",
        "amenity": "hospital",
        "healthcare": "hospital",
        "name": "مركز طب الادمان Centre d'Addictologie, Meknès"
      },
      "geometry": {
        "type": "Point",
        "coordinates": [
          -5.5766481,
          33.8943596
        ]
      },
      "id": "node/13239670915"
    },
    {
      "type": "Feature",
      "properties": {
        "@id": "node/13248823814",
        "addr:city": "sidi ali belkacem",
        "amenity": "hospital",
        "healthcare": "hospital",
        "healthcare:speciality": "general",
        "internet_access": "yes",
        "name": "centre sante fom oued"
      },
      "geometry": {
        "type": "Point",
        "coordinates": [
          -2.9749963,
          34.0763209
        ]
      },
      "id": "node/13248823814"
    },
    {
      "type": "Feature",
      "properties": {
        "@id": "node/13375210709",
        "amenity": "hospital",
        "healthcare": "hospital",
        "name": "مستشفى آيت زكان",
        "name:ar": "مستشفى آيت زكان"
      },
      "geometry": {
        "type": "Point",
        "coordinates": [
          -4.9800419,
          31.1135531
        ]
      },
      "id": "node/13375210709"
    },
    {
      "type": "Feature",
      "properties": {
        "@id": "node/13408843502",
        "amenity": "hospital",
        "name": "Polyclinique Belgaid",
        "opening_hours": "24/7"
      },
      "geometry": {
        "type": "Point",
        "coordinates": [
          -0.5405731,
          35.7452965
        ]
      },
      "id": "node/13408843502"
    },
    {
      "type": "Feature",
      "properties": {
        "@id": "node/13457419111",
        "amenity": "hospital",
        "healthcare": "hospital",
        "name": "Centro Regional de Tranfusión Sanguínea"
      },
      "geometry": {
        "type": "Point",
        "coordinates": [
          -3.6088445,
          37.1892416
        ]
      },
      "id": "node/13457419111"
    },
    {
      "type": "Feature",
      "properties": {
        "@id": "node/13495014970",
        "amenity": "hospital",
        "name": "قاعة العلاج خميستي"
      },
      "geometry": {
        "type": "Point",
        "coordinates": [
          -0.5781148,
          35.7294789
        ]
      },
      "id": "node/13495014970"
    },
    {
      "type": "Feature",
      "properties": {
        "@id": "node/13534382136",
        "amenity": "hospital",
        "description": "Small hospital. May not offer all services.\nIn case of emergency call 911 or 150 for medical and Fire",
        "healthcare": "hospital",
        "name": "Hospital of Sidi Rahal - مستشفى سيدي رحال"
      },
      "geometry": {
        "type": "Point",
        "coordinates": [
          -7.9603643,
          33.4738277
        ]
      },
      "id": "node/13534382136"
    },
    {
      "type": "Feature",
      "properties": {
        "@id": "node/13584854802",
        "amenity": "hospital",
        "name": "عيادة متعددة الخدمات خنيش قويدر"
      },
      "geometry": {
        "type": "Point",
        "coordinates": [
          3.5132601,
          34.1451595
        ]
      },
      "id": "node/13584854802"
    },
    {
      "type": "Feature",
      "properties": {
        "@id": "node/13585195602",
        "amenity": "hospital",
        "name": "عيادة متعددة الخدمات خنيش قويدر"
      },
      "geometry": {
        "type": "Point",
        "coordinates": [
          3.5140853,
          34.1451871
        ]
      },
      "id": "node/13585195602"
    },
    {
      "type": "Feature",
      "properties": {
        "@id": "node/13645323945",
        "addr:city": "Oujda وجدة",
        "addr:housename": "Bd Mohammed Ben Lakhdar, Résidence Achark, à côté de la Clinique Achark, 3ᵉ étage, Bureau 8, Oujda 60000",
        "addr:postcode": "60000",
        "amenity": "hospital",
        "emergency": "yes",
        "healthcare": "hospital",
        "healthcare:speciality": "urology",
        "internet_access": "yes",
        "level": "3",
        "mobile": "+212 7 08 95 05 55",
        "name": "Dr JROUNDI Hatim urologue oujda",
        "name:ar": "الدكتور حاتم الجرندي",
        "name:fr": "Dr JROUNDI Hatim",
        "payment:cash": "yes",
        "payment:credit_cards": "yes",
        "phone": "+212 5 36 68 43 93",
        "wheelchair": "yes"
      },
      "geometry": {
        "type": "Point",
        "coordinates": [
          -1.9233158,
          34.675126
        ]
      },
      "id": "node/13645323945"
    },
    {
      "type": "Feature",
      "properties": {
        "@id": "node/13695727501",
        "amenity": "hospital",
        "emergency": "yes",
        "healthcare": "hospital",
        "healthcare:speciality": "urgency",
        "name": "Serviço De Urgência",
        "operator": "Hospital de Faro, E.P.E.",
        "operator:type": "public"
      },
      "geometry": {
        "type": "Point",
        "coordinates": [
          -7.9291671,
          37.0248142
        ]
      },
      "id": "node/13695727501"
    },
    {
      "type": "Feature",
      "properties": {
        "@id": "node/13697849845",
        "amenity": "hospital",
        "healthcare": "hospital",
        "name": "Moulay Abdellah"
      },
      "geometry": {
        "type": "Point",
        "coordinates": [
          -6.75359,
          34.0263046
        ]
      },
      "id": "node/13697849845"
    },
    {
      "type": "Feature",
      "properties": {
        "@id": "node/13713262540",
        "addr:street": "Village Kantidja",
        "amenity": "hospital",
        "healthcare": "hospital",
        "name": "Salle de soins Frères SEBAOUI KANTIDJA"
      },
      "geometry": {
        "type": "Point",
        "coordinates": [
          3.9162394,
          36.6178789
        ]
      },
      "id": "node/13713262540"
    },
    {
      "type": "Feature",
      "properties": {
        "@id": "node/13713262541",
        "addr:street": "village kantidja Boumahni",
        "amenity": "hospital",
        "healthcare": "hospital",
        "name": "salle de soins Frères SEBAOUI KANTIDJA"
      },
      "geometry": {
        "type": "Point",
        "coordinates": [
          3.9145873,
          36.6173628
        ]
      },
      "id": "node/13713262541"
    },
    {
      "type": "Feature",
      "properties": {
        "@id": "node/13716260601",
        "amenity": "hospital",
        "name": "Polyclinique"
      },
      "geometry": {
        "type": "Point",
        "coordinates": [
          6.5637404,
          37.0067622
        ]
      },
      "id": "node/13716260601"
    },
    {
      "type": "Feature",
      "properties": {
        "@id": "node/13724090758",
        "amenity": "hospital",
        "healthcare": "hospital",
        "name": "Hospital dos Lusíadas",
        "operator:type": "private"
      },
      "geometry": {
        "type": "Point",
        "coordinates": [
          -7.9393232,
          37.0206011
        ]
      },
      "id": "node/13724090758"
    },
    {
      "type": "Feature",
      "properties": {
        "@id": "node/13731006454",
        "amenity": "hospital",
        "healthcare": "hospital",
        "name": "مشتشفى الحروق البليغة",
        "operator": "وزارة الصحة العمومية"
      },
      "geometry": {
        "type": "Point",
        "coordinates": [
          10.2121832,
          36.7470649
        ]
      },
      "id": "node/13731006454"
    },
    {
      "type": "Feature",
      "properties": {
        "@id": "node/13743864901",
        "amenity": "hospital",
        "name": "Clinical Inéa Taounate مستشفى متخصص"
      },
      "geometry": {
        "type": "Point",
        "coordinates": [
          -4.6459826,
          34.5194273
        ]
      },
      "id": "node/13743864901"
    },
    {
      "type": "Feature",
      "properties": {
        "@id": "node/13745955205",
        "amenity": "hospital",
        "name": "أكديطال المصحة الدولية فاس",
        "name:fr": "Akdital Fès - Hôpital International de Fès"
      },
      "geometry": {
        "type": "Point",
        "coordinates": [
          -4.9875794,
          33.992445
        ]
      },
      "id": "node/13745955205"
    },
    {
      "type": "Feature",
      "properties": {
        "@id": "node/13749564603",
        "amenity": "hospital",
        "name": "المركز الصحي القروي البسابسة"
      },
      "geometry": {
        "type": "Point",
        "coordinates": [
          -4.7060296,
          34.2829919
        ]
      },
      "id": "node/13749564603"
    },
    {
      "type": "Feature",
      "properties": {
        "@id": "node/13755934403",
        "amenity": "hospital",
        "name": "مستشفى الوردزاغ"
      },
      "geometry": {
        "type": "Point",
        "coordinates": [
          -4.9683983,
          34.5344065
        ]
      },
      "id": "node/13755934403"
    },
    {
      "type": "Feature",
      "properties": {
        "@id": "node/13759022701",
        "amenity": "hospital",
        "name": "مستشفى المجاهد غالم"
      },
      "geometry": {
        "type": "Point",
        "coordinates": [
          0.6779834,
          36.3239124
        ]
      },
      "id": "node/13759022701"
    },
    {
      "type": "Feature",
      "properties": {
        "@id": "node/13760199101",
        "amenity": "hospital",
        "name": "مركز الزهراء للحجامة و العلاج البديل"
      },
      "geometry": {
        "type": "Point",
        "coordinates": [
          -5.2704884,
          35.6079982
        ]
      },
      "id": "node/13760199101"
    },
    {
      "type": "Feature",
      "properties": {
        "@id": "node/13762411301",
        "amenity": "hospital",
        "name": "المركز الصحي الحضري الدرادب",
        "name:fr": "Centre de Santé Urbain Dradeb"
      },
      "geometry": {
        "type": "Point",
        "coordinates": [
          -5.8343749,
          35.7872652
        ]
      },
      "id": "node/13762411301"
    },
    {
      "type": "Feature",
      "properties": {
        "@id": "node/13765658301",
        "amenity": "hospital",
        "name": "مستشفى العهد الجديد",
        "name:fr": "New Covenant Hospital"
      },
      "geometry": {
        "type": "Point",
        "coordinates": [
          -5.290814,
          35.624602
        ]
      },
      "id": "node/13765658301"
    },
    {
      "type": "Feature",
      "properties": {
        "@id": "node/13765775301",
        "amenity": "hospital",
        "name": "Centre Echifa De Kinésithérapie & Physiothérapie",
        "opening_hours": "Mo-Sa 09:00-01:00",
        "phone": "06 90 68 18 81"
      },
      "geometry": {
        "type": "Point",
        "coordinates": [
          -4.641901,
          34.548772
        ]
      },
      "id": "node/13765775301"
    },
    {
      "type": "Feature",
      "properties": {
        "@id": "node/13766599702",
        "amenity": "hospital",
        "name": "المركز الصحي القلعة",
        "opening_hours": "Mo-Fr 08:00-16:00"
      },
      "geometry": {
        "type": "Point",
        "coordinates": [
          -5.3298389,
          35.6809426
        ]
      },
      "id": "node/13766599702"
    },
    {
      "type": "Feature",
      "properties": {
        "@id": "node/13770363904",
        "amenity": "hospital",
        "name": "مصحة الرازي"
      },
      "geometry": {
        "type": "Point",
        "coordinates": [
          -5.826432,
          35.783576
        ]
      },
      "id": "node/13770363904"
    },
    {
      "type": "Feature",
      "properties": {
        "@id": "node/13779782207",
        "amenity": "hospital",
        "name": "Hôpital de Jour Martil"
      },
      "geometry": {
        "type": "Point",
        "coordinates": [
          -5.28817,
          35.619051
        ]
      },
      "id": "node/13779782207"
    },
    {
      "type": "Feature",
      "properties": {
        "@id": "node/13782825404",
        "amenity": "hospital",
        "name": "Centre santé jnanate"
      },
      "geometry": {
        "type": "Point",
        "coordinates": [
          -4.962336,
          34.071535
        ]
      },
      "id": "node/13782825404"
    },
    {
      "type": "Feature",
      "properties": {
        "@id": "node/13782825910",
        "amenity": "hospital",
        "name": "Clinique Taiba"
      },
      "geometry": {
        "type": "Point",
        "coordinates": [
          -4.99599,
          34.01737
        ]
      },
      "id": "node/13782825910"
    }
  ]
}